{"rows":[{"time":1327604270000,"yesterday":20,"today":23},{"time":1327607870000,"yesterday":26,"today":24},{"time":1327611470000,"yesterday":28,"today":25},{"time":1327615070000,"yesterday":30,"today":23},{"time":1327618670000,"yesterday":25,"today":25},{"time":1327622270000,"yesterday":23,"today":19},{"time":1327625870000,"yesterday":21,"today":23},{"time":1327629470000,"yesterday":20,"today":15},{"time":1327633070000,"yesterday":25,"today":24},{"time":1327636670000,"yesterday":29,"today":25},{"time":1327640270000,"yesterday":27,"today":24},{"time":1327643870000,"yesterday":24,"today":24},{"time":1327647470000,"yesterday":30,"today":16},{"time":1327651070000,"yesterday":20,"today":15},{"time":1327654670000,"yesterday":26,"today":25},{"time":1327658270000,"yesterday":22,"today":22},{"time":1327661870000,"yesterday":28,"today":23},{"time":1327665470000,"yesterday":26,"today":20},{"time":1327669070000,"yesterday":28,"today":21},{"time":1327672670000,"yesterday":21,"today":22}],"success":true}