{"rows":[{"date":"2012-08-27","close":675.68,"open":679.99,"high":680.87,"low":673.54},{"date":"2012-08-28","close":674.8,"open":674.98,"high":676.1,"low":670.67},{"date":"2012-08-29","close":673.47,"open":675.25,"high":677.67,"low":672.6},{"date":"2012-08-30","close":663.87,"open":670.64,"high":671.55,"low":662.85},{"date":"2012-08-31","close":665.24,"open":667.25,"high":668.6,"low":657.25},{"date":"2012-09-04","close":674.97,"open":665.76,"high":675.14,"low":664.5},{"date":"2012-09-05","close":670.23,"open":675.57,"high":676.35,"low":669.6},{"date":"2012-09-06","close":676.27,"open":673.17,"high":678.29,"low":670.8},{"date":"2012-09-07","close":680.44,"open":678.05,"high":682.48,"low":675.77},{"date":"2012-09-10","close":662.74,"open":680.45,"high":683.29,"low":662.1},{"date":"2012-09-11","close":660.59,"open":665.11,"high":670.1,"low":656.5},{"date":"2012-09-12","close":669.79,"open":666.85,"high":669.9,"low":656},{"date":"2012-09-13","close":682.98,"open":677.37,"high":685.5,"low":674.77},{"date":"2012-09-14","close":691.28,"open":689.96,"high":696.98,"low":687.89},{"date":"2012-09-17","close":699.78,"open":699.35,"high":699.8,"low":694.61},{"date":"2012-09-18","close":701.91,"open":699.88,"high":702.33,"low":696.42},{"date":"2012-09-19","close":702.1,"open":700.26,"high":703.99,"low":699.57},{"date":"2012-09-20","close":698.7,"open":699.16,"high":700.06,"low":693.62}]}