-- phpMyAdmin SQL Dump
-- version 3.4.5
-- http://www.phpmyadmin.net
--
-- Host: localhost
-- Generation Time: Dec 11, 2012 at 03:20 AM
-- Server version: 5.5.16
-- PHP Version: 5.3.8

SET SQL_MODE="NO_AUTO_VALUE_ON_ZERO";
SET time_zone = "+00:00";


/*!40101 SET @OLD_CHARACTER_SET_CLIENT=@@CHARACTER_SET_CLIENT */;
/*!40101 SET @OLD_CHARACTER_SET_RESULTS=@@CHARACTER_SET_RESULTS */;
/*!40101 SET @OLD_COLLATION_CONNECTION=@@COLLATION_CONNECTION */;
/*!40101 SET NAMES utf8 */;

--
-- Database: `my_system`
--

DELIMITER $$
--
-- Functions
--
DROP FUNCTION IF EXISTS `getStatusBayar`$$
CREATE DEFINER=`root`@`localhost` FUNCTION `getStatusBayar`(status INT) RETURNS varchar(100) CHARSET latin1
BEGIN
     IF status = 0 THEN
        RETURN 'Belum membayar';
     ELSEIF status = 1 THEN
        RETURN 'Uang muka';
     ELSE
        RETURN 'Lunas';
     END IF;
END$$

DROP FUNCTION IF EXISTS `getUsertype`$$
CREATE DEFINER=`root`@`localhost` FUNCTION `getUsertype`(tipe int) RETURNS varchar(50) CHARSET latin1
BEGIN
DECLARE usrtype varchar(50);

IF tipe = 0 THEN
    RETURN 'Customer';
ELSEIF tipe = 1 THEN
    RETURN 'System Administrator';
END IF;
END$$

DROP FUNCTION IF EXISTS `lessPaid`$$
CREATE DEFINER=`root`@`localhost` FUNCTION `lessPaid`(totalBill int,amountPaid int) RETURNS int(11)
BEGIN
DECLARE total int;
SET total = totalBill - amountPaid;
IF total = totalBill THEN 
    RETURN 0;
ELSE
    RETURN totalBill - amountPaid;
END IF;
END$$

DELIMITER ;

-- --------------------------------------------------------

--
-- Table structure for table `access_rules`
--

DROP TABLE IF EXISTS `access_rules`;
CREATE TABLE IF NOT EXISTS `access_rules` (
  `id` int(11) NOT NULL AUTO_INCREMENT,
  `class_name` varchar(100) DEFAULT NULL,
  `method` varchar(100) DEFAULT NULL,
  PRIMARY KEY (`id`)
) ENGINE=InnoDB  DEFAULT CHARSET=latin1 AUTO_INCREMENT=59 ;

--
-- Dumping data for table `access_rules`
--

INSERT INTO `access_rules` (`id`, `class_name`, `method`) VALUES
(4, 'groups', ''),
(5, 'accessroles', ''),
(6, 'manages', ''),
(7, 'manages', 'getdatamanages'),
(8, 'dashboard', ''),
(9, 'acl', ''),
(10, 'dashboard', 'homepage'),
(11, 'accessroles', 'getdataroles'),
(12, 'dashboard', 'logout'),
(13, 'dashboard', 'aksesditolak'),
(14, 'manages', 'delete'),
(15, 'manages', 'edit'),
(16, 'manages', 'update_proses'),
(17, 'groups', 'getdatagroup'),
(18, 'manages', 'addnew'),
(19, 'groups', 'addnew'),
(20, 'groups', 'edit'),
(21, 'groups', 'update_proses'),
(22, 'groups', 'setmember'),
(23, 'groups', 'set_member'),
(24, 'accessroles', 'addnew'),
(25, 'accessroles', 'delete'),
(26, 'accessroles', 'edit'),
(27, 'accessroles', 'update_proses'),
(28, 'accessroles', 'setgroup'),
(29, 'accessroles', 'setgrant'),
(30, 'accessroles', 'set_prosess'),
(31, 'accessroles', 'set_grant_proses'),
(32, 'acl', 'getdataacl'),
(33, 'acl', 'addnew'),
(34, 'acl', 'delete'),
(35, 'acl', 'edit'),
(36, 'acl', 'update_proses'),
(37, 'acl', 'setacl'),
(38, 'acl', 'set_prosess'),
(39, 'customers', ''),
(40, 'customers', 'delete'),
(41, 'customers', 'edit'),
(42, 'customers', 'addnew'),
(43, 'groups', 'delete'),
(44, 'lapangan', 'addnew'),
(45, 'lapangan', ''),
(46, 'lapangan', 'delete'),
(47, 'lapangan', 'edit'),
(48, 'settings', ''),
(49, 'settings', 'edit'),
(50, 'booking', ''),
(51, 'booking', 'add'),
(52, 'report', ''),
(53, 'report', 'monthly'),
(54, 'report', 'customer'),
(55, 'billing', 'cetak'),
(56, 'billing', 'edit'),
(57, 'billing', 'delete'),
(58, 'billing', '');

-- --------------------------------------------------------

--
-- Table structure for table `bookings`
--

DROP TABLE IF EXISTS `bookings`;
CREATE TABLE IF NOT EXISTS `bookings` (
  `id` int(11) NOT NULL AUTO_INCREMENT,
  `id_customer` int(11) NOT NULL,
  `id_lapangan` int(11) NOT NULL,
  `time_start` datetime NOT NULL,
  `time_end` datetime NOT NULL,
  `duration` varchar(30) DEFAULT NULL,
  `jumlah_yang_dibayar` varchar(20) NOT NULL,
  `status_bayar` int(11) DEFAULT NULL COMMENT '0 (belum bayar), 1 (sudah bayar tapi kurang), 2 (lunas)',
  `total` bigint(20) DEFAULT NULL,
  `discount` int(11) NOT NULL,
  `tanggal_booking` datetime NOT NULL,
  `keterangan` text NOT NULL,
  PRIMARY KEY (`id`),
  KEY `id_lapangan` (`id_lapangan`),
  KEY `id_customer` (`id_customer`)
) ENGINE=InnoDB  DEFAULT CHARSET=latin1 AUTO_INCREMENT=88 ;

--
-- Dumping data for table `bookings`
--

INSERT INTO `bookings` (`id`, `id_customer`, `id_lapangan`, `time_start`, `time_end`, `duration`, `jumlah_yang_dibayar`, `status_bayar`, `total`, `discount`, `tanggal_booking`, `keterangan`) VALUES
(1, 6, 1, '2012-09-23 01:00:00', '2012-09-23 04:00:00', '0', '', 0, 0, 0, '0000-00-00 00:00:00', ''),
(2, 6, 1, '2012-09-26 06:30:00', '2012-09-26 06:30:00', '0', '', 0, 0, 0, '0000-00-00 00:00:00', ''),
(3, 6, 1, '2012-09-26 06:30:00', '2012-09-26 07:00:00', '0', '', 0, 0, 0, '0000-00-00 00:00:00', ''),
(4, 6, 2, '2012-09-26 00:00:00', '2012-09-26 02:00:00', '0', '', 0, 0, 0, '0000-00-00 00:00:00', ''),
(5, 6, 2, '2012-09-26 02:00:00', '2012-09-26 03:00:00', '0', '', 0, 0, 0, '0000-00-00 00:00:00', ''),
(6, 6, 2, '2012-09-26 03:30:00', '2012-09-26 04:00:00', '0', '', 0, 0, 0, '0000-00-00 00:00:00', ''),
(7, 6, 2, '2012-09-25 01:00:00', '2012-09-25 01:30:00', '0', '', 0, 0, 0, '0000-00-00 00:00:00', ''),
(8, 6, 2, '2012-09-25 02:15:00', '2012-09-25 03:15:00', '0', '', 0, 0, 0, '0000-00-00 00:00:00', ''),
(9, 6, 2, '2012-09-25 03:30:00', '2012-09-25 04:15:00', '0', '', 0, 0, 0, '0000-00-00 00:00:00', ''),
(10, 6, 2, '2012-09-26 06:30:00', '2012-09-26 07:30:00', '0', '', 0, 0, 0, '0000-00-00 00:00:00', ''),
(11, 6, 2, '2012-09-25 04:30:00', '2012-09-25 06:00:00', '0', '', 0, 0, 0, '0000-00-00 00:00:00', ''),
(12, 6, 2, '2012-09-25 02:30:00', '2012-09-25 03:00:00', '0', '', 0, 0, 0, '0000-00-00 00:00:00', ''),
(13, 6, 3, '2012-09-23 08:00:00', '2012-09-23 09:00:00', '0', '', 0, 0, 0, '0000-00-00 00:00:00', ''),
(14, 6, 3, '2012-09-23 09:00:00', '2012-09-23 10:00:00', '0', '', 0, 0, 0, '0000-00-00 00:00:00', ''),
(15, 6, 3, '2012-09-24 13:30:00', '2012-09-24 23:00:00', '0', '', 0, 0, 0, '0000-00-00 00:00:00', ''),
(26, 6, 1, '2012-09-30 02:00:00', '2012-09-30 03:00:00', '1 Jam ', '0', 0, 0, 0, '2012-10-05 09:45:17', 'belum bayar'),
(27, 16, 1, '2012-09-30 07:00:00', '2012-09-30 08:30:00', '1 Jam 30 Menit', '0', 0, 0, 0, '2012-10-05 09:46:56', ''),
(41, 6, 3, '2012-10-01 07:00:00', '2012-10-01 08:00:00', '1 Jam ', '0', 0, 0, 0, '2012-10-05 18:45:47', ''),
(42, 16, 3, '2012-10-01 08:00:00', '2012-10-01 09:00:00', '1 Jam ', '0', 0, 0, 0, '2012-10-05 18:46:03', ''),
(43, 6, 3, '2012-10-01 12:00:00', '2012-10-01 13:00:00', '1 Jam ', '0', 0, 0, 0, '2012-10-05 18:46:35', ''),
(47, 6, 3, '2012-10-07 00:00:00', '2012-10-07 07:00:00', '7 Jam ', '0', 0, 0, 0, '2012-10-06 14:43:31', ''),
(48, 6, 3, '2012-10-01 00:00:00', '2012-10-01 02:00:00', '2 Jam ', '0', 0, 0, 0, '2012-10-06 14:51:56', ''),
(50, 16, 1, '2012-10-10 07:00:00', '2012-10-10 10:00:00', '3 Jam ', '0', 0, 0, 0, '2012-10-10 18:00:49', 'Belum membayar'),
(51, 6, 1, '2012-10-09 23:00:00', '2012-10-09 09:00:00', '-14 Jam ', '120000', 2, 0, 0, '2012-10-10 18:01:19', 'xdfg'),
(52, 6, 2, '2012-10-08 07:00:00', '2012-10-08 09:00:00', '2 Jam ', '0', 0, 0, 0, '2012-10-12 18:14:16', 'SDasfd'),
(53, 6, 2, '2012-10-08 09:00:00', '2012-10-08 10:00:00', '1 Jam ', '0', 0, 0, 0, '2012-10-12 18:14:52', 'Tes'),
(55, 6, 2, '2012-10-08 10:00:00', '2012-10-08 11:00:00', '1 Jam ', '0', 0, 0, 0, '2012-10-12 18:29:32', 'ASf'),
(56, 6, 2, '2012-10-08 11:00:00', '2012-10-08 12:00:00', '1 Jam ', '0', 0, 0, 0, '2012-10-12 18:29:59', 'zsdg'),
(57, 6, 2, '2012-10-08 03:00:00', '2012-10-08 04:30:00', '1 Jam 30 Menit', '0', 0, 0, 0, '2012-10-13 13:30:27', 'ASZDAS'),
(58, 16, 2, '2012-10-08 02:30:00', '2012-10-08 03:00:00', ' 30 Menit', '0', 0, 0, 0, '2012-10-13 13:31:08', 'asfd'),
(60, 6, 2, '2012-10-09 02:30:00', '2012-10-09 04:30:00', '2 Jam ', '0', 0, 0, 0, '2012-10-13 13:47:39', 'lunas'),
(61, 6, 2, '2012-10-13 04:00:00', '2012-10-13 04:30:00', ' 30 Menit', '120000', 2, 0, 0, '2012-10-13 13:53:55', 'Lunas'),
(63, 6, 1, '2012-10-14 01:00:00', '2012-10-15 04:00:00', '27 Jam ', '0', 0, 0, 0, '2012-10-14 10:06:59', 'Belum membayar'),
(65, 6, 2, '2012-10-14 00:00:00', '2012-10-14 23:30:00', '23 Jam 30 Menit', '0', 0, 2400000, 0, '2012-10-14 17:22:12', 'Belum membayar'),
(66, 6, 1, '2012-10-16 05:30:00', '2012-10-16 07:30:00', '2 Jam ', '0', 0, 200000, 0, '2012-10-16 22:39:39', ''),
(67, 6, 2, '2012-10-18 00:00:00', '2012-10-19 12:00:00', '36 Jam ', '0', 0, 4500000, 0, '2012-10-18 23:44:02', ''),
(70, 16, 2, '2012-10-17 00:00:00', '2012-10-17 02:00:00', '2 Jam ', '0', 0, 240000, 0, '2012-10-18 23:53:40', ''),
(71, 16, 4, '2012-10-19 10:00:00', '2012-10-19 12:00:00', '2 Jam ', '100000', 1, 200000, 10, '2012-10-19 10:25:52', 'Uang muka 100000'),
(72, 16, 2, '2012-10-20 10:30:00', '2012-10-20 12:30:00', '2 Jam ', '0', 0, 255000, 0, '2012-10-20 00:04:14', 'Belum membayar'),
(73, 6, 2, '2012-10-21 06:00:00', '2012-10-21 08:00:00', '2 Jam ', '0', 2, 240000, 0, '2012-10-21 17:54:42', 'Lunas'),
(74, 6, 2, '2012-10-21 04:00:00', '2012-10-21 05:00:00', '1 Jam ', '0', 2, 120000, 0, '2012-10-21 18:24:02', 'Lunas'),
(75, 6, 2, '2012-10-21 00:30:00', '2012-10-21 02:00:00', '1 Jam 30 Menit', '0', 0, 180000, 10, '2012-10-21 19:23:24', 'Belum membayar'),
(78, 16, 2, '2012-10-21 02:00:00', '2012-10-21 03:00:00', '1 Jam ', '0', 2, 120000, 0, '2012-10-21 20:26:42', 'Lunas'),
(79, 16, 2, '2012-10-22 10:00:00', '2012-10-22 11:00:00', '1 Jam ', '0', 2, 120000, 10, '2012-10-22 18:40:39', 'lunas'),
(80, 18, 2, '2012-11-01 14:00:00', '2012-11-01 16:00:00', '2 Jam ', '100000', 1, 300000, 0, '2012-10-25 23:57:47', 'uang muka'),
(81, 18, 2, '2012-11-08 00:00:00', '2012-11-08 03:00:00', '3 Jam ', '0', 0, 360000, 0, '2012-10-25 23:59:49', 'belum bayar'),
(82, 18, 5, '2012-10-28 09:00:00', '2012-10-28 10:00:00', '1 Jam ', '0', 0, 240000, 0, '2012-10-28 22:43:56', 'Belum membayar'),
(83, 16, 2, '2012-11-03 10:00:00', '2012-11-03 13:00:00', '3 Jam ', '0', 0, 390000, 0, '2012-11-03 18:28:20', 'Belum membayar'),
(85, 16, 1, '2012-11-07 00:00:00', '2012-11-07 01:00:00', '1 Jam ', '0', 0, 100000, 0, '2012-11-07 13:33:25', ''),
(86, 6, 1, '2012-12-05 09:30:00', '2012-12-05 11:30:00', '2 Jam ', '0', 0, 200000, 10, '2012-12-05 21:25:54', 'Belum membayar'),
(87, 18, 1, '2012-12-05 13:00:00', '2012-12-05 14:00:00', '1 Jam ', '0', 0, 120000, 0, '2012-12-05 21:26:49', 'Belum membayar');

-- --------------------------------------------------------

--
-- Table structure for table `booking_time`
--

DROP TABLE IF EXISTS `booking_time`;
CREATE TABLE IF NOT EXISTS `booking_time` (
  `id` int(11) NOT NULL AUTO_INCREMENT,
  `booking_id` int(11) NOT NULL,
  `time_interval` datetime NOT NULL,
  PRIMARY KEY (`id`)
) ENGINE=InnoDB  DEFAULT CHARSET=latin1 AUTO_INCREMENT=616 ;

--
-- Dumping data for table `booking_time`
--

INSERT INTO `booking_time` (`id`, `booking_id`, `time_interval`) VALUES
(1, 1, '2012-09-23 01:00:00'),
(2, 1, '2012-09-23 01:30:00'),
(3, 1, '2012-09-23 02:00:00'),
(4, 1, '2012-09-23 02:30:00'),
(5, 1, '2012-09-23 03:00:00'),
(6, 1, '2012-09-23 03:30:00'),
(7, 1, '2012-09-23 04:00:00'),
(8, 2, '2012-09-26 06:30:00'),
(9, 3, '2012-09-26 06:30:00'),
(10, 3, '2012-09-26 07:00:00'),
(11, 4, '2012-09-26 00:00:00'),
(12, 4, '2012-09-26 00:30:00'),
(13, 4, '2012-09-26 01:00:00'),
(14, 4, '2012-09-26 01:30:00'),
(15, 4, '2012-09-26 02:00:00'),
(16, 5, '2012-09-26 02:00:00'),
(17, 5, '2012-09-26 02:30:00'),
(18, 5, '2012-09-26 03:00:00'),
(19, 6, '2012-09-26 03:30:00'),
(20, 6, '2012-09-26 04:00:00'),
(21, 7, '2012-09-25 01:00:00'),
(22, 7, '2012-09-25 01:30:00'),
(26, 9, '2012-09-25 03:30:00'),
(28, 9, '2012-09-25 04:00:00'),
(30, 10, '2012-09-26 06:30:00'),
(31, 10, '2012-09-26 07:00:00'),
(32, 10, '2012-09-26 07:30:00'),
(33, 11, '2012-09-25 04:30:00'),
(34, 11, '2012-09-25 05:00:00'),
(35, 11, '2012-09-25 05:30:00'),
(36, 11, '2012-09-25 06:00:00'),
(37, 12, '2012-09-25 02:30:00'),
(38, 12, '2012-09-25 03:00:00'),
(39, 13, '2012-09-23 08:00:00'),
(40, 13, '2012-09-23 08:30:00'),
(41, 13, '2012-09-23 09:00:00'),
(42, 14, '2012-09-23 09:00:00'),
(43, 14, '2012-09-23 09:30:00'),
(44, 14, '2012-09-23 10:00:00'),
(45, 15, '2012-09-24 13:30:00'),
(46, 15, '2012-09-24 14:00:00'),
(47, 15, '2012-09-24 14:30:00'),
(48, 15, '2012-09-24 15:00:00'),
(49, 15, '2012-09-24 15:30:00'),
(50, 15, '2012-09-24 16:00:00'),
(51, 15, '2012-09-24 16:30:00'),
(52, 15, '2012-09-24 17:00:00'),
(53, 15, '2012-09-24 17:30:00'),
(54, 15, '2012-09-24 18:00:00'),
(55, 15, '2012-09-24 18:30:00'),
(56, 15, '2012-09-24 19:00:00'),
(57, 15, '2012-09-24 19:30:00'),
(58, 15, '2012-09-24 20:00:00'),
(59, 15, '2012-09-24 20:30:00'),
(60, 15, '2012-09-24 21:00:00'),
(61, 15, '2012-09-24 21:30:00'),
(62, 15, '2012-09-24 22:00:00'),
(63, 15, '2012-09-24 22:30:00'),
(64, 15, '2012-09-24 23:00:00'),
(102, 26, '2012-09-30 02:00:00'),
(103, 26, '2012-09-30 02:30:00'),
(104, 26, '2012-09-30 03:00:00'),
(105, 27, '2012-09-30 07:00:00'),
(106, 27, '2012-09-30 07:30:00'),
(107, 27, '2012-09-30 08:00:00'),
(108, 27, '2012-09-30 08:30:00'),
(109, 28, '2012-09-30 07:00:00'),
(110, 28, '2012-09-30 07:30:00'),
(111, 28, '2012-09-30 08:00:00'),
(141, 38, '2012-10-01 10:00:00'),
(142, 38, '2012-10-01 10:30:00'),
(143, 39, '2012-10-01 12:00:00'),
(144, 39, '2012-10-01 12:30:00'),
(145, 40, '2012-10-01 07:00:00'),
(146, 41, '2012-10-01 07:00:00'),
(147, 41, '2012-10-01 07:30:00'),
(148, 42, '2012-10-01 08:00:00'),
(149, 42, '2012-10-01 08:30:00'),
(150, 43, '2012-10-01 12:00:00'),
(151, 43, '2012-10-01 12:30:00'),
(171, 47, '2012-10-07 00:00:00'),
(172, 47, '2012-10-07 00:30:00'),
(173, 47, '2012-10-07 01:00:00'),
(174, 47, '2012-10-07 01:30:00'),
(175, 47, '2012-10-07 02:00:00'),
(176, 47, '2012-10-07 02:30:00'),
(177, 47, '2012-10-07 03:00:00'),
(178, 47, '2012-10-07 03:30:00'),
(179, 47, '2012-10-07 04:00:00'),
(180, 47, '2012-10-07 04:30:00'),
(181, 47, '2012-10-07 05:00:00'),
(182, 47, '2012-10-07 05:30:00'),
(183, 47, '2012-10-07 06:00:00'),
(184, 47, '2012-10-07 06:30:00'),
(185, 48, '2012-10-01 00:00:00'),
(186, 48, '2012-10-01 00:30:00'),
(187, 48, '2012-10-01 01:00:00'),
(188, 48, '2012-10-01 01:30:00'),
(193, 50, '2012-10-10 07:00:00'),
(194, 50, '2012-10-10 07:30:00'),
(195, 50, '2012-10-10 08:00:00'),
(196, 50, '2012-10-10 08:30:00'),
(197, 50, '2012-10-10 09:00:00'),
(198, 50, '2012-10-10 09:30:00'),
(199, 52, '2012-10-08 07:00:00'),
(200, 52, '2012-10-08 07:30:00'),
(201, 52, '2012-10-08 08:00:00'),
(202, 52, '2012-10-08 08:30:00'),
(203, 53, '2012-10-08 09:00:00'),
(204, 53, '2012-10-08 09:30:00'),
(206, 55, '2012-10-08 10:00:00'),
(207, 55, '2012-10-08 10:30:00'),
(208, 56, '2012-10-08 11:00:00'),
(209, 56, '2012-10-08 11:30:00'),
(210, 57, '2012-10-08 03:00:00'),
(211, 57, '2012-10-08 03:30:00'),
(212, 57, '2012-10-08 04:00:00'),
(213, 58, '2012-10-08 02:30:00'),
(217, 60, '2012-10-09 02:30:00'),
(218, 60, '2012-10-09 03:00:00'),
(219, 60, '2012-10-09 03:30:00'),
(220, 60, '2012-10-09 04:00:00'),
(221, 61, '2012-10-13 04:00:00'),
(270, 63, '2012-10-14 01:00:00'),
(271, 63, '2012-10-14 01:30:00'),
(272, 63, '2012-10-14 02:00:00'),
(273, 63, '2012-10-14 02:30:00'),
(274, 63, '2012-10-14 03:00:00'),
(275, 63, '2012-10-14 03:30:00'),
(276, 63, '2012-10-14 04:00:00'),
(277, 63, '2012-10-14 04:30:00'),
(278, 63, '2012-10-14 05:00:00'),
(279, 63, '2012-10-14 05:30:00'),
(280, 63, '2012-10-14 06:00:00'),
(281, 63, '2012-10-14 06:30:00'),
(282, 63, '2012-10-14 07:00:00'),
(283, 63, '2012-10-14 07:30:00'),
(284, 63, '2012-10-14 08:00:00'),
(285, 63, '2012-10-14 08:30:00'),
(286, 63, '2012-10-14 09:00:00'),
(287, 63, '2012-10-14 09:30:00'),
(288, 63, '2012-10-14 10:00:00'),
(289, 63, '2012-10-14 10:30:00'),
(290, 63, '2012-10-14 11:00:00'),
(291, 63, '2012-10-14 11:30:00'),
(292, 63, '2012-10-14 12:00:00'),
(293, 63, '2012-10-14 12:30:00'),
(294, 63, '2012-10-14 13:00:00'),
(295, 63, '2012-10-14 13:30:00'),
(296, 63, '2012-10-14 14:00:00'),
(297, 63, '2012-10-14 14:30:00'),
(298, 63, '2012-10-14 15:00:00'),
(299, 63, '2012-10-14 15:30:00'),
(300, 63, '2012-10-14 16:00:00'),
(301, 63, '2012-10-14 16:30:00'),
(302, 63, '2012-10-14 17:00:00'),
(303, 63, '2012-10-14 17:30:00'),
(304, 63, '2012-10-14 18:00:00'),
(305, 63, '2012-10-14 18:30:00'),
(306, 63, '2012-10-14 19:00:00'),
(307, 63, '2012-10-14 19:30:00'),
(308, 63, '2012-10-14 20:00:00'),
(309, 63, '2012-10-14 20:30:00'),
(310, 63, '2012-10-14 21:00:00'),
(311, 63, '2012-10-14 21:30:00'),
(312, 63, '2012-10-14 22:00:00'),
(313, 63, '2012-10-14 22:30:00'),
(314, 63, '2012-10-14 23:00:00'),
(315, 63, '2012-10-14 23:30:00'),
(316, 63, '2012-10-15 00:00:00'),
(317, 63, '2012-10-15 00:30:00'),
(318, 63, '2012-10-15 01:00:00'),
(319, 63, '2012-10-15 01:30:00'),
(320, 63, '2012-10-15 02:00:00'),
(321, 63, '2012-10-15 02:30:00'),
(322, 63, '2012-10-15 03:00:00'),
(323, 63, '2012-10-15 03:30:00'),
(370, 65, '2012-10-14 00:00:00'),
(371, 65, '2012-10-14 00:30:00'),
(372, 65, '2012-10-14 01:00:00'),
(373, 65, '2012-10-14 01:30:00'),
(374, 65, '2012-10-14 02:00:00'),
(375, 65, '2012-10-14 02:30:00'),
(376, 65, '2012-10-14 03:00:00'),
(377, 65, '2012-10-14 03:30:00'),
(378, 65, '2012-10-14 04:00:00'),
(379, 65, '2012-10-14 04:30:00'),
(380, 65, '2012-10-14 05:00:00'),
(381, 65, '2012-10-14 05:30:00'),
(382, 65, '2012-10-14 06:00:00'),
(383, 65, '2012-10-14 06:30:00'),
(384, 65, '2012-10-14 07:00:00'),
(385, 65, '2012-10-14 07:30:00'),
(386, 65, '2012-10-14 08:00:00'),
(387, 65, '2012-10-14 08:30:00'),
(388, 65, '2012-10-14 09:00:00'),
(389, 65, '2012-10-14 09:30:00'),
(390, 65, '2012-10-14 10:00:00'),
(391, 65, '2012-10-14 10:30:00'),
(392, 65, '2012-10-14 11:00:00'),
(393, 65, '2012-10-14 11:30:00'),
(394, 65, '2012-10-14 12:00:00'),
(395, 65, '2012-10-14 12:30:00'),
(396, 65, '2012-10-14 13:00:00'),
(397, 65, '2012-10-14 13:30:00'),
(398, 65, '2012-10-14 14:00:00'),
(399, 65, '2012-10-14 14:30:00'),
(400, 65, '2012-10-14 15:00:00'),
(401, 65, '2012-10-14 15:30:00'),
(402, 65, '2012-10-14 16:00:00'),
(403, 65, '2012-10-14 16:30:00'),
(404, 65, '2012-10-14 17:00:00'),
(405, 65, '2012-10-14 17:30:00'),
(406, 65, '2012-10-14 18:00:00'),
(407, 65, '2012-10-14 18:30:00'),
(408, 65, '2012-10-14 19:00:00'),
(409, 65, '2012-10-14 19:30:00'),
(410, 65, '2012-10-14 20:00:00'),
(411, 65, '2012-10-14 20:30:00'),
(412, 65, '2012-10-14 21:00:00'),
(413, 65, '2012-10-14 21:30:00'),
(414, 65, '2012-10-14 22:00:00'),
(415, 65, '2012-10-14 22:30:00'),
(416, 65, '2012-10-14 23:00:00'),
(417, 66, '2012-10-16 05:30:00'),
(418, 66, '2012-10-16 06:00:00'),
(419, 66, '2012-10-16 06:30:00'),
(420, 66, '2012-10-16 07:00:00'),
(421, 67, '2012-10-18 00:00:00'),
(422, 67, '2012-10-18 00:30:00'),
(423, 67, '2012-10-18 01:00:00'),
(424, 67, '2012-10-18 01:30:00'),
(425, 67, '2012-10-18 02:00:00'),
(426, 67, '2012-10-18 02:30:00'),
(427, 67, '2012-10-18 03:00:00'),
(428, 67, '2012-10-18 03:30:00'),
(429, 67, '2012-10-18 04:00:00'),
(430, 67, '2012-10-18 04:30:00'),
(431, 67, '2012-10-18 05:00:00'),
(432, 67, '2012-10-18 05:30:00'),
(433, 67, '2012-10-18 06:00:00'),
(434, 67, '2012-10-18 06:30:00'),
(435, 67, '2012-10-18 07:00:00'),
(436, 67, '2012-10-18 07:30:00'),
(437, 67, '2012-10-18 08:00:00'),
(438, 67, '2012-10-18 08:30:00'),
(439, 67, '2012-10-18 09:00:00'),
(440, 67, '2012-10-18 09:30:00'),
(441, 67, '2012-10-18 10:00:00'),
(442, 67, '2012-10-18 10:30:00'),
(443, 67, '2012-10-18 11:00:00'),
(444, 67, '2012-10-18 11:30:00'),
(445, 67, '2012-10-18 12:00:00'),
(446, 67, '2012-10-18 12:30:00'),
(447, 67, '2012-10-18 13:00:00'),
(448, 67, '2012-10-18 13:30:00'),
(449, 67, '2012-10-18 14:00:00'),
(450, 67, '2012-10-18 14:30:00'),
(451, 67, '2012-10-18 15:00:00'),
(452, 67, '2012-10-18 15:30:00'),
(453, 67, '2012-10-18 16:00:00'),
(454, 67, '2012-10-18 16:30:00'),
(455, 67, '2012-10-18 17:00:00'),
(456, 67, '2012-10-18 17:30:00'),
(457, 67, '2012-10-18 18:00:00'),
(458, 67, '2012-10-18 18:30:00'),
(459, 67, '2012-10-18 19:00:00'),
(460, 67, '2012-10-18 19:30:00'),
(461, 67, '2012-10-18 20:00:00'),
(462, 67, '2012-10-18 20:30:00'),
(463, 67, '2012-10-18 21:00:00'),
(464, 67, '2012-10-18 21:30:00'),
(465, 67, '2012-10-18 22:00:00'),
(466, 67, '2012-10-18 22:30:00'),
(467, 67, '2012-10-18 23:00:00'),
(468, 67, '2012-10-18 23:30:00'),
(469, 67, '2012-10-19 00:00:00'),
(470, 67, '2012-10-19 00:30:00'),
(471, 67, '2012-10-19 01:00:00'),
(472, 67, '2012-10-19 01:30:00'),
(473, 67, '2012-10-19 02:00:00'),
(474, 67, '2012-10-19 02:30:00'),
(475, 67, '2012-10-19 03:00:00'),
(476, 67, '2012-10-19 03:30:00'),
(477, 67, '2012-10-19 04:00:00'),
(478, 67, '2012-10-19 04:30:00'),
(479, 67, '2012-10-19 05:00:00'),
(480, 67, '2012-10-19 05:30:00'),
(481, 67, '2012-10-19 06:00:00'),
(482, 67, '2012-10-19 06:30:00'),
(483, 67, '2012-10-19 07:00:00'),
(484, 67, '2012-10-19 07:30:00'),
(485, 67, '2012-10-19 08:00:00'),
(486, 67, '2012-10-19 08:30:00'),
(487, 67, '2012-10-19 09:00:00'),
(488, 67, '2012-10-19 09:30:00'),
(489, 67, '2012-10-19 10:00:00'),
(490, 67, '2012-10-19 10:30:00'),
(491, 67, '2012-10-19 11:00:00'),
(492, 67, '2012-10-19 11:30:00'),
(556, 70, '2012-10-17 00:00:00'),
(557, 70, '2012-10-17 00:30:00'),
(558, 70, '2012-10-17 01:00:00'),
(559, 70, '2012-10-17 01:30:00'),
(560, 71, '2012-10-19 10:00:00'),
(561, 71, '2012-10-19 10:30:00'),
(562, 71, '2012-10-19 11:00:00'),
(563, 71, '2012-10-19 11:30:00'),
(564, 72, '2012-10-20 10:30:00'),
(565, 72, '2012-10-20 11:00:00'),
(566, 72, '2012-10-20 11:30:00'),
(567, 72, '2012-10-20 12:00:00'),
(568, 73, '2012-10-21 06:00:00'),
(569, 73, '2012-10-21 06:30:00'),
(570, 73, '2012-10-21 07:00:00'),
(571, 73, '2012-10-21 07:30:00'),
(572, 74, '2012-10-21 04:00:00'),
(573, 74, '2012-10-21 04:30:00'),
(574, 75, '2012-10-21 00:30:00'),
(575, 75, '2012-10-21 01:00:00'),
(576, 75, '2012-10-21 01:30:00'),
(582, 78, '2012-10-21 02:00:00'),
(583, 78, '2012-10-21 02:30:00'),
(584, 79, '2012-10-22 10:00:00'),
(585, 79, '2012-10-22 10:30:00'),
(586, 80, '2012-11-01 14:00:00'),
(587, 80, '2012-11-01 14:30:00'),
(588, 80, '2012-11-01 15:00:00'),
(589, 80, '2012-11-01 15:30:00'),
(590, 81, '2012-11-08 00:00:00'),
(591, 81, '2012-11-08 00:30:00'),
(592, 81, '2012-11-08 01:00:00'),
(593, 81, '2012-11-08 01:30:00'),
(594, 81, '2012-11-08 02:00:00'),
(595, 81, '2012-11-08 02:30:00'),
(596, 82, '2012-10-28 09:00:00'),
(597, 82, '2012-10-28 09:30:00'),
(598, 83, '2012-11-03 10:00:00'),
(599, 83, '2012-11-03 10:30:00'),
(600, 83, '2012-11-03 11:00:00'),
(601, 83, '2012-11-03 11:30:00'),
(602, 83, '2012-11-03 12:00:00'),
(603, 83, '2012-11-03 12:30:00'),
(608, 85, '2012-11-07 00:00:00'),
(609, 85, '2012-11-07 00:30:00'),
(610, 86, '2012-12-05 09:30:00'),
(611, 86, '2012-12-05 10:00:00'),
(612, 86, '2012-12-05 10:30:00'),
(613, 86, '2012-12-05 11:00:00'),
(614, 87, '2012-12-05 13:00:00'),
(615, 87, '2012-12-05 13:30:00');

-- --------------------------------------------------------

--
-- Table structure for table `customers`
--

DROP TABLE IF EXISTS `customers`;
CREATE TABLE IF NOT EXISTS `customers` (
  `id` int(11) NOT NULL AUTO_INCREMENT,
  `no_ktp` varchar(40) NOT NULL,
  `nama` varchar(150) NOT NULL,
  `alamat` text,
  `gender` varchar(20) DEFAULT NULL,
  `no_telfon` varchar(30) DEFAULT NULL,
  `email` varchar(100) NOT NULL,
  `created` datetime DEFAULT NULL,
  PRIMARY KEY (`id`),
  UNIQUE KEY `no_ktp` (`no_ktp`)
) ENGINE=InnoDB  DEFAULT CHARSET=latin1 AUTO_INCREMENT=22 ;

--
-- Dumping data for table `customers`
--

INSERT INTO `customers` (`id`, `no_ktp`, `nama`, `alamat`, `gender`, `no_telfon`, `email`, `created`) VALUES
(5, '98794455', 'hikhk', 'jhkjhkhjk', 'Perempuan', '23343', '', '2012-09-20 13:37:21'),
(6, '12345678', 'Andrey derma putra', 'Bekasi utara', 'Laki-laki', '085711036241', 'andrey.derma@gmail.com', '2012-09-20 13:37:35'),
(7, '333', 'ddd', 'ddd', 'Perempuan', '3444', '', '2012-09-20 19:01:05'),
(8, '98798', 'gkjhk', 'hkjhkjh', 'Laki-laki', '333', '', '2012-09-20 19:01:32'),
(10, '33333333', 'dffd', 'dfdffd', 'Laki-laki', '434543', '', '2012-09-20 19:03:45'),
(11, '655', 'ggfg', 'fggfgf', 'Laki-laki', '9090', '', '2012-09-20 19:04:28'),
(12, '987989', 'khkj', 'hkjhkhk', 'Laki-laki', '43434343', '', '2012-09-20 19:05:13'),
(13, '435', 'sdgsdg', 'sdgsdg', 'Laki-laki', '346', '', '2012-09-23 15:40:22'),
(14, '325', 'sg', 'sdg', 'Laki-laki', '43', 'a@gaga.com', '2012-09-23 15:40:30'),
(15, '235', 'sdgs', 'dgsdg', 'laki-laki', '12324', 'andrey@gmail.com', '2012-09-23 15:41:07'),
(16, '654321', 'Putra', 'Jalan pegangsaan timur no 65 jakarta utara RT 09/025', 'laki-laki', '098709', 'haha@gmail.com', '2012-10-05 08:52:51'),
(17, '98798798798', 'bkmjbk', 'gkhk', 'laki-laki', 'w23235', 'a@gaga.com', '2012-10-10 17:39:29'),
(18, '7654321', 'Tester data', 'Jalan Ir juanda depok margonda', 'Perempuan', '02180890890', 'tes@ajacom', '2012-10-20 00:19:19'),
(19, '12312', 'asdad', 'asdds', 'Perempuan', '124', 'a@gaga.com', '2012-10-20 00:21:24'),
(20, '234235', 'wsfw', 'hklj', 'Laki-laki', 'zsdfsf', 'a@haha.com', '2012-10-28 23:07:58'),
(21, '3532', 'sdfsf', 'hhk', 'Laki-laki', '23235', 'aa@haha.com', '2012-10-28 23:25:39');

-- --------------------------------------------------------

--
-- Table structure for table `groups`
--

DROP TABLE IF EXISTS `groups`;
CREATE TABLE IF NOT EXISTS `groups` (
  `id` int(11) NOT NULL AUTO_INCREMENT,
  `code` varchar(30) NOT NULL,
  `name` varchar(255) NOT NULL,
  `created` datetime NOT NULL,
  PRIMARY KEY (`id`)
) ENGINE=InnoDB  DEFAULT CHARSET=latin1 AUTO_INCREMENT=6 ;

--
-- Dumping data for table `groups`
--

INSERT INTO `groups` (`id`, `code`, `name`, `created`) VALUES
(1, 'Developer', 'Web developers', '2012-09-18 16:59:15'),
(2, 'Admin', 'Web administrator', '2012-09-18 16:59:37'),
(5, 'USR', 'Customer', '2012-10-28 23:07:02');

-- --------------------------------------------------------

--
-- Table structure for table `lapangan`
--

DROP TABLE IF EXISTS `lapangan`;
CREATE TABLE IF NOT EXISTS `lapangan` (
  `id` int(11) NOT NULL AUTO_INCREMENT,
  `kode_lapangan` varchar(100) NOT NULL,
  `nama_lapangan` varchar(200) DEFAULT NULL,
  `harga_sewa_pagi` varchar(30) NOT NULL,
  `harga_sewa_siang` varchar(100) NOT NULL,
  `harga_sewa_malem` varchar(100) NOT NULL,
  `keterangan` text,
  PRIMARY KEY (`id`),
  UNIQUE KEY `kode_lapangan` (`kode_lapangan`)
) ENGINE=InnoDB  DEFAULT CHARSET=latin1 AUTO_INCREMENT=8 ;

--
-- Dumping data for table `lapangan`
--

INSERT INTO `lapangan` (`id`, `kode_lapangan`, `nama_lapangan`, `harga_sewa_pagi`, `harga_sewa_siang`, `harga_sewa_malem`, `keterangan`) VALUES
(1, 'LAP001', 'Lapangan 1', '100000|00:00:00|12:00:00', '120000|12:00:00|18:00:00', '200000|18:00:00|23:00:00', 'Ini lapangan sepak bola'),
(2, 'LAP002', 'Lapangan 2', '120000|00:00:00|12:00:00', '150000|12:00:00|18:00:00', '120000|18:00:00|00:00:00', 'Ini lapangan ke dua'),
(3, 'LAP003', 'Lapangan 3', '120000|05:00:00|12:00:00', '120000|05:00:00|12:00:00', '120000|05:00:00|12:00:00', 'lapangan bola 3'),
(4, 'LAP004', 'Lapangan 4', '100000|05:00:00|12:00:00', '150000|13:00:00|18:00:00', '180000|19:00:00|19:00:00', 'ini lapangan ke 4'),
(5, 'LAP005', 'Lapangan 5', '120000|05:00:00|12:00:00', '120000|05:00:00|12:00:00', '120000|05:00:00|12:00:00', 'Ini lapangan 5'),
(7, 'LAP006', 'Lapangan 6', '120000|05:00:00|12:00:00', '150000|13:00:00|18:00:00', '200000|19:00:00|19:00:00', 'Lapangan 6');

-- --------------------------------------------------------

--
-- Table structure for table `roles`
--

DROP TABLE IF EXISTS `roles`;
CREATE TABLE IF NOT EXISTS `roles` (
  `id` int(11) NOT NULL AUTO_INCREMENT,
  `name` varchar(100) DEFAULT NULL,
  PRIMARY KEY (`id`)
) ENGINE=InnoDB  DEFAULT CHARSET=latin1 AUTO_INCREMENT=4 ;

--
-- Dumping data for table `roles`
--

INSERT INTO `roles` (`id`, `name`) VALUES
(2, 'Roles developer'),
(3, 'Roles USR');

-- --------------------------------------------------------

--
-- Table structure for table `roles_rules`
--

DROP TABLE IF EXISTS `roles_rules`;
CREATE TABLE IF NOT EXISTS `roles_rules` (
  `role_id` int(11) NOT NULL,
  `rule_id` int(11) NOT NULL
) ENGINE=InnoDB DEFAULT CHARSET=latin1;

--
-- Dumping data for table `roles_rules`
--

INSERT INTO `roles_rules` (`role_id`, `rule_id`) VALUES
(2, 26),
(2, 30),
(2, 29),
(2, 11),
(2, 31),
(2, 28),
(2, 27),
(2, 24),
(2, 25),
(2, 5),
(2, 32),
(2, 33),
(2, 34),
(2, 35),
(2, 9),
(2, 38),
(2, 37),
(2, 36),
(2, 57),
(2, 55),
(2, 56),
(2, 51),
(2, 50),
(2, 42),
(2, 39),
(2, 40),
(2, 41),
(2, 12),
(2, 13),
(2, 8),
(2, 10),
(2, 43),
(2, 4),
(2, 23),
(2, 19),
(2, 22),
(2, 17),
(2, 21),
(2, 20),
(2, 47),
(2, 46),
(2, 44),
(2, 45),
(2, 6),
(2, 7),
(2, 14),
(2, 18),
(2, 16),
(2, 15),
(2, 52),
(2, 53),
(2, 54),
(2, 49),
(2, 48),
(2, 58),
(3, 5),
(3, 58),
(3, 50),
(3, 42),
(3, 39),
(3, 13),
(3, 8),
(3, 10),
(3, 12),
(3, 4),
(3, 45),
(3, 52),
(3, 53),
(3, 54),
(3, 48),
(3, 55);

-- --------------------------------------------------------

--
-- Table structure for table `role_groups`
--

DROP TABLE IF EXISTS `role_groups`;
CREATE TABLE IF NOT EXISTS `role_groups` (
  `id_group` int(11) NOT NULL,
  `id_role` int(11) NOT NULL
) ENGINE=InnoDB DEFAULT CHARSET=latin1;

--
-- Dumping data for table `role_groups`
--

INSERT INTO `role_groups` (`id_group`, `id_role`) VALUES
(2, 1),
(2, 1),
(2, 1),
(5, 3),
(1, 2),
(2, 2);

-- --------------------------------------------------------

--
-- Table structure for table `setting`
--

DROP TABLE IF EXISTS `setting`;
CREATE TABLE IF NOT EXISTS `setting` (
  `id` int(11) NOT NULL AUTO_INCREMENT,
  `max_time` varchar(25) NOT NULL,
  `min_time` varchar(25) NOT NULL,
  PRIMARY KEY (`id`)
) ENGINE=InnoDB  DEFAULT CHARSET=latin1 AUTO_INCREMENT=2 ;

--
-- Dumping data for table `setting`
--

INSERT INTO `setting` (`id`, `max_time`, `min_time`) VALUES
(1, '00:00:00', '07:00:00');

-- --------------------------------------------------------

--
-- Table structure for table `users`
--

DROP TABLE IF EXISTS `users`;
CREATE TABLE IF NOT EXISTS `users` (
  `id` int(11) NOT NULL AUTO_INCREMENT,
  `username` varchar(255) NOT NULL,
  `password` varchar(255) NOT NULL,
  `name` varchar(255) NOT NULL,
  `is_active` int(11) NOT NULL,
  `created` datetime NOT NULL,
  `user_type` int(11) NOT NULL,
  PRIMARY KEY (`id`)
) ENGINE=InnoDB  DEFAULT CHARSET=latin1 AUTO_INCREMENT=45 ;

--
-- Dumping data for table `users`
--

INSERT INTO `users` (`id`, `username`, `password`, `name`, `is_active`, `created`, `user_type`) VALUES
(42, 'demo', 'demo', 'demo', 1, '2012-09-15 14:57:39', 0),
(44, 'andrey', 'andrey', 'Andrey Derma Putra', 1, '0000-00-00 00:00:00', 1);

-- --------------------------------------------------------

--
-- Table structure for table `user_groups`
--

DROP TABLE IF EXISTS `user_groups`;
CREATE TABLE IF NOT EXISTS `user_groups` (
  `id_user` int(11) NOT NULL,
  `id_group` int(11) NOT NULL
) ENGINE=InnoDB DEFAULT CHARSET=latin1;

--
-- Dumping data for table `user_groups`
--

INSERT INTO `user_groups` (`id_user`, `id_group`) VALUES
(44, 1),
(42, 5),
(44, 2);

--
-- Constraints for dumped tables
--

--
-- Constraints for table `bookings`
--
ALTER TABLE `bookings`
  ADD CONSTRAINT `bookings_ibfk_3` FOREIGN KEY (`id_customer`) REFERENCES `customers` (`id`) ON DELETE CASCADE,
  ADD CONSTRAINT `bookings_ibfk_4` FOREIGN KEY (`id_lapangan`) REFERENCES `lapangan` (`id`) ON DELETE CASCADE;

/*!40101 SET CHARACTER_SET_CLIENT=@OLD_CHARACTER_SET_CLIENT */;
/*!40101 SET CHARACTER_SET_RESULTS=@OLD_CHARACTER_SET_RESULTS */;
/*!40101 SET COLLATION_CONNECTION=@OLD_COLLATION_CONNECTION */;
