-- phpMyAdmin SQL Dump
-- version 3.3.9
-- http://www.phpmyadmin.net
--
-- Host: localhost
-- Generation Time: Sep 07, 2012 at 12:52 PM
-- Server version: 5.5.8
-- PHP Version: 5.3.5

SET SQL_MODE="NO_AUTO_VALUE_ON_ZERO";


/*!40101 SET @OLD_CHARACTER_SET_CLIENT=@@CHARACTER_SET_CLIENT */;
/*!40101 SET @OLD_CHARACTER_SET_RESULTS=@@CHARACTER_SET_RESULTS */;
/*!40101 SET @OLD_COLLATION_CONNECTION=@@COLLATION_CONNECTION */;
/*!40101 SET NAMES utf8 */;

--
-- Database: `trackonme`
--

-- --------------------------------------------------------

--
-- Table structure for table `config_packages`
--

CREATE TABLE IF NOT EXISTS `config_packages` (
  `id` int(11) NOT NULL AUTO_INCREMENT,
  `name` varchar(255) NOT NULL,
  PRIMARY KEY (`id`)
) ENGINE=InnoDB  DEFAULT CHARSET=latin1 AUTO_INCREMENT=12 ;

--
-- Dumping data for table `config_packages`
--

INSERT INTO `config_packages` (`id`, `name`) VALUES
(1, 'XT5.0909.01'),
(2, 'XT5.0908.01'),
(3, 'XT10.0908.01'),
(4, 'XT15.0908.01'),
(5, 'XTLIVEV.0908.01'),
(6, 'XT3.1001.01'),
(7, 'XTLIVE.1002.01'),
(8, 'XT15.1002.01'),
(9, 'XT10.1002.01'),
(10, 'XT3.1002.01'),
(11, 'XT5.1002.01');

-- --------------------------------------------------------

--
-- Table structure for table `customers`
--

CREATE TABLE IF NOT EXISTS `customers` (
  `id` bigint(19) NOT NULL AUTO_INCREMENT,
  `customer_code` varchar(30) DEFAULT NULL,
  `company_name` varchar(40) NOT NULL,
  `address` varchar(60) DEFAULT NULL,
  `city` varchar(15) DEFAULT NULL,
  `region` varchar(15) DEFAULT NULL,
  `postal_code` varchar(10) DEFAULT NULL,
  `country` varchar(15) DEFAULT NULL,
  `phone` varchar(24) DEFAULT NULL,
  `fax` varchar(24) DEFAULT NULL,
  `website` varchar(255) DEFAULT NULL,
  `is_active` tinyint(4) DEFAULT '1',
  `contact_name` varchar(30) DEFAULT NULL,
  `contact_title` varchar(30) DEFAULT NULL,
  `contact_phone` varchar(50) DEFAULT NULL,
  `contact_fax` varchar(50) DEFAULT NULL,
  `contact_email` varchar(255) DEFAULT NULL,
  `db_protocol` varchar(50) DEFAULT NULL,
  `db_host` varchar(50) DEFAULT NULL,
  `db_database` varchar(50) DEFAULT NULL,
  `db_username` varchar(50) DEFAULT NULL,
  `db_password` varchar(50) DEFAULT NULL,
  `db_port` varchar(4) DEFAULT NULL,
  `command_password` varchar(50) NOT NULL,
  `expire_date` datetime DEFAULT NULL,
  `customer_type` int(10) DEFAULT NULL,
  `secret_code` varchar(50) DEFAULT NULL,
  PRIMARY KEY (`id`)
) ENGINE=InnoDB  DEFAULT CHARSET=latin1 AUTO_INCREMENT=26 ;

--
-- Dumping data for table `customers`
--

INSERT INTO `customers` (`id`, `customer_code`, `company_name`, `address`, `city`, `region`, `postal_code`, `country`, `phone`, `fax`, `website`, `is_active`, `contact_name`, `contact_title`, `contact_phone`, `contact_fax`, `contact_email`, `db_protocol`, `db_host`, `db_database`, `db_username`, `db_password`, `db_port`, `command_password`, `expire_date`, `customer_type`, `secret_code`) VALUES
(2, 'OTOTRACEs', 'Solusi Digital Indonesia PT', 'Ged. Setya Jaya Lt. 2, Jl. Pajajaran No. 23', 'Bogor', 'West Java', '16143', 'Indonesia', '', '', '', 1, 'Glenn R. Wenas', 'Mr.', '', 'Indonesia', '', 'mysql', 'localhost', 'ototrace_kerub', 'sa', 'admin2011', '', '0000', '2012-04-13 12:00:00', 0, 'BAI1E5POCMSG8WR06W5RRWWJC1BWQEA6'),
(7, 'KERUB', 'Kerub Pariwisata PO.', '', '', '', '', '', '', '', '', 1, 'Ferdinand', 'Mr.', '', '', '', 'mssql', 'localhost', 'ototrace_kerub', 'sa', 'admin2011', '', '2705', NULL, 0, '62D13E3CACD1EE37A0BCE73ED914C8CF'),
(25, 'ALUMINIUM', 'Mega Aluminium', '', '', '', '', '', '', '', '', 1, 'Ryanto', 'Mr.', '', '', '', 'mssql', 'localhost', 'ototrace_kerub', 'sa', 'admin2011', '0', '2705', NULL, 0, 'C757D90A6C3CCA055E1434315D98D234');

-- --------------------------------------------------------

--
-- Table structure for table `devices`
--

CREATE TABLE IF NOT EXISTS `devices` (
  `id` int(10) NOT NULL AUTO_INCREMENT,
  `product_sn` varchar(255) DEFAULT NULL,
  `device_code` varchar(50) NOT NULL,
  `unit_id` varchar(50) DEFAULT NULL,
  `device_name` varchar(255) DEFAULT NULL,
  `customer_id` bigint(19) DEFAULT NULL,
  `device_type_id` int(10) DEFAULT NULL,
  `is_active` tinyint(4) DEFAULT NULL,
  `is_monitored` tinyint(4) DEFAULT '1',
  `simcard_sn` varchar(50) DEFAULT NULL,
  `password_flags` varchar(8) DEFAULT NULL,
  `tracking_time_interval` int(10) DEFAULT NULL,
  `tracking_distance` int(10) DEFAULT NULL,
  `tracking_times` int(10) DEFAULT NULL,
  `tracking_basis` int(10) DEFAULT NULL,
  `fuel_groups_id` int(10) DEFAULT NULL,
  `password` varchar(4) DEFAULT '0',
  `protocol` varchar(50) DEFAULT NULL,
  `product_name` varchar(255) DEFAULT NULL,
  `imei` varchar(255) DEFAULT NULL,
  `production_id` varchar(255) DEFAULT NULL,
  `firmware_ver` varchar(50) DEFAULT NULL,
  `created_date` datetime DEFAULT NULL,
  `created_by` varchar(50) DEFAULT NULL,
  `initial_mileage` double DEFAULT '0',
  `last_activity` datetime DEFAULT NULL,
  `config_package_id` int(11) NOT NULL,
  `fuel_type_id` int(10) DEFAULT NULL,
  `fuel_consumption` double DEFAULT NULL,
  `connection_handler` int(10) DEFAULT NULL,
  PRIMARY KEY (`id`),
  UNIQUE KEY `IX_device` (`customer_id`,`device_code`),
  KEY `FK_devices_fuel_groups` (`fuel_groups_id`),
  KEY `FK_device_device_type` (`device_type_id`)
) ENGINE=InnoDB  DEFAULT CHARSET=latin1 AUTO_INCREMENT=550 ;

--
-- Dumping data for table `devices`
--

INSERT INTO `devices` (`id`, `product_sn`, `device_code`, `unit_id`, `device_name`, `customer_id`, `device_type_id`, `is_active`, `is_monitored`, `simcard_sn`, `password_flags`, `tracking_time_interval`, `tracking_distance`, `tracking_times`, `tracking_basis`, `fuel_groups_id`, `password`, `protocol`, `product_name`, `imei`, `production_id`, `firmware_ver`, `created_date`, `created_by`, `initial_mileage`, `last_activity`, `config_package_id`, `fuel_type_id`, `fuel_consumption`, `connection_handler`) VALUES
(20, 'AXPS4EB102060', 'F-7779-AA', '1009070010', 'OH1525/2009', 7, 1, 1, 1, '0012000000465021', '0', 300, 1000, 0, 1, NULL, '1717', 'X1', 'IntelliTrac X1 Plus', '359587018770829', 'A923G09250141', '1.125', NULL, NULL, 0, NULL, 2, 2, 3.5, 1),
(33, 'AXPS4EB102073', 'F-7801-AA', '1009070023', 'OH1525/2010', 7, 2, 1, 1, '0012000000465013', '1111', 300, 1000, NULL, 1, NULL, '1717', 'X1', 'IntelliTrac X1 Plus', '359587018765084', 'A923G09250159', '1.125', '2011-05-23 00:00:00', 'grwenas', 3, NULL, 2, 2, 3.5, 1),
(58, 'AXPS4EB102099', 'F-7802-AA', '1009070049', 'OH1525/2010', 7, 2, 1, 1, '0012000000465011', '1111', 300, 1000, NULL, 1, NULL, '1717', 'X1', 'IntelliTrac X1 Plus', '359587018735376', 'A923G09250106', '1.125', '2011-05-23 00:00:00', 'grwenas', 0, NULL, 2, 2, 3.5, 1),
(68, 'AXPS4EB102109', 'F-7912-AA', '1009070059', 'OH1525/2008', 7, 1, 1, 1, '0012000000465032', '1111', 300, 1000, NULL, 1, NULL, '1717', 'X1', 'IntelliTrac X1 Plus', '359587018768708', 'A923G09250147', '1.125', '2011-05-23 00:00:00', 'grwenas', 0, NULL, 2, 2, 3.5, 1),
(71, 'AXPS4EB102112', 'F-7778-AA', '1009070062', 'OH1525/2009', 7, 1, 1, 1, '0012000000465016', '1111', 300, 1000, NULL, 1, NULL, '1717', 'X1', 'IntelliTrac X1 Plus', '359587018766884', 'A923G09250144', '1.125', '2011-05-23 00:00:00', 'grwenas', 0, NULL, 4, 2, 3.5, 1),
(72, 'AXPS4EB102111', 'F-7582-A', '1009070063', 'OH1525/2007', 7, 1, 1, 1, '0012000000465024', '1111', 300, 1000, NULL, 1, NULL, '1717', 'X1', 'IntelliTrac X1 Plus', '359587018739469', 'A923G09250153', '1.125', '2011-05-23 00:00:00', 'grwenas', 0, NULL, 2, 2, 3.5, 1),
(73, 'AXPS4EB102114', 'F-7917-AA', '1009070064', 'OH1525/2008', 7, 1, 1, 1, '0012000000465040', '1111', 300, 1000, NULL, 1, NULL, '1717', 'X1', 'IntelliTrac X1 Plus', '359587018749997', 'A923G09250124', '1.125', '2011-05-23 00:00:00', 'grwenas', 0, NULL, 2, 2, 3.5, 1),
(75, 'AXPS4EB102116', 'F-7588-A', '1009070066', 'OH1525/2007', 7, 1, 1, 1, '0012000000465042', '1111', 300, 1000, NULL, 1, NULL, '1717', 'X1', 'IntelliTrac X1 Plus', '359587018744857', 'A923G09250129', '1.125', '2011-05-23 00:00:00', 'grwenas', 0, NULL, 2, 2, 3.5, 1),
(76, 'AXPS4EB102117', 'F-7722-AA', '1009070067', 'OH1525/2009', 7, 1, 1, 1, '0012000000465023', '1111', 300, 1000, NULL, 1, NULL, '1717', 'X1', 'IntelliTrac X1 Plus', '359587018762073', 'A923G09250179', '1.125', '2011-05-23 00:00:00', 'grwenas', 0, NULL, 2, 2, 3.5, 1),
(77, 'AXPS4EB102118', 'F-7918-AA', '1009070068', 'OH1525/2008', 7, 1, 1, 1, '0012000000465014', '1111', 300, 1000, NULL, 1, NULL, '1717', 'X1', 'IntelliTrac X1 Plus', '359587018760374', 'A923G09250172', '1.125', '2011-05-23 00:00:00', 'grwenas', 0, NULL, 2, 2, 3.5, 1),
(78, 'AXPS4EB102119', 'F-7911-AA', '1009070069', 'OH1525/2007', 7, 1, 1, 1, '0012000000465017', '1111', 300, 1000, NULL, 1, NULL, '1717', 'X1', 'IntelliTrac X1 Plus', '359587018752561', 'A923G09250164', '1.125', '2011-05-23 00:00:00', 'grwenas', 0, NULL, 2, 2, 3.5, 1),
(79, 'AXPS4EB102120', 'F-7699-A', '1009070070', 'OH1525/2009', 7, 1, 1, 1, '0012000000465017', '1111', 300, 1000, NULL, 1, NULL, '1717', 'X1', 'IntelliTrac X1 Plus', '359587018770738', 'A923G09250160', '1.125', '2011-05-23 00:00:00', 'grwenas', 0, NULL, 2, 2, 3.5, 1),
(80, 'AXPS4EB102121', 'F-7723-AA', '1009070071', 'OH1525/2009', 7, 1, 1, 1, '0012000000465019', '1111', 300, 1000, NULL, 1, NULL, '1717', 'X1', 'IntelliTrac X1 Plus', '359587018753726', 'A923G09250158', '1.125', '2011-05-23 00:00:00', 'grwenas', 0, NULL, 2, 2, 3.5, 1),
(81, 'AXPS4EB102122', 'F-7792-AA', '1009070072', 'FE84GBC/2009', 7, 1, 1, 1, '0012000000465039', '1111', 300, 1000, NULL, 1, NULL, '1717', 'X1', 'IntelliTrac X1 Plus', '359587018751373', 'A923G09250104', '1.125', '2011-05-23 00:00:00', 'grwenas', 0, NULL, 2, 2, 6, 1),
(82, 'AXPS4EB102123', 'F-7828-A', '1009070073', 'OH1525/2006', 7, 1, 1, 1, '0012000000465037', '1111', 300, 1000, NULL, 1, NULL, '1717', 'X1', 'IntelliTrac X1 Plus', '359587018753494', 'A923G09250150', '1.125', '2011-05-23 00:00:00', 'grwenas', 0, NULL, 2, 2, 3.5, 1),
(83, 'AXPS4EB102124', 'F-7665-AA', '1009070074', 'OH1518/2008', 7, 1, 1, 1, NULL, '1111', 300, 1000, NULL, 1, NULL, '1717', 'X1', 'IntelliTrac X1 Plus', '359587018757347', 'A923G09250103', '1.125', '2011-05-23 00:00:00', 'grwenas', 0, NULL, 2, 2, 3.5, 1),
(84, 'AXPS4EB102125', 'F-7798-AA', '1009070075', 'OH1525/2009', 7, 1, 1, 1, '0012000000465015', '1111', 300, 1000, NULL, 1, NULL, '1717', 'X1', 'IntelliTrac X1 Plus', '359587018760168', 'A923G09250156', '1.125', '2011-05-23 00:00:00', 'grwenas', 0, NULL, 1, 2, 3.5, 1),
(85, 'AXPS4EB102126', 'F-7945-AA', '1009070076', 'ELF/2009', 7, 1, 1, 1, '0012000000465029', '1111', 300, 1000, NULL, 1, NULL, '1717', 'X1', 'IntelliTrac X1 Plus', '359587018753098', 'A923G09250152', '1.125', '2011-05-23 00:00:00', 'grwenas', 0, NULL, 1, 2, 7, 1),
(86, 'AXPS4EB102127', 'F-7681-AA', '1009070077', 'OH1525/2009', 7, 1, 1, 1, '0012000000465009', '1111', 300, 1000, NULL, 1, NULL, '1717', 'X1', 'IntelliTrac X1 Plus', '359587018767346', 'A923G09250148', '1.125', '2011-05-23 00:00:00', 'grwenas', 0, NULL, 2, 2, 3.5, 1),
(87, 'AXPS4EB102128', 'F-7546-A', '1009070078', 'OF8000', 7, 1, 1, 1, '0012000000465026', '1111', 300, 1000, NULL, 1, NULL, '1717', 'X1', 'IntelliTrac X1 Plus', '359587018766173', 'A923G09250165', '1.125', '2011-05-23 00:00:00', 'grwenas', 0, NULL, 1, 2, 4.5, 1),
(88, 'GXPS4EY001949', 'F-7661-AA', '1009070079', 'ELF/2008', 7, 1, 1, 1, '0012000000465034', '1111', 300, 1000, NULL, 1, NULL, '1717', 'X1', 'IntelliTrac X1 Plus', '354779030795166', 'A923G09250161', '1.125', '2011-05-23 00:00:00', 'grwenas', 0, NULL, 1, 2, 7.5, 1),
(89, 'AXPS4EB102130', 'F-7591-A', '1009070080', 'OH1525/2008', 7, 1, 1, 1, '0012000000465018', '1111', 300, 1000, NULL, 1, NULL, '1717', 'X1', 'IntelliTrac X1 Plus', '359587018760986', 'A923G09250139', '1.125', '2011-05-23 00:00:00', 'grwenas', 0, NULL, 1, 2, 3.5, 1),
(150, 'BXPA4EN001921', 'F-7806-AA', '1009070138', 'OH1526/2010', 7, 1, 1, 1, '0012000000465041', '1111', 300, NULL, NULL, 1, NULL, '1717', 'X1', 'IntelliTrac X1 Plus', '354779033327041', NULL, NULL, '2011-05-23 00:00:00', 'grwenas', 0, NULL, 0, 2, 3.5, 1),
(151, 'CXPA4EN000453', 'F-7805-AA', '1009070139', 'OH1526/2010', 7, 1, 1, 1, '0012000000465010', '1111', 300, NULL, NULL, 1, NULL, '1717', 'X1', 'IntelliTrac X1 Plus', '354779036724137', NULL, NULL, '2011-05-23 00:00:00', 'grwenas', 0, NULL, 0, 2, 3.5, 1),
(153, 'GXPS4EY002993', 'F-7803 -AA', '1009070141', 'OH1526/2010', 7, 1, 1, 1, '0012000000465028', '1111', 300, NULL, NULL, 1, NULL, '1717', 'X1', 'IntelliTrac X1 Plus', '354779032524481', NULL, NULL, '2011-05-23 00:00:00', 'grwenas', 0, NULL, 0, 2, 3.5, 1),
(271, 'BXPA4EN001155', 'F-7808-AA', '1009070258', 'OH1526/2010 (ACC N/A)', 7, 1, 1, 1, '0012000000465036', '1111', 300, NULL, NULL, 1, NULL, '1717', 'X1', 'IntelliTrac X1 Plus', '354779033489643', NULL, NULL, '2011-05-23 00:00:00', 'grwenas', 0, NULL, 0, 2, 3.5, 1),
(272, 'BXPA4EN001156', 'F-7807-AA', '1009070259', 'OH1525/2010', 7, 1, 1, 1, '0012000000465012', '1111', 300, NULL, NULL, 1, NULL, '1717', 'X1', 'IntelliTrac X1 Plus', '354779033504243', NULL, NULL, '2011-05-23 00:00:00', 'grwenas', 0, NULL, 0, 2, 3.5, 1),
(277, 'BXPA4EN001161', 'F 7818 AA', '1009070264', 'Mitsubishi FE84G BC/2010', 7, 1, 1, 1, '0012000000465033', '1111', 300, NULL, NULL, 1, NULL, '1717', 'X1', 'IntelliTrac X1 Plus', '354779033474363', NULL, NULL, '2011-05-23 00:00:00', 'grwenas', 0.200000000000273, NULL, 0, 2, 6, 1),
(296, 'BXPA4EN001180', 'F-7819-A', '1009070283', 'Mercedes Benz OH1526/2010', 7, 1, 1, 1, '0012000000465022', '1111', 300, NULL, NULL, 1, NULL, '1717', 'X1', 'IntelliTrac X1 Plus', '354779033465866', NULL, NULL, '2011-05-23 00:00:00', 'grwenas', 0, NULL, 0, 2, 3.5, 1),
(525, 'BXPA4EN003221', 'F-7700-A', '1009070396', 'FE74GBC/2009', 7, 1, 1, 1, '0012000000465027', '1111', 300, NULL, NULL, 1, NULL, '1717', 'X1', 'IntelliTrac X1 Plus', '354779035603522', NULL, NULL, '2011-05-23 00:00:00', 'grwenas', 0, NULL, 0, 2, 0, 1),
(526, 'BXPA4EN003222', 'F-7607-A', '1009070397', 'FE84GBC/2009', 7, 2, 1, 1, NULL, '1111', 300, NULL, NULL, 1, NULL, '1717', 'X1', 'IntelliTrac X1 Plus', '354779035594002', NULL, NULL, '2011-05-23 00:00:00', 'grwenas', 0, NULL, 0, 2, 0, 1),
(527, 'BXPA4EN003223', 'F-7589-A', '1009070398', 'FE84GBC/2008', 7, 1, 1, 1, '0012000000465031', '1111', 300, NULL, NULL, 1, NULL, '1717', 'X1', 'IntelliTrac X1 Plus', '354779035599035', NULL, NULL, '2011-05-23 00:00:00', 'grwenas', 0, NULL, 0, 2, 6, 1),
(528, 'BXPA4EN003224', 'F-7856-A', '1009070399', 'FE447F/2007', 7, 1, 1, 1, '0012000000465025', '1111', 300, NULL, NULL, 1, NULL, '1717', 'X1', 'IntelliTrac X1 Plus', '354779035594226', NULL, NULL, '2011-05-23 00:00:00', 'grwenas', 0, NULL, 0, 2, 6, 1),
(529, 'BXPA4EN003225', 'F-7579-A', '1009070400', 'FE447F/2007 (ACC N/A)', 7, 1, 1, 1, '0012000000465030', '1111', 300, NULL, NULL, 1, NULL, '1717', 'X1', 'IntelliTrac X1 Plus', '354779036087907', NULL, NULL, '2011-05-23 00:00:00', 'grwenas', 0, NULL, 0, 2, 6, 1),
(530, 'CXPA4EN000457', 'F-8735-FR', '1009080001', 'TRIAL UNITx', 25, 1, 1, 1, '0012000000465043', '1111', 300, NULL, NULL, 1, NULL, '1717', 'X1', 'IntelliTrac X1 Plus', '354779036678143', NULL, NULL, '2011-05-31 00:00:00', 'grwenas', 0, NULL, 0, 2, 6, 1),
(549, 'ikhkjk', 'DEVCODE S', 'unitID', 'DEVCODES', 30, 1, 1, 0, '0012000000465009', '', 0, 0, 0, 0, 0, '1717', 'X1', 'productname', '9879898', '868ku', 'jkgkj', '2012-07-18 14:45:00', '', 90, '0000-00-00 00:00:00', 1, 1, 99, 0);

-- --------------------------------------------------------

--
-- Table structure for table `devices_features`
--

CREATE TABLE IF NOT EXISTS `devices_features` (
  `id` int(10) NOT NULL,
  `voice_kit_enable` tinyint(4) DEFAULT '0',
  `sos_input` varchar(8) DEFAULT '0',
  `sos_input_enable` tinyint(4) DEFAULT '0',
  `acc_input` varchar(8) DEFAULT '1',
  `acc_input_enable` tinyint(4) DEFAULT '1',
  `cmd_getpos` varchar(100) DEFAULT '$ST+GETPOSITION+{tag}={pwd}',
  `cmd_getpos_enable` tinyint(4) DEFAULT '1',
  `cmd_getpos_pwd` tinyint(4) DEFAULT '0',
  `cmd_lockdoors` varchar(100) DEFAULT NULL,
  `cmd_lockdoors_enable` tinyint(4) DEFAULT '0',
  `cmd_lockdoors_pwd` tinyint(4) DEFAULT '1',
  `cmd_voice_tapping` varchar(100) DEFAULT NULL,
  `cmd_voice_tapping_enable` tinyint(4) DEFAULT NULL,
  `cmd_voice_tapping_pwd` tinyint(4) DEFAULT NULL,
  `cmd_unlock_doors` varchar(100) DEFAULT NULL,
  `cmd_unlock_doors_enable` tinyint(4) DEFAULT '0',
  `cmd_unlock_doors_pwd` tinyint(4) DEFAULT '1',
  `cmd_immo` varchar(100) DEFAULT '$ST+OUTS+{tag}={pwd},4,1',
  `cmd_immo_enable` tinyint(4) DEFAULT '0',
  `cmd_immo_pwd` tinyint(4) DEFAULT '1',
  `cmd_deimmo` varchar(100) DEFAULT '$ST+OUTS+{tag}={pwd},4,0',
  `cmd_deimmo_enable` tinyint(4) DEFAULT '0',
  `cmd_deimmo_pwd` tinyint(4) DEFAULT '1',
  `cmd_aux1` varchar(100) DEFAULT NULL,
  `cmd_aux1_enable` tinyint(4) DEFAULT '0',
  `cmd_aux1_pwd` tinyint(4) DEFAULT '1',
  `cmd_aux1_label` varchar(12) DEFAULT 'Aux1',
  `cmd_aux2` varchar(100) DEFAULT NULL,
  `cmd_aux2_enable` tinyint(4) DEFAULT '0',
  `cmd_aux2_pwd` tinyint(4) DEFAULT '1',
  `cmd_aux2_label` varchar(12) DEFAULT 'Aux2',
  `cmd_aux3` varchar(100) DEFAULT NULL,
  `cmd_aux3_enable` tinyint(4) DEFAULT '0',
  `cmd_aux3_pwd` tinyint(4) DEFAULT '1',
  `cmd_aux3_label` varchar(12) DEFAULT 'Aux3',
  `cmd_aux4` varchar(100) DEFAULT NULL,
  `cmd_aux4_enable` tinyint(4) DEFAULT '0',
  `cmd_aux4_pwd` tinyint(4) DEFAULT '1',
  `cmd_aux4_label` varchar(12) DEFAULT 'Aux4',
  `cmd_sms_reboot` varchar(100) DEFAULT '$ST+REBOOT+{tag}={pwd}',
  `cmd_sms_reboot_enable` tinyint(4) DEFAULT '0',
  `label_input1` varchar(10) DEFAULT 'ACC',
  `label_input2` varchar(10) DEFAULT 'Input2',
  `label_input3` varchar(10) DEFAULT 'Input3',
  `label_input4` varchar(10) DEFAULT 'Input4',
  `label_input5` varchar(10) DEFAULT 'Input5',
  `label_input6` varchar(10) DEFAULT 'Input6',
  `label_input7` varchar(10) DEFAULT 'Input7',
  `label_input8` varchar(10) DEFAULT 'Input8',
  `label_output1` varchar(10) DEFAULT 'Output1',
  `label_output2` varchar(10) DEFAULT 'Output2',
  `label_output3` varchar(10) DEFAULT 'Output3',
  `label_output4` varchar(10) DEFAULT 'Output4',
  `label_output5` varchar(10) DEFAULT 'Output5',
  `label_output6` varchar(10) DEFAULT 'Output6',
  `label_output7` varchar(10) DEFAULT 'Output7',
  `label_output8` varchar(10) DEFAULT 'Output8',
  `analog_input1_enable` tinyint(4) DEFAULT '0',
  `analog_input1_label` varchar(10) DEFAULT 'Analog1',
  `analog_input1_unit` varchar(10) DEFAULT 'VDC',
  `analog_input1_method` varchar(50) DEFAULT 'BYPASS',
  `analog_input1_highvolt` decimal(18,2) DEFAULT NULL,
  `analog_input1_variance` decimal(18,2) DEFAULT NULL,
  `analog_input1_highvolt_value` decimal(18,2) DEFAULT NULL,
  `analog_input2_enable` tinyint(4) DEFAULT '0',
  `analog_input2_label` varchar(10) DEFAULT 'Analog2',
  `analog_input2_unit` varchar(10) DEFAULT 'VDC',
  `analog_input2_method` varchar(50) DEFAULT 'BYPASS',
  `analog_input2_highvolt` decimal(18,2) DEFAULT NULL,
  `analog_input2_variance` decimal(18,2) DEFAULT NULL,
  `analog_input2_highvolt_value` decimal(18,2) DEFAULT NULL,
  `mdt_enable` tinyint(4) DEFAULT '0',
  `mdt_cmd` varchar(100) DEFAULT '$ST+TMSG+{tag}={pwd},{msg}',
  `is_active_date` datetime DEFAULT NULL,
  `remarks` varchar(255) DEFAULT NULL,
  PRIMARY KEY (`id`)
) ENGINE=InnoDB DEFAULT CHARSET=latin1;

--
-- Dumping data for table `devices_features`
--

INSERT INTO `devices_features` (`id`, `voice_kit_enable`, `sos_input`, `sos_input_enable`, `acc_input`, `acc_input_enable`, `cmd_getpos`, `cmd_getpos_enable`, `cmd_getpos_pwd`, `cmd_lockdoors`, `cmd_lockdoors_enable`, `cmd_lockdoors_pwd`, `cmd_voice_tapping`, `cmd_voice_tapping_enable`, `cmd_voice_tapping_pwd`, `cmd_unlock_doors`, `cmd_unlock_doors_enable`, `cmd_unlock_doors_pwd`, `cmd_immo`, `cmd_immo_enable`, `cmd_immo_pwd`, `cmd_deimmo`, `cmd_deimmo_enable`, `cmd_deimmo_pwd`, `cmd_aux1`, `cmd_aux1_enable`, `cmd_aux1_pwd`, `cmd_aux1_label`, `cmd_aux2`, `cmd_aux2_enable`, `cmd_aux2_pwd`, `cmd_aux2_label`, `cmd_aux3`, `cmd_aux3_enable`, `cmd_aux3_pwd`, `cmd_aux3_label`, `cmd_aux4`, `cmd_aux4_enable`, `cmd_aux4_pwd`, `cmd_aux4_label`, `cmd_sms_reboot`, `cmd_sms_reboot_enable`, `label_input1`, `label_input2`, `label_input3`, `label_input4`, `label_input5`, `label_input6`, `label_input7`, `label_input8`, `label_output1`, `label_output2`, `label_output3`, `label_output4`, `label_output5`, `label_output6`, `label_output7`, `label_output8`, `analog_input1_enable`, `analog_input1_label`, `analog_input1_unit`, `analog_input1_method`, `analog_input1_highvolt`, `analog_input1_variance`, `analog_input1_highvolt_value`, `analog_input2_enable`, `analog_input2_label`, `analog_input2_unit`, `analog_input2_method`, `analog_input2_highvolt`, `analog_input2_variance`, `analog_input2_highvolt_value`, `mdt_enable`, `mdt_cmd`, `is_active_date`, `remarks`) VALUES
(0, 0, NULL, NULL, NULL, NULL, '', 0, 0, '', 0, 0, '', 0, 0, '', 0, 0, '', 0, 0, '', 0, 0, '', 0, 0, '', '', 0, 0, '', '', 0, 0, '', '', 0, 0, '', '', 0, '', '', '', '', '', '', '', '', '', '', '', '', '', '', '', '', 0, '', '', '', NULL, NULL, NULL, 0, '', '', '', NULL, NULL, NULL, 0, '', NULL, NULL),
(20, 1, '4', 1, '1', 1, '$ST+GETPOSITION+{tag}={pwd}', 1, 0, 'TEST', 1, 1, '$ST+VMON+{tag}={pwd},0811112705', 1, 1, '0', 0, 1, '$ST+OUTS+{tag}={pwd},4,1', 0, 1, '$ST+OUTS+{tag}={pwd},4,0', 0, 1, '', 0, 0, 'Aux1', '', 0, 0, 'Aux2', '', 0, 0, 'Aux3', '', 0, 0, 'Aux4', '$ST+REBOOT+{tag}={pwd}', 1, 'ACC', 'Input 2', 'Input 3', 'SOS', 'Input 5', 'Input 6', 'Input 7', 'Input 8', 'Output1', 'Output2', 'Output3', 'Output4', 'Output5', 'Output6', 'Output7', 'Output8', 0, 'Analog1', 'VDC', 'BYPASS', NULL, NULL, NULL, 0, 'Analog2', 'VDC', 'BYPASS', NULL, NULL, NULL, 1, '$ST+TMSG+{tag}={pwd},{msg}', NULL, NULL),
(33, 1, '4', 1, '1', 1, '$ST+GETPOSITION+{tag}={pwd}', 1, 0, NULL, 0, 1, '$ST+VMON+{tag}={pwd},0811112705', 1, 1, '0', 0, 1, '$ST+OUTS+{tag}={pwd},4,1', 0, 1, '$ST+OUTS+{tag}={pwd},4,0', 0, 1, NULL, 0, 0, 'Aux1', NULL, 0, 0, 'Aux2', NULL, 0, 0, 'Aux3', NULL, 0, 0, 'Aux4', '$ST+REBOOT+{tag}={pwd}', 0, 'ACC', 'Input2', 'SOS', 'Input4', 'Input5', 'Input6', 'Input7', 'Input8', 'Output1', 'Output2', 'Output3', 'Output4', 'Output5', 'Output6', 'Output7', 'Output8', 0, 'Analog1', 'VDC', 'BYPASS', NULL, NULL, NULL, 0, 'Analog2', 'VDC', 'BYPASS', NULL, NULL, NULL, 0, '$ST+TMSG+{tag}={pwd},{msg}', '2011-05-23 23:00:00', ''),
(58, 1, '4', 1, '1', 1, '$ST+GETPOSITION+{tag}={pwd}', 1, 0, NULL, 0, 1, '$ST+VMON+{tag}={pwd},0811112705', 1, 1, '0', 0, 1, '$ST+OUTS+{tag}={pwd},4,1', 0, 1, '$ST+OUTS+{tag}={pwd},4,0', 0, 1, NULL, 0, 0, 'Aux1', NULL, 0, 0, 'Aux2', NULL, 0, 0, 'Aux3', NULL, 0, 0, 'Aux4', '$ST+REBOOT+{tag}={pwd}', 0, 'ACC', 'Input2', 'SOS', 'Input4', 'Input5', 'Input6', 'Input7', 'Input8', 'Output1', 'Output2', 'Output3', 'Output4', 'Output5', 'Output6', 'Output7', 'Output8', 0, 'Analog1', 'VDC', 'BYPASS', NULL, NULL, NULL, 0, 'Analog2', 'VDC', 'BYPASS', NULL, NULL, NULL, 0, '$ST+TMSG+{tag}={pwd},{msg}', NULL, ''),
(68, 1, '4', 1, '1', 1, '$ST+GETPOSITION+{tag}={pwd}', 1, 0, NULL, 0, 1, '$ST+VMON+{tag}={pwd},0811112705', 1, 1, '0', 0, 1, '$ST+OUTS+{tag}={pwd},4,1', 0, 1, '$ST+OUTS+{tag}={pwd},4,0', 0, 1, NULL, 0, 0, 'Aux1', NULL, 0, 0, 'Aux2', NULL, 0, 0, 'Aux3', NULL, 0, 0, 'Aux4', '$ST+REBOOT+{tag}={pwd}', 0, 'ACC', 'Input2', 'SOS', 'Input4', 'Input5', 'Input6', 'Input7', 'Input8', 'Output1', 'Output2', 'Output3', 'Output4', 'Output5', 'Output6', 'Output7', 'Output8', 0, 'Analog1', 'VDC', 'BYPASS', NULL, NULL, NULL, 0, 'Analog2', 'VDC', 'BYPASS', NULL, NULL, NULL, 0, '$ST+TMSG+{tag}={pwd},{msg}', NULL, ''),
(71, 1, '4', 1, '1', 1, '$ST+GETPOSITION+{tag}={pwd}', 1, 0, NULL, 0, 1, '$ST+VMON+{tag}={pwd},0811112705', 1, 1, '0', 0, 1, '$ST+OUTS+{tag}={pwd},4,1', 0, 1, '$ST+OUTS+{tag}={pwd},4,0', 0, 1, NULL, 0, 0, 'Aux1', NULL, 0, 0, 'Aux2', NULL, 0, 0, 'Aux3', NULL, 0, 0, 'Aux4', '$ST+REBOOT+{tag}={pwd}', 0, 'ACC', 'Input2', 'SOS', 'Input4', 'Input5', 'Input6', 'Input7', 'Input8', 'Output1', 'Output2', 'Output3', 'Output4', 'Output5', 'Output6', 'Output7', 'Output8', 0, 'Analog1', 'VDC', 'BYPASS', NULL, NULL, NULL, 0, 'Analog2', 'VDC', 'BYPASS', NULL, NULL, NULL, 0, '$ST+TMSG+{tag}={pwd},{msg}', '2011-05-23 23:00:00', ''),
(72, 1, '4', 1, '1', 1, '$ST+GETPOSITION+{tag}={pwd}', 1, 0, NULL, 0, 1, '$ST+VMON+{tag}={pwd},0811112705', 1, 1, '0', 0, 1, '$ST+OUTS+{tag}={pwd},4,1', 0, 1, '$ST+OUTS+{tag}={pwd},4,0', 0, 1, NULL, 0, 0, 'Aux1', NULL, 0, 0, 'Aux2', NULL, 0, 0, 'Aux3', NULL, 0, 0, 'Aux4', '$ST+REBOOT+{tag}={pwd}', 0, 'ACC', 'Input2', 'SOS', 'Input4', 'Input5', 'Input6', 'Input7', 'Input8', 'Output1', 'Output2', 'Output3', 'Output4', 'Output5', 'Output6', 'Output7', 'Output8', 0, 'Analog1', 'VDC', 'BYPASS', NULL, NULL, NULL, 0, 'Analog2', 'VDC', 'BYPASS', NULL, NULL, NULL, 0, '$ST+TMSG+{tag}={pwd},{msg}', NULL, ''),
(73, 1, '4', 1, '1', 1, '$ST+GETPOSITION+{tag}={pwd}', 1, 0, NULL, 0, 1, '$ST+VMON+{tag}={pwd},0811112705', 1, 1, '0', 0, 1, '$ST+OUTS+{tag}={pwd},4,1', 0, 1, '$ST+OUTS+{tag}={pwd},4,0', 0, 1, NULL, 0, 0, 'Aux1', NULL, 0, 0, 'Aux2', NULL, 0, 0, 'Aux3', NULL, 0, 0, 'Aux4', '$ST+REBOOT+{tag}={pwd}', 0, 'ACC', 'Input2', 'SOS', 'Input4', 'Input5', 'Input6', 'Input7', 'Input8', 'Output1', 'Output2', 'Output3', 'Output4', 'Output5', 'Output6', 'Output7', 'Output8', 0, 'Analog1', 'VDC', 'BYPASS', NULL, NULL, NULL, 0, 'Analog2', 'VDC', 'BYPASS', NULL, NULL, NULL, 0, '$ST+TMSG+{tag}={pwd},{msg}', NULL, ''),
(75, 1, '4', 1, '1', 1, '$ST+GETPOSITION+{tag}={pwd}', 1, 0, NULL, 0, 1, '$ST+VMON+{tag}={pwd},0811112705', 1, 1, '0', 0, 1, '$ST+OUTS+{tag}={pwd},4,1', 0, 1, '$ST+OUTS+{tag}={pwd},4,0', 0, 1, NULL, 0, 0, 'Aux1', NULL, 0, 0, 'Aux2', NULL, 0, 0, 'Aux3', NULL, 0, 0, 'Aux4', '$ST+REBOOT+{tag}={pwd}', 0, 'ACC', 'Input2', 'SOS', 'Input4', 'Input5', 'Input6', 'Input7', 'Input8', 'Output1', 'Output2', 'Output3', 'Output4', 'Output5', 'Output6', 'Output7', 'Output8', 0, 'Analog1', 'VDC', 'BYPASS', NULL, NULL, NULL, 0, 'Analog2', 'VDC', 'BYPASS', NULL, NULL, NULL, 0, '$ST+TMSG+{tag}={pwd},{msg}', NULL, ''),
(76, 1, '4', 1, '1', 1, '$ST+GETPOSITION+{tag}={pwd}', 1, 0, NULL, 0, 1, '$ST+VMON+{tag}={pwd},0811112705', 1, 1, '0', 0, 1, '$ST+OUTS+{tag}={pwd},4,1', 0, 1, '$ST+OUTS+{tag}={pwd},4,0', 0, 1, NULL, 0, 0, 'Aux1', NULL, 0, 0, 'Aux2', NULL, 0, 0, 'Aux3', NULL, 0, 0, 'Aux4', '$ST+REBOOT+{tag}={pwd}', 0, 'ACC', 'Input2', 'SOS', 'Input4', 'Input5', 'Input6', 'Input7', 'Input8', 'Output1', 'Output2', 'Output3', 'Output4', 'Output5', 'Output6', 'Output7', 'Output8', 0, 'Analog1', 'VDC', 'BYPASS', NULL, NULL, NULL, 0, 'Analog2', 'VDC', 'BYPASS', NULL, NULL, NULL, 0, '$ST+TMSG+{tag}={pwd},{msg}', NULL, ''),
(77, 1, '4', 1, '1', 1, '$ST+GETPOSITION+{tag}={pwd}', 1, 0, NULL, 0, 1, '$ST+VMON+{tag}={pwd},0811112705', 1, 1, '0', 0, 1, '$ST+OUTS+{tag}={pwd},4,1', 0, 1, '$ST+OUTS+{tag}={pwd},4,0', 0, 1, NULL, 0, 0, 'Aux1', NULL, 0, 0, 'Aux2', NULL, 0, 0, 'Aux3', NULL, 0, 0, 'Aux4', '$ST+REBOOT+{tag}={pwd}', 0, 'ACC', 'Input2', 'SOS', 'Input4', 'Input5', 'Input6', 'Input7', 'Input8', 'Output1', 'Output2', 'Output3', 'Output4', 'Output5', 'Output6', 'Output7', 'Output8', 0, 'Analog1', 'VDC', 'BYPASS', NULL, NULL, NULL, 0, 'Analog2', 'VDC', 'BYPASS', NULL, NULL, NULL, 0, '$ST+TMSG+{tag}={pwd},{msg}', NULL, ''),
(78, 1, '4', 1, '1', 1, '$ST+GETPOSITION+{tag}={pwd}', 1, 0, NULL, 0, 1, '$ST+VMON+{tag}={pwd},0811112705', 1, 1, '0', 0, 1, '$ST+OUTS+{tag}={pwd},4,1', 0, 1, '$ST+OUTS+{tag}={pwd},4,0', 0, 1, NULL, 0, 0, 'Aux1', NULL, 0, 0, 'Aux2', NULL, 0, 0, 'Aux3', NULL, 0, 0, 'Aux4', '$ST+REBOOT+{tag}={pwd}', 0, 'ACC', 'Input2', 'SOS', 'Input4', 'Input5', 'Input6', 'Input7', 'Input8', 'Output1', 'Output2', 'Output3', 'Output4', 'Output5', 'Output6', 'Output7', 'Output8', 0, 'Analog1', 'VDC', 'BYPASS', NULL, NULL, NULL, 0, 'Analog2', 'VDC', 'BYPASS', NULL, NULL, NULL, 0, '$ST+TMSG+{tag}={pwd},{msg}', NULL, ''),
(79, 1, '4', 1, '1', 1, '$ST+GETPOSITION+{tag}={pwd}', 1, 0, NULL, 0, 1, '$ST+VMON+{tag}={pwd},0811112705', 1, 1, '0', 0, 1, '$ST+OUTS+{tag}={pwd},4,1', 0, 1, '$ST+OUTS+{tag}={pwd},4,0', 0, 1, NULL, 0, 0, 'Aux1', NULL, 0, 0, 'Aux2', NULL, 0, 0, 'Aux3', NULL, 0, 0, 'Aux4', '$ST+REBOOT+{tag}={pwd}', 0, 'ACC', 'Input2', 'SOS', 'Input4', 'Input5', 'Input6', 'Input7', 'Input8', 'Output1', 'Output2', 'Output3', 'Output4', 'Output5', 'Output6', 'Output7', 'Output8', 0, 'Analog1', 'VDC', 'BYPASS', NULL, NULL, NULL, 0, 'Analog2', 'VDC', 'BYPASS', NULL, NULL, NULL, 0, '$ST+TMSG+{tag}={pwd},{msg}', NULL, ''),
(80, 1, '4', 1, '1', 1, '$ST+GETPOSITION+{tag}={pwd}', 1, 0, NULL, 0, 1, '$ST+VMON+{tag}={pwd},0811112705', 1, 1, '0', 0, 1, '$ST+OUTS+{tag}={pwd},4,1', 0, 1, '$ST+OUTS+{tag}={pwd},4,0', 0, 1, NULL, 0, 0, 'Aux1', NULL, 0, 0, 'Aux2', NULL, 0, 0, 'Aux3', NULL, 0, 0, 'Aux4', '$ST+REBOOT+{tag}={pwd}', 0, 'ACC', 'Input2', 'SOS', 'Input4', 'Input5', 'Input6', 'Input7', 'Input8', 'Output1', 'Output2', 'Output3', 'Output4', 'Output5', 'Output6', 'Output7', 'Output8', 0, 'Analog1', 'VDC', 'BYPASS', NULL, NULL, NULL, 0, 'Analog2', 'VDC', 'BYPASS', NULL, NULL, NULL, 0, '$ST+TMSG+{tag}={pwd},{msg}', NULL, ''),
(81, 1, '4', 1, '1', 1, '$ST+GETPOSITION+{tag}={pwd}', 1, 0, NULL, 0, 1, '$ST+VMON+{tag}={pwd},0811112705', 1, 1, '0', 0, 1, '$ST+OUTS+{tag}={pwd},4,1', 0, 1, '$ST+OUTS+{tag}={pwd},4,0', 0, 1, NULL, 0, 0, 'Aux1', NULL, 0, 0, 'Aux2', NULL, 0, 0, 'Aux3', NULL, 0, 0, 'Aux4', '$ST+REBOOT+{tag}={pwd}', 0, 'ACC', 'Input2', 'SOS', 'Input4', 'Input5', 'Input6', 'Input7', 'Input8', 'Output1', 'Output2', 'Output3', 'Output4', 'Output5', 'Output6', 'Output7', 'Output8', 0, 'Analog1', 'VDC', 'BYPASS', NULL, NULL, NULL, 0, 'Analog2', 'VDC', 'BYPASS', NULL, NULL, NULL, 0, '$ST+TMSG+{tag}={pwd},{msg}', NULL, ''),
(82, 1, '4', 1, '1', 1, '$ST+GETPOSITION+{tag}={pwd}', 1, 0, NULL, 0, 1, '$ST+VMON+{tag}={pwd},0811112705', 1, 1, '0', 0, 1, '$ST+OUTS+{tag}={pwd},4,1', 0, 1, '$ST+OUTS+{tag}={pwd},4,0', 0, 1, NULL, 0, 0, 'Aux1', NULL, 0, 0, 'Aux2', NULL, 0, 0, 'Aux3', NULL, 0, 0, 'Aux4', '$ST+REBOOT+{tag}={pwd}', 0, 'ACC', 'Input2', 'SOS', 'Input4', 'Input5', 'Input6', 'Input7', 'Input8', 'Output1', 'Output2', 'Output3', 'Output4', 'Output5', 'Output6', 'Output7', 'Output8', 0, 'Analog1', 'VDC', 'BYPASS', NULL, NULL, NULL, 0, 'Analog2', 'VDC', 'BYPASS', NULL, NULL, NULL, 0, '$ST+TMSG+{tag}={pwd},{msg}', NULL, ''),
(83, 1, '4', 1, '1', 1, '$ST+GETPOSITION+{tag}={pwd}', 1, 0, NULL, 0, 1, '$ST+VMON+{tag}={pwd},0811112705', 1, 1, '0', 0, 1, '$ST+OUTS+{tag}={pwd},4,1', 0, 1, '$ST+OUTS+{tag}={pwd},4,0', 0, 1, NULL, 0, 0, 'Aux1', NULL, 0, 0, 'Aux2', NULL, 0, 0, 'Aux3', NULL, 0, 0, 'Aux4', '$ST+REBOOT+{tag}={pwd}', 0, 'ACC', 'Input2', 'SOS', 'Input4', 'Input5', 'Input6', 'Input7', 'Input8', 'Output1', 'Output2', 'Output3', 'Output4', 'Output5', 'Output6', 'Output7', 'Output8', 0, 'Analog1', 'VDC', 'BYPASS', NULL, NULL, NULL, 0, 'Analog2', 'VDC', 'BYPASS', NULL, NULL, NULL, 0, '$ST+TMSG+{tag}={pwd},{msg}', NULL, ''),
(84, 1, '4', 1, '1', 1, '$ST+GETPOSITION+{tag}={pwd}', 1, 0, NULL, 0, 1, '$ST+VMON+{tag}={pwd},0811112705', 1, 1, '0', 0, 1, '$ST+OUTS+{tag}={pwd},4,1', 0, 1, '$ST+OUTS+{tag}={pwd},4,0', 0, 1, NULL, 0, 0, 'Aux1', NULL, 0, 0, 'Aux2', NULL, 0, 0, 'Aux3', NULL, 0, 0, 'Aux4', '$ST+REBOOT+{tag}={pwd}', 0, 'ACC', 'Input2', 'SOS', 'Input4', 'Input5', 'Input6', 'Input7', 'Input8', 'Output1', 'Output2', 'Output3', 'Output4', 'Output5', 'Output6', 'Output7', 'Output8', 0, 'Analog1', 'VDC', 'BYPASS', NULL, NULL, NULL, 0, 'Analog2', 'VDC', 'BYPASS', NULL, NULL, NULL, 0, '$ST+TMSG+{tag}={pwd},{msg}', '2011-05-23 23:00:00', ''),
(85, 1, '4', 1, '1', 1, '$ST+GETPOSITION+{tag}={pwd}', 1, 0, NULL, 0, 1, '$ST+VMON+{tag}={pwd},0811112705', 1, 1, '0', 0, 1, '$ST+OUTS+{tag}={pwd},4,1', 0, 1, '$ST+OUTS+{tag}={pwd},4,0', 0, 1, NULL, 0, 0, 'Aux1', NULL, 0, 0, 'Aux2', NULL, 0, 0, 'Aux3', NULL, 0, 0, 'Aux4', '$ST+REBOOT+{tag}={pwd}', 0, 'ACC', 'Input2', 'SOS', 'Input4', 'Input5', 'Input6', 'Input7', 'Input8', 'Output1', 'Output2', 'Output3', 'Output4', 'Output5', 'Output6', 'Output7', 'Output8', 0, 'Analog1', 'VDC', 'BYPASS', NULL, NULL, NULL, 0, 'Analog2', 'VDC', 'BYPASS', NULL, NULL, NULL, 0, '$ST+TMSG+{tag}={pwd},{msg}', NULL, ''),
(86, 1, '4', 1, '1', 1, '$ST+GETPOSITION+{tag}={pwd}', 1, 0, NULL, 0, 1, '$ST+VMON+{tag}={pwd},0811112705', 1, 1, '0', 0, 1, '$ST+OUTS+{tag}={pwd},4,1', 0, 1, '$ST+OUTS+{tag}={pwd},4,0', 0, 1, NULL, 0, 0, 'Aux1', NULL, 0, 0, 'Aux2', NULL, 0, 0, 'Aux3', NULL, 0, 0, 'Aux4', '$ST+REBOOT+{tag}={pwd}', 0, 'ACC', 'Input2', 'SOS', 'Input4', 'Input5', 'Input6', 'Input7', 'Input8', 'Output1', 'Output2', 'Output3', 'Output4', 'Output5', 'Output6', 'Output7', 'Output8', 0, 'Analog1', 'VDC', 'BYPASS', NULL, NULL, NULL, 0, 'Analog2', 'VDC', 'BYPASS', NULL, NULL, NULL, 0, '$ST+TMSG+{tag}={pwd},{msg}', NULL, ''),
(87, 1, '4', 1, '1', 1, '$ST+GETPOSITION+{tag}={pwd}', 1, 0, NULL, 0, 1, '$ST+VMON+{tag}={pwd},0811112705', 1, 1, '0', 0, 1, '$ST+OUTS+{tag}={pwd},4,1', 0, 1, '$ST+OUTS+{tag}={pwd},4,0', 0, 1, NULL, 0, 0, 'Aux1', NULL, 0, 0, 'Aux2', NULL, 0, 0, 'Aux3', NULL, 0, 0, 'Aux4', '$ST+REBOOT+{tag}={pwd}', 0, 'ACC', 'Input2', 'SOS', 'Input4', 'Input5', 'Input6', 'Input7', 'Input8', 'Output1', 'Output2', 'Output3', 'Output4', 'Output5', 'Output6', 'Output7', 'Output8', 0, 'Analog1', 'VDC', 'BYPASS', NULL, NULL, NULL, 0, 'Analog2', 'VDC', 'BYPASS', NULL, NULL, NULL, 0, '$ST+TMSG+{tag}={pwd},{msg}', NULL, ''),
(88, 1, '4', 1, '1', 1, '$ST+GETPOSITION+{tag}={pwd}', 1, 0, NULL, 0, 1, '$ST+VMON+{tag}={pwd},0811112705', 1, 1, '0', 0, 1, '$ST+OUTS+{tag}={pwd},4,1', 0, 1, '$ST+OUTS+{tag}={pwd},4,0', 0, 1, NULL, 0, 0, 'Aux1', NULL, 0, 0, 'Aux2', NULL, 0, 0, 'Aux3', NULL, 0, 0, 'Aux4', '$ST+REBOOT+{tag}={pwd}', 0, 'ACC', 'Input2', 'SOS', 'Input4', 'Input5', 'Input6', 'Input7', 'Input8', 'Output1', 'Output2', 'Output3', 'Output4', 'Output5', 'Output6', 'Output7', 'Output8', 0, 'Analog1', 'VDC', 'BYPASS', NULL, NULL, NULL, 0, 'Analog2', 'VDC', 'BYPASS', NULL, NULL, NULL, 0, '$ST+TMSG+{tag}={pwd},{msg}', NULL, ''),
(89, 1, '4', 1, '1', 1, '$ST+GETPOSITION+{tag}={pwd}', 1, 0, NULL, 0, 1, '$ST+VMON+{tag}={pwd},0811112705', 1, 1, '0', 0, 1, '$ST+OUTS+{tag}={pwd},4,1', 0, 1, '$ST+OUTS+{tag}={pwd},4,0', 0, 1, NULL, 0, 0, 'Aux1', NULL, 0, 0, 'Aux2', NULL, 0, 0, 'Aux3', NULL, 0, 0, 'Aux4', '$ST+REBOOT+{tag}={pwd}', 0, 'ACC', 'Input2', 'SOS', 'Input4', 'Input5', 'Input6', 'Input7', 'Input8', 'Output1', 'Output2', 'Output3', 'Output4', 'Output5', 'Output6', 'Output7', 'Output8', 0, 'Analog1', 'VDC', 'BYPASS', NULL, NULL, NULL, 0, 'Analog2', 'VDC', 'BYPASS', NULL, NULL, NULL, 0, '$ST+TMSG+{tag}={pwd},{msg}', NULL, ''),
(150, 1, '4', 1, '1', 1, '$ST+GETPOSITION+{tag}={pwd}', 1, 0, NULL, 0, 1, '$ST+VMON+{tag}={pwd},0811112705', 1, 1, '0', 0, 1, '$ST+OUTS+{tag}={pwd},4,1', 0, 1, '$ST+OUTS+{tag}={pwd},4,0', 0, 1, NULL, 0, 1, 'Aux1', NULL, 0, 1, 'Aux2', NULL, 0, 1, 'Aux3', NULL, 0, 1, 'Aux4', '$ST+REBOOT+{tag}={pwd}', 0, 'ACC', 'Input2', 'SOS', 'Input4', 'Input5', 'Input6', 'Input7', 'Input8', 'Output1', 'Output2', 'Output3', 'Output4', 'Output5', 'Output6', 'Output7', 'Output8', 0, 'Analog1', 'VDC', 'BYPASS', NULL, NULL, NULL, 0, 'Analog2', 'VDC', 'BYPASS', NULL, NULL, NULL, 0, '$ST+TMSG+{tag}={pwd},{msg}', NULL, NULL),
(151, 1, '4', 1, '1', 1, '$ST+GETPOSITION+{tag}={pwd}', 1, 0, NULL, 0, 1, '$ST+VMON+{tag}={pwd},0811112705', 1, 1, '0', 0, 1, '$ST+OUTS+{tag}={pwd},4,1', 0, 1, '$ST+OUTS+{tag}={pwd},4,0', 0, 1, NULL, 0, 1, 'Aux1', NULL, 0, 1, 'Aux2', NULL, 0, 1, 'Aux3', NULL, 0, 1, 'Aux4', '$ST+REBOOT+{tag}={pwd}', 0, 'ACC', 'Input2', 'SOS', 'Input4', 'Input5', 'Input6', 'Input7', 'Input8', 'Output1', 'Output2', 'Output3', 'Output4', 'Output5', 'Output6', 'Output7', 'Output8', 0, 'Analog1', 'VDC', 'BYPASS', NULL, NULL, NULL, 0, 'Analog2', 'VDC', 'BYPASS', NULL, NULL, NULL, 0, '$ST+TMSG+{tag}={pwd},{msg}', '2011-05-23 23:00:00', NULL),
(153, 1, '4', 1, '1', 1, '$ST+GETPOSITION+{tag}={pwd}', 1, 0, NULL, 0, 1, '$ST+VMON+{tag}={pwd},0811112705', 1, 1, '0', 0, 1, '$ST+OUTS+{tag}={pwd},4,1', 0, 1, '$ST+OUTS+{tag}={pwd},4,0', 0, 1, NULL, 0, 1, 'Aux1', NULL, 0, 1, 'Aux2', NULL, 0, 1, 'Aux3', NULL, 0, 1, 'Aux4', '$ST+REBOOT+{tag}={pwd}', 0, 'ACC', 'Input2', 'SOS', 'Input4', 'Input5', 'Input6', 'Input7', 'Input8', 'Output1', 'Output2', 'Output3', 'Output4', 'Output5', 'Output6', 'Output7', 'Output8', 0, 'Analog1', 'VDC', 'BYPASS', NULL, NULL, NULL, 0, 'Analog2', 'VDC', 'BYPASS', NULL, NULL, NULL, 0, '$ST+TMSG+{tag}={pwd},{msg}', NULL, NULL),
(271, 1, '4', 1, '1', 1, '$ST+GETPOSITION+{tag}={pwd}', 1, 0, NULL, 0, 1, '$ST+VMON+{tag}={pwd},0811112705', 1, 1, '0', 0, 1, '$ST+OUTS+{tag}={pwd},4,1', 0, 1, '$ST+OUTS+{tag}={pwd},4,0', 0, 1, NULL, 0, 1, 'Aux1', NULL, 0, 1, 'Aux2', NULL, 0, 1, 'Aux3', NULL, 0, 1, 'Aux4', '$ST+REBOOT+{tag}={pwd}', 0, 'ACC', 'Input2', 'SOS', 'Input4', 'Input5', 'Input6', 'Input7', 'Input8', 'Output1', 'Output2', 'Output3', 'Output4', 'Output5', 'Output6', 'Output7', 'Output8', 0, 'Analog1', 'VDC', 'BYPASS', NULL, NULL, NULL, 0, 'Analog2', 'VDC', 'BYPASS', NULL, NULL, NULL, 0, '$ST+TMSG+{tag}={pwd},{msg}', NULL, NULL),
(272, 1, '4', 1, '1', 1, '$ST+GETPOSITION+{tag}={pwd}', 1, 0, NULL, 0, 1, '$ST+VMON+{tag}={pwd},0811112705', 1, 1, '0', 0, 1, '$ST+OUTS+{tag}={pwd},4,1', 0, 1, '$ST+OUTS+{tag}={pwd},4,0', 0, 1, NULL, 0, 1, 'Aux1', NULL, 0, 1, 'Aux2', NULL, 0, 1, 'Aux3', NULL, 0, 1, 'Aux4', '$ST+REBOOT+{tag}={pwd}', 0, 'ACC', 'Input2', 'SOS', 'Input4', 'Input5', 'Input6', 'Input7', 'Input8', 'Output1', 'Output2', 'Output3', 'Output4', 'Output5', 'Output6', 'Output7', 'Output8', 0, 'Analog1', 'VDC', 'BYPASS', NULL, NULL, NULL, 0, 'Analog2', 'VDC', 'BYPASS', NULL, NULL, NULL, 0, '$ST+TMSG+{tag}={pwd},{msg}', NULL, NULL),
(277, 1, '4', 1, '1', 1, '$ST+GETPOSITION+{tag}={pwd}', 1, 0, NULL, 0, 1, '$ST+VMON+{tag}={pwd},0811112705', 1, 1, '0', 0, 1, '$ST+OUTS+{tag}={pwd},4,1', 0, 1, '$ST+OUTS+{tag}={pwd},4,0', 0, 1, NULL, 0, 1, 'Aux1', NULL, 0, 1, 'Aux2', NULL, 0, 1, 'Aux3', NULL, 0, 1, 'Aux4', '$ST+REBOOT+{tag}={pwd}', 0, 'ACC', 'Input2', 'SOS', 'Input4', 'Input5', 'Input6', 'Input7', 'Input8', 'Output1', 'Output2', 'Output3', 'Output4', 'Output5', 'Output6', 'Output7', 'Output8', 0, 'Analog1', 'VDC', 'BYPASS', NULL, NULL, NULL, 0, 'Analog2', 'VDC', 'BYPASS', NULL, NULL, NULL, 0, '$ST+TMSG+{tag}={pwd},{msg}', NULL, NULL),
(296, 1, '4', 1, '1', 1, '$ST+GETPOSITION+{tag}={pwd}', 1, 0, NULL, 0, 1, '$ST+VMON+{tag}={pwd},0811112705', 1, 1, '0', 0, 1, '$ST+OUTS+{tag}={pwd},4,1', 0, 1, '$ST+OUTS+{tag}={pwd},4,0', 0, 1, NULL, 0, 1, 'Aux1', NULL, 0, 1, 'Aux2', NULL, 0, 1, 'Aux3', NULL, 0, 1, 'Aux4', '$ST+REBOOT+{tag}={pwd}', 0, 'ACC', 'Input2', 'SOS', 'Input4', 'Input5', 'Input6', 'Input7', 'Input8', 'Output1', 'Output2', 'Output3', 'Output4', 'Output5', 'Output6', 'Output7', 'Output8', 0, 'Analog1', 'VDC', 'BYPASS', NULL, NULL, NULL, 0, 'Analog2', 'VDC', 'BYPASS', NULL, NULL, NULL, 0, '$ST+TMSG+{tag}={pwd},{msg}', NULL, NULL),
(525, 1, '4', 1, '1', 1, '$ST+GETPOSITION+{tag}={pwd}', 1, 0, NULL, 0, 1, '$ST+VMON+{tag}={pwd},0811112705', 1, 1, '0', 0, 1, '$ST+OUTS+{tag}={pwd},4,1', 0, 1, '$ST+OUTS+{tag}={pwd},4,0', 0, 1, NULL, 0, 1, 'Aux1', NULL, 0, 1, 'Aux2', NULL, 0, 1, 'Aux3', NULL, 0, 1, 'Aux4', '$ST+REBOOT+{tag}={pwd}', 0, 'ACC', 'Input2', 'SOS', 'Input4', 'Input5', 'Input6', 'Input7', 'Input8', 'Output1', 'Output2', 'Output3', 'Output4', 'Output5', 'Output6', 'Output7', 'Output8', 0, 'Analog1', 'VDC', 'BYPASS', NULL, NULL, NULL, 0, 'Analog2', 'VDC', 'BYPASS', NULL, NULL, NULL, 0, '$ST+TMSG+{tag}={pwd},{msg}', NULL, NULL),
(526, 1, '4', 1, '1', 1, '$ST+GETPOSITION+{tag}={pwd}', 1, 0, NULL, 0, 1, '$ST+VMON+{tag}={pwd},0811112705', 1, 1, '0', 0, 1, '$ST+OUTS+{tag}={pwd},4,1', 0, 1, '$ST+OUTS+{tag}={pwd},4,0', 0, 1, NULL, 0, 1, 'Aux1', NULL, 0, 1, 'Aux2', NULL, 0, 1, 'Aux3', NULL, 0, 1, 'Aux4', '$ST+REBOOT+{tag}={pwd}', 0, 'ACC', 'Input2', 'SOS', 'Input4', 'Input5', 'Input6', 'Input7', 'Input8', 'Output1', 'Output2', 'Output3', 'Output4', 'Output5', 'Output6', 'Output7', 'Output8', 0, 'Analog1', 'VDC', 'BYPASS', NULL, NULL, NULL, 0, 'Analog2', 'VDC', 'BYPASS', NULL, NULL, NULL, 0, '$ST+TMSG+{tag}={pwd},{msg}', NULL, NULL),
(527, 1, '4', 1, '1', 1, '$ST+GETPOSITION+{tag}={pwd}', 1, 0, NULL, 0, 1, '$ST+VMON+{tag}={pwd},0811112705', 1, 1, '0', 0, 1, '$ST+OUTS+{tag}={pwd},4,1', 0, 1, '$ST+OUTS+{tag}={pwd},4,0', 0, 1, NULL, 0, 1, 'Aux1', NULL, 0, 1, 'Aux2', NULL, 0, 1, 'Aux3', NULL, 0, 1, 'Aux4', '$ST+REBOOT+{tag}={pwd}', 0, 'ACC', 'Input2', 'SOS', 'Input4', 'Input5', 'Input6', 'Input7', 'Input8', 'Output1', 'Output2', 'Output3', 'Output4', 'Output5', 'Output6', 'Output7', 'Output8', 0, 'Analog1', 'VDC', 'BYPASS', NULL, NULL, NULL, 0, 'Analog2', 'VDC', 'BYPASS', NULL, NULL, NULL, 0, '$ST+TMSG+{tag}={pwd},{msg}', NULL, NULL),
(528, 1, '4', 1, '1', 1, '$ST+GETPOSITION+{tag}={pwd}', 1, 0, NULL, 0, 1, '$ST+VMON+{tag}={pwd},0811112705', 1, 1, '0', 0, 1, '$ST+OUTS+{tag}={pwd},4,1', 0, 1, '$ST+OUTS+{tag}={pwd},4,0', 0, 1, NULL, 0, 1, 'Aux1', NULL, 0, 1, 'Aux2', NULL, 0, 1, 'Aux3', NULL, 0, 1, 'Aux4', '$ST+REBOOT+{tag}={pwd}', 0, 'ACC', 'Input2', 'SOS', 'Input4', 'Input5', 'Input6', 'Input7', 'Input8', 'Output1', 'Output2', 'Output3', 'Output4', 'Output5', 'Output6', 'Output7', 'Output8', 0, 'Analog1', 'VDC', 'BYPASS', NULL, NULL, NULL, 0, 'Analog2', 'VDC', 'BYPASS', NULL, NULL, NULL, 0, '$ST+TMSG+{tag}={pwd},{msg}', NULL, NULL),
(529, 1, '4', 1, '1', 1, '$ST+GETPOSITION+{tag}={pwd}', 1, 0, NULL, 0, 1, '$ST+VMON+{tag}={pwd},0811112705', 1, 1, '0', 0, 1, '$ST+OUTS+{tag}={pwd},4,1', 0, 1, '$ST+OUTS+{tag}={pwd},4,0', 0, 1, NULL, 0, 1, 'Aux1', NULL, 0, 1, 'Aux2', NULL, 0, 1, 'Aux3', NULL, 0, 1, 'Aux4', '$ST+REBOOT+{tag}={pwd}', 0, 'ACC', 'Input2', 'SOS', 'Input4', 'Input5', 'Input6', 'Input7', 'Input8', 'Output1', 'Output2', 'Output3', 'Output4', 'Output5', 'Output6', 'Output7', 'Output8', 0, 'Analog1', 'VDC', 'BYPASS', NULL, NULL, NULL, 0, 'Analog2', 'VDC', 'BYPASS', NULL, NULL, NULL, 0, '$ST+TMSG+{tag}={pwd},{msg}', NULL, NULL),
(530, 0, '0', 0, '1', 1, '$ST+GETPOSITION+{tag}={pwd}', 1, 0, NULL, 0, 1, NULL, 0, 1, NULL, 0, 1, '$ST+OUTS+{tag}={pwd},4,1', 0, 1, '$ST+OUTS+{tag}={pwd},4,0', 0, 1, NULL, 0, 1, 'Aux1', NULL, 0, 1, 'Aux2', NULL, 0, 1, 'Aux3', NULL, 0, 1, 'Aux4', '$ST+REBOOT+{tag}={pwd}', 0, 'ACC', 'Input 2', 'Input 3', 'Input 4', 'Input 5', 'Input 6', 'Input 712', 'Input 8123', 'Output1', 'Output2', 'Output3', 'Output4', 'Output5', 'Output6', 'Output7', 'Output812', 0, 'Analog1', 'VDC', 'BYPASS', NULL, NULL, NULL, 0, 'Analog2', 'VDC', 'BYPASS', NULL, NULL, NULL, 0, '$ST+TMSG+{tag}={pwd},{msg}', NULL, ''),
(549, 0, NULL, NULL, NULL, NULL, '', 0, 0, '', 0, 0, '', 0, 0, '', 0, 0, '', 0, 0, '', 0, 0, '', 0, 0, '', '', 0, 0, '', '', 0, 0, '', '', 0, 0, '', '', 0, 'CUSTOM', 'CUSTOM', 'CUSTOM', 'CUSTOM', 'CUSTOM', 'CUSTOM', 'CUSTOM', 'CUSTOM', '', '', '', '', '', '', '', '', 0, '', '', '', 0.00, 0.00, 0.00, 0, '', '', '', 0.00, 0.00, 0.00, 0, '', '0000-00-00 00:00:00', '');

-- --------------------------------------------------------

--
-- Table structure for table `device_groups`
--

CREATE TABLE IF NOT EXISTS `device_groups` (
  `id` int(10) NOT NULL AUTO_INCREMENT,
  `code` varchar(50) NOT NULL,
  `customer_id` bigint(19) NOT NULL,
  PRIMARY KEY (`id`),
  UNIQUE KEY `IX_device_groups` (`code`,`customer_id`),
  KEY `FK_device_groups_customers` (`customer_id`)
) ENGINE=InnoDB  DEFAULT CHARSET=latin1 AUTO_INCREMENT=62 ;

--
-- Dumping data for table `device_groups`
--

INSERT INTO `device_groups` (`id`, `code`, `customer_id`) VALUES
(55, 'Datanet', 25),
(22, 'KJN', 7),
(61, 'KJN 2', 7);

-- --------------------------------------------------------

--
-- Table structure for table `device_group_devices`
--

CREATE TABLE IF NOT EXISTS `device_group_devices` (
  `device_id` int(10) NOT NULL,
  `device_group_id` int(10) NOT NULL,
  PRIMARY KEY (`device_group_id`,`device_id`),
  KEY `FK_device_group_devices_devices` (`device_id`)
) ENGINE=InnoDB DEFAULT CHARSET=latin1;

--
-- Dumping data for table `device_group_devices`
--

INSERT INTO `device_group_devices` (`device_id`, `device_group_id`) VALUES
(20, 22),
(33, 22),
(58, 22),
(68, 22),
(71, 22),
(72, 22),
(73, 22),
(75, 22),
(76, 22),
(77, 22),
(78, 22),
(79, 22),
(80, 22),
(81, 22),
(82, 22),
(83, 22),
(84, 22),
(85, 22),
(86, 22),
(87, 22),
(88, 22),
(89, 22),
(150, 22),
(151, 22),
(153, 22),
(271, 22),
(272, 22),
(277, 22),
(296, 22),
(525, 22),
(526, 22),
(527, 22),
(528, 22),
(529, 22),
(530, 55);

-- --------------------------------------------------------

--
-- Table structure for table `device_package_history`
--

CREATE TABLE IF NOT EXISTS `device_package_history` (
  `unit_id` int(10) NOT NULL,
  `config_pack` varchar(20) NOT NULL,
  `modified_date` datetime DEFAULT NULL,
  `user_id` int(10) DEFAULT NULL
) ENGINE=InnoDB DEFAULT CHARSET=latin1;

--
-- Dumping data for table `device_package_history`
--


-- --------------------------------------------------------

--
-- Table structure for table `device_type`
--

CREATE TABLE IF NOT EXISTS `device_type` (
  `id` int(10) NOT NULL AUTO_INCREMENT,
  `name` varchar(50) DEFAULT NULL,
  `description` varchar(255) DEFAULT NULL,
  `icon_header_name` varchar(255) DEFAULT NULL,
  `icon_folder` varchar(255) DEFAULT NULL,
  PRIMARY KEY (`id`)
) ENGINE=InnoDB  DEFAULT CHARSET=latin1 AUTO_INCREMENT=3 ;

--
-- Dumping data for table `device_type`
--

INSERT INTO `device_type` (`id`, `name`, `description`, `icon_header_name`, `icon_folder`) VALUES
(1, 'CAR', 'CAR', 'car', './images/device_icons'),
(2, 'Personal Tracker', 'Personal Tracker', 'car', './images/device_icons');

-- --------------------------------------------------------

--
-- Table structure for table `drivers`
--

CREATE TABLE IF NOT EXISTS `drivers` (
  `id` int(10) NOT NULL AUTO_INCREMENT,
  `nik` varchar(50) DEFAULT NULL,
  `full_name` varchar(255) DEFAULT NULL,
  `birth_place` varchar(255) DEFAULT NULL,
  `birth_date` datetime DEFAULT NULL,
  `address` varchar(255) DEFAULT NULL,
  `license_no` varchar(50) DEFAULT NULL,
  `identity_no` varchar(50) DEFAULT NULL,
  `access_no` varchar(50) DEFAULT NULL,
  `cash_card_no` varchar(50) DEFAULT NULL,
  `join_date` datetime DEFAULT NULL,
  `status` int(10) DEFAULT NULL,
  `status_date` datetime DEFAULT NULL,
  `base_operation` varchar(50) DEFAULT NULL,
  `customer_id` bigint(19) DEFAULT NULL,
  PRIMARY KEY (`id`)
) ENGINE=InnoDB  DEFAULT CHARSET=latin1 AUTO_INCREMENT=8 ;

--
-- Dumping data for table `drivers`
--

INSERT INTO `drivers` (`id`, `nik`, `full_name`, `birth_place`, `birth_date`, `address`, `license_no`, `identity_no`, `access_no`, `cash_card_no`, `join_date`, `status`, `status_date`, `base_operation`, `customer_id`) VALUES
(1, '12345', 'Dedy Sukandar', 'Surakarta', NULL, 'Bogor asdsad asdd', '123456789045664', '098765432134522', '112233443', '0145008100035970', '2009-06-25 00:00:00', 2, '2009-01-01 00:00:00', 'Jakarta', 1),
(2, '23456', 'Glenn R. Wenas', 'Balikpapan', NULL, 'Bogor', '987645345986456', '245876806768345', '123456789', '0145008100035806', '2009-06-24 00:00:00', 1, '2009-06-09 00:00:00', '', 5),
(7, '34567', 'Natanael', 'Jogja', NULL, 'test address', '123345768943532', '265967643245764', '932454353', '0145008100035996', '2002-03-12 00:00:00', 1, NULL, 'Bogor', 5);

-- --------------------------------------------------------

--
-- Table structure for table `fuel_groups`
--

CREATE TABLE IF NOT EXISTS `fuel_groups` (
  `id` int(10) NOT NULL AUTO_INCREMENT,
  `customer_id` bigint(19) NOT NULL,
  `fuel_group_code` varchar(50) NOT NULL,
  `name` varchar(255) DEFAULT NULL,
  `comsumption_rate` double DEFAULT NULL,
  PRIMARY KEY (`id`),
  UNIQUE KEY `IDX_fuel_groups` (`customer_id`,`fuel_group_code`)
) ENGINE=InnoDB DEFAULT CHARSET=latin1 AUTO_INCREMENT=1 ;

--
-- Dumping data for table `fuel_groups`
--


-- --------------------------------------------------------

--
-- Table structure for table `fuel_types`
--

CREATE TABLE IF NOT EXISTS `fuel_types` (
  `id` int(10) NOT NULL AUTO_INCREMENT,
  `name` varchar(50) DEFAULT NULL,
  PRIMARY KEY (`id`)
) ENGINE=InnoDB  DEFAULT CHARSET=latin1 AUTO_INCREMENT=6 ;

--
-- Dumping data for table `fuel_types`
--

INSERT INTO `fuel_types` (`id`, `name`) VALUES
(1, 'Bensin'),
(2, 'Solar'),
(5, 'Pertamax');

-- --------------------------------------------------------

--
-- Table structure for table `gps_events`
--

CREATE TABLE IF NOT EXISTS `gps_events` (
  `id` bigint(19) NOT NULL AUTO_INCREMENT,
  `device_id` int(10) DEFAULT NULL,
  `unit_id` varchar(50) DEFAULT NULL,
  `tag` varchar(50) DEFAULT NULL,
  `gps_time` datetime DEFAULT NULL,
  `latitude` double DEFAULT NULL,
  `longitude` double DEFAULT NULL,
  `speed` int(10) DEFAULT NULL,
  `heading` int(10) DEFAULT NULL,
  `altitude` int(10) DEFAULT NULL,
  `satellite` int(10) DEFAULT NULL,
  `mileage` double DEFAULT NULL,
  `report_id` int(10) DEFAULT NULL,
  `input_flags` varchar(8) DEFAULT NULL,
  `output_flags` varchar(8) DEFAULT NULL,
  `device_status` int(10) DEFAULT NULL,
  `is_from_sms` tinyint(4) DEFAULT NULL,
  `driver_id` int(10) DEFAULT NULL,
  `location` varchar(255) DEFAULT NULL,
  `initial_mileage` double DEFAULT NULL,
  `mileage_distance` double DEFAULT NULL,
  `reverse_geo_attempt` int(10) DEFAULT '0',
  `status` int(10) DEFAULT '0',
  `analog_input1` varchar(50) DEFAULT NULL,
  `analog_input1_value` decimal(18,2) DEFAULT NULL,
  `analog_input2` varchar(50) DEFAULT NULL,
  `analog_input2_value` decimal(18,2) DEFAULT NULL,
  `rfid_tag` varchar(50) DEFAULT NULL,
  `barcode` varchar(50) DEFAULT NULL,
  `local_time` datetime DEFAULT NULL,
  `landmark_name` varchar(255) DEFAULT NULL,
  `created_date` timestamp NULL DEFAULT CURRENT_TIMESTAMP,
  `sos_status` varchar(50) DEFAULT NULL,
  `acc_status` varchar(50) DEFAULT NULL,
  PRIMARY KEY (`id`)
) ENGINE=InnoDB  DEFAULT CHARSET=latin1 AUTO_INCREMENT=192947 ;

--
-- Dumping data for table `gps_events`
--

INSERT INTO `gps_events` (`id`, `device_id`, `unit_id`, `tag`, `gps_time`, `latitude`, `longitude`, `speed`, `heading`, `altitude`, `satellite`, `mileage`, `report_id`, `input_flags`, `output_flags`, `device_status`, `is_from_sms`, `driver_id`, `location`, `initial_mileage`, `mileage_distance`, `reverse_geo_attempt`, `status`, `analog_input1`, `analog_input1_value`, `analog_input2`, `analog_input2_value`, `rfid_tag`, `barcode`, `local_time`, `landmark_name`, `created_date`, `sos_status`, `acc_status`) VALUES
(23653, 42, '1009070032', NULL, NULL, -6.892053, 107.58508, 0, 140, 791, 0, 30211.4, 43, '00000000', '00000000', NULL, 0, NULL, NULL, NULL, 0, 0, 1, NULL, NULL, NULL, NULL, NULL, NULL, '2012-08-09 09:08:57', 'Pool Alat Berat Bandung', NULL, 'OFF', 'OFF'),
(192944, 271, '1009070258', NULL, '2011-06-03 00:33:12', -6.250915, 106.865417, 24, 202, 41, 9, 77543.1, 9, '00000000', '00000000', NULL, 0, NULL, 'Jalan Dewi Sartika, Jakarta 12770, Indonesia', 0, 0, 0, 1, NULL, 0.00, NULL, 0.00, NULL, NULL, '2012-08-09 09:09:07', '', '2011-06-03 07:33:01', 'OFF', 'OFF'),
(192945, 88, '1009070079', NULL, '2011-06-03 00:47:53', -6.568722, 106.766198, 0, 0, 202, 0, 204222.9, 41, '00000000', '00000000', NULL, 0, NULL, '', 0, 0, 0, 1, NULL, 0.00, NULL, 0.00, NULL, NULL, '2012-08-08 13:48:35', 'Kerub Head Office', '2012-08-09 09:09:12', 'OFF', 'OFF'),
(192946, 75, '1009070066', NULL, '2011-06-03 03:52:08', -6.568822, 106.766795, 0, 0, 232, 0, 362944.8, 41, '00000000', '00000000', NULL, 0, NULL, '', 0, 0, 0, 1, NULL, 0.00, NULL, 0.00, NULL, NULL, '2012-08-09 09:09:18', 'Kerub Head Office', '2011-06-03 10:51:57', 'OFF', 'OFF');

-- --------------------------------------------------------

--
-- Table structure for table `gps_track`
--

CREATE TABLE IF NOT EXISTS `gps_track` (
  `id` bigint(19) NOT NULL AUTO_INCREMENT,
  `device_id` int(10) DEFAULT NULL,
  `unit_id` varchar(50) DEFAULT NULL,
  `tag` varchar(50) DEFAULT NULL,
  `gps_time` datetime DEFAULT NULL,
  `latitude` double DEFAULT NULL,
  `longitude` double DEFAULT NULL,
  `speed` int(10) DEFAULT NULL,
  `heading` int(10) DEFAULT NULL,
  `altitude` int(10) DEFAULT NULL,
  `satellite` int(10) DEFAULT NULL,
  `mileage` double DEFAULT NULL,
  `report_id` int(10) DEFAULT NULL,
  `input_flags` varchar(8) DEFAULT NULL,
  `output_flags` varchar(8) DEFAULT NULL,
  `device_status` int(10) DEFAULT NULL,
  `is_from_sms` tinyint(4) DEFAULT '0',
  `driver_id` int(10) DEFAULT NULL,
  `location` varchar(255) DEFAULT NULL,
  `initial_mileage` double DEFAULT NULL,
  `mileage_distance` double DEFAULT NULL,
  `prev_id` bigint(19) DEFAULT NULL,
  `next_id` bigint(19) DEFAULT NULL,
  `reverse_geo_attempt` int(10) DEFAULT '0',
  `analog_input1` varchar(50) DEFAULT NULL,
  `analog_input1_value` decimal(18,2) DEFAULT NULL,
  `analog_input2` varchar(50) DEFAULT NULL,
  `analog_input2_value` decimal(18,2) DEFAULT NULL,
  `rfid_tag` varchar(50) DEFAULT NULL,
  `barcode` varchar(50) DEFAULT NULL,
  `local_time` datetime DEFAULT NULL,
  `landmark_name` varchar(255) DEFAULT NULL,
  `created_date` timestamp NULL DEFAULT CURRENT_TIMESTAMP,
  `sos_status` varchar(50) DEFAULT NULL,
  `acc_status` varchar(50) DEFAULT NULL,
  PRIMARY KEY (`id`),
  KEY `IX_gps_track` (`unit_id`,`gps_time`),
  KEY `IX2_gps_track` (`local_time`),
  KEY `IX3_gps_track` (`device_id`)
) ENGINE=InnoDB  DEFAULT CHARSET=latin1 AUTO_INCREMENT=7837985 ;

--
-- Dumping data for table `gps_track`
--

INSERT INTO `gps_track` (`id`, `device_id`, `unit_id`, `tag`, `gps_time`, `latitude`, `longitude`, `speed`, `heading`, `altitude`, `satellite`, `mileage`, `report_id`, `input_flags`, `output_flags`, `device_status`, `is_from_sms`, `driver_id`, `location`, `initial_mileage`, `mileage_distance`, `prev_id`, `next_id`, `reverse_geo_attempt`, `analog_input1`, `analog_input1_value`, `analog_input2`, `analog_input2_value`, `rfid_tag`, `barcode`, `local_time`, `landmark_name`, `created_date`, `sos_status`, `acc_status`) VALUES
(7787675, 58, '1009070049', NULL, NULL, 0, 0, 0, 0, 0, 0, 0, 0, '00000001', '00000000', NULL, 0, NULL, 'North Atlantic Ocean, Bahamas', NULL, NULL, NULL, 7787676, 2, NULL, NULL, NULL, NULL, NULL, NULL, NULL, NULL, '2011-05-24 21:31:27', NULL, NULL),
(7787676, 58, '1009070049', NULL, NULL, 0, 0, 0, 0, 0, 0, 0, 0, '00000001', '00000000', NULL, 0, NULL, 'North Atlantic Ocean, Bahamas', 0, 0, 7787675, 7787679, 1, NULL, 0.00, NULL, 0.00, NULL, NULL, NULL, '', '2011-05-24 21:32:14', 'OFF', 'ON'),
(7836924, 81, '1009070072', NULL, '2012-08-09 00:00:05', -6.254187, 106.965105, 75, 64, 43, 10, 155806.9, 2, '00000001', '00000000', NULL, 0, NULL, 'Jalan Tol Jakarta - Cikampek, Bekasi, Indonesia', 0, 5.29999999998836, 7836905, 7836949, 1, NULL, 0.00, NULL, 0.00, NULL, NULL, '2012-08-09 07:00:05', '', '2011-06-03 06:59:54', 'OFF', 'ON'),
(7836925, 86, '1009070077', NULL, '2012-08-09 00:00:50', -6.28377, 106.666105, 34, 96, 54, 9, 221984.7, 2, '00000001', '00000000', NULL, 0, NULL, 'Jalan Letnan Sutopo, Legok, Indonesia', 0, 3.60000000000582, 7836906, 7836953, 1, NULL, 0.00, NULL, 0.00, NULL, NULL, '2012-08-09 07:00:50', '', '2011-06-03 07:00:35', 'OFF', 'ON'),
(7836926, 296, '1009070283', NULL, '2012-08-09 00:00:49', -6.376608, 106.831925, 44, 17, 97, 9, 75936.5, 2, '00000001', '00000000', NULL, 0, NULL, 'Jalan Margonda, Depok, Indonesia', 0, 2.80000000000291, 7836907, 7836952, 1, NULL, 0.00, NULL, 0.00, NULL, NULL, '2012-08-09 07:00:49', '', '2011-06-03 07:00:48', 'OFF', 'ON'),
(7836927, 271, '1009070258', NULL, '2012-08-09 00:01:09', -6.249113, 106.866262, 0, 204, 38, 9, 77543.1, 2, '00000000', '00000000', NULL, 0, NULL, 'Jalan Dewi Sartika, Jakarta Capital Region 12770, Indonesia', 0, 0, 7836908, 7836954, 1, NULL, 0.00, NULL, 0.00, NULL, NULL, '2012-08-09 07:01:09', '', '2011-06-03 07:00:54', 'OFF', 'OFF'),
(7836928, 151, '1009070139', NULL, '2012-08-09 00:01:41', -6.181243, 106.969792, 0, 0, 32, 10, 101541.2, 2, '00000001', '00000000', NULL, 0, NULL, 'Jalan Menteng Utama, Jakarta Capital Region 13910, Indonesia', 0, 0, 7836910, 7836947, 1, NULL, 0.00, NULL, 0.00, NULL, NULL, '2012-08-09 07:01:41', '', '2011-06-03 07:01:26', 'OFF', 'ON'),
(7836929, 68, '1009070059', NULL, '2012-08-09 00:01:41', -6.249002, 106.866295, 0, 0, 30, 10, 323915.1, 2, '00000001', '00000000', NULL, 0, NULL, 'Jalan Dewi Sartika, Jakarta Capital Region 12770, Indonesia', 0, 0, 7836909, 7836936, 1, NULL, 0.00, NULL, 0.00, NULL, NULL, '2012-08-09 07:01:41', '', '2011-06-03 07:01:30', 'OFF', 'ON'),
(7836930, 80, '1009070071', NULL, '2012-08-09 00:01:53', -6.236622, 106.753577, 16, 80, 46, 11, 185773.7, 2, '00000001', '00000000', NULL, 0, NULL, 'Jalan Ciledug Raya, Jakarta Capital Region 12270, Indonesia', 0, 0.300000000017462, 7836922, 7836957, 1, NULL, 0.00, NULL, 0.00, NULL, NULL, '2012-08-09 07:01:53', '', '2011-06-03 07:01:39', 'OFF', 'ON'),
(7836931, 71, '1009070062', NULL, '2012-08-09 00:02:03', -6.181285, 106.9699, 0, 0, 36, 11, 182369.7, 2, '00000001', '00000000', NULL, 0, NULL, 'Jalan Menteng Utama, Jakarta Capital Region 13910, Indonesia', 0, 0, 7836912, 7836945, 1, NULL, 0.00, NULL, 0.00, NULL, NULL, '2012-08-09 07:02:03', '', '2011-06-03 07:01:48', 'OFF', 'ON'),
(7836932, 529, '1009070400', NULL, '2012-08-09 00:02:03', -6.568643, 106.766543, 0, 0, 250, 7, 284553, 2, '00000000', '00000000', NULL, 0, NULL, 'Jalan Brigadir Jenderal H Sapta Adjie Hadiprawira, Bogor, Indonesia', 0, 0, 7836360, 7836958, 1, NULL, 0.00, NULL, 0.00, NULL, NULL, '2012-08-09 07:02:03', 'Kerub Head Office', '2011-06-03 07:01:52', 'OFF', 'OFF'),
(7836933, 82, '1009070073', NULL, '2012-08-09 00:02:19', -6.709455, 106.945992, 0, 154, 1076, 10, 26684.4, 60, '00000001', '00000000', NULL, 0, NULL, 'Jalan Cibeureum - Alun Alun, Cisarua, Indonesia', 0, 0, 7836918, 7836940, 1, NULL, 0.00, NULL, 0.00, NULL, NULL, '2012-08-09 07:02:19', '', '2011-06-03 07:02:05', 'OFF', 'ON'),
(7836934, 89, '1009070080', NULL, '2012-08-09 00:02:25', -6.653893, 106.876478, 33, 107, 571, 10, 331817.4, 2, '00000001', '00000000', NULL, 0, NULL, 'Jalan Puncak Raya, Megamendung, Indonesia', 0, 3, 7836914, 7836960, 1, NULL, 0.00, NULL, 0.00, NULL, NULL, '2012-08-09 07:02:25', '', '2011-06-03 07:02:12', 'OFF', 'ON'),
(7836935, 58, '1009070049', NULL, '2012-08-09 00:02:05', -7.81624, 110.377828, 0, 134, 133, 8, 137176.8, 2, '00000000', '00000000', NULL, 0, NULL, 'Jalan Menteri Supeno, Yogyakarta, Indonesia', 0, 0, 7836913, 7836997, 1, NULL, 0.00, NULL, 0.00, NULL, NULL, '2012-08-09 07:02:05', '', '2011-06-03 07:02:16', 'OFF', 'OFF'),
(7836936, 68, '1009070059', NULL, '2012-08-09 00:02:38', -6.249002, 106.866295, 0, 0, 30, 9, 323915.1, 60, '00000001', '00000000', NULL, 0, NULL, 'Jalan Dewi Sartika, Jakarta Capital Region 12770, Indonesia', 0, 0, 7836929, 7836955, 1, NULL, 0.00, NULL, 0.00, NULL, NULL, '2012-08-09 07:02:38', '', '2011-06-03 07:02:24', 'OFF', 'ON'),
(7836937, 525, '1009070396', NULL, '2012-08-09 00:02:44', -6.568695, 106.766612, 0, 82, 228, 11, 807.4, 2, '00000001', '00000000', NULL, 0, NULL, 'Jalan Brigadir Jenderal H Sapta Adjie Hadiprawira, Bogor, Indonesia', 0, 0, 7836915, 7836961, 1, NULL, 0.00, NULL, 0.00, NULL, NULL, '2012-08-09 07:02:44', 'Kerub Head Office', '2011-06-03 07:02:29', 'OFF', 'ON'),
(7836938, 20, '1009070010', NULL, '2012-08-09 00:02:52', -6.45998, 106.742328, 0, 103, 136, 11, 165818.3, 2, '00000001', '00000000', NULL, 0, NULL, 'Perumahan Inkopad, Bojonggede, Indonesia', 0, 0, 7836916, 7836962, 1, NULL, 0.00, NULL, 0.00, NULL, NULL, '2012-08-09 07:02:52', '', '2011-06-03 07:02:37', 'OFF', 'ON'),
(7836939, 76, '1009070067', NULL, '2012-08-09 00:02:55', -6.366835, 106.88983, 0, 0, 78, 9, 176753.8, 2, '00000001', '00000000', NULL, 0, NULL, 'Jalan Karya Bakti, Jakarta Capital Region 13720, Indonesia', 0, 0, 7836917, 7836944, 1, NULL, 0.00, NULL, 0.00, NULL, NULL, '2012-08-09 07:02:55', '', '2011-06-03 07:02:41', 'OFF', 'ON'),
(7836940, 82, '1009070073', NULL, '2012-08-09 00:03:09', -6.709455, 106.945992, 0, 154, 1076, 10, 26684.4, 2, '00000001', '00000000', NULL, 0, NULL, 'Jalan Cibeureum - Alun Alun, Cisarua, Indonesia', 0, 0, 7836933, 7836964, 1, NULL, 0.00, NULL, 0.00, NULL, NULL, '2012-08-09 07:03:09', '', '2011-06-03 07:02:55', 'OFF', 'ON'),
(7836941, 73, '1009070064', NULL, '2012-08-09 00:03:24', -6.53968, 106.771253, 38, 155, 193, 11, 309108.1, 2, '00000001', '00000000', NULL, 0, NULL, 'Jalan Kyai Haji Soleh Iskandar, Bogor, Indonesia', 0, 2.59999999997672, 7836919, 7836965, 1, NULL, 0.00, NULL, 0.00, NULL, NULL, '2012-08-09 07:03:24', '', '2011-06-03 07:03:09', 'OFF', 'ON'),
(7836942, 33, '1009070023', NULL, '2012-08-09 00:03:44', -6.206625, 106.80262, 72, 139, 29, 8, 136384.6, 2, '00000001', '00000000', NULL, 0, NULL, 'Jalan Tol Jenderal Gatot Subroto, Jakarta Capital Region 12210, Indonesia', 0, 3.60000000000582, 7836920, 7836966, 1, NULL, 0.00, NULL, 0.00, NULL, NULL, '2012-08-09 07:03:44', '', '2011-06-03 07:03:33', 'OFF', 'ON'),
(7836943, 150, '1009070138', NULL, '2012-08-09 00:03:51', -6.181227, 106.969002, 9, 272, 23, 11, 105457.8, 2, '00000001', '00000000', NULL, 0, NULL, 'Jalan Menteng Utama, Jakarta Capital Region 13910, Indonesia', 0, 0, 7836921, 7836946, 1, NULL, 0.00, NULL, 0.00, NULL, NULL, '2012-08-09 07:03:51', '', '2011-06-03 07:03:37', 'OFF', 'ON'),
(7836944, 76, '1009070067', NULL, '2012-08-09 00:03:53', -6.366835, 106.88983, 0, 0, 78, 10, 176753.8, 60, '00000001', '00000000', NULL, 0, NULL, 'Jalan Karya Bakti, Jakarta Capital Region 13720, Indonesia', 0, 0, 7836939, 7836963, 1, NULL, 0.00, NULL, 0.00, NULL, NULL, '2012-08-09 07:03:53', '', '2011-06-03 07:03:41', 'OFF', 'ON'),
(7836945, 71, '1009070062', NULL, '2012-08-09 00:03:59', -6.181227, 106.969475, 11, 273, 24, 11, 182369.8, 61, '00000001', '00000000', NULL, 0, NULL, 'Jalan Menteng Utama, Jakarta Capital Region 13910, Indonesia', 0, 0.099999999976717, 7836931, 7836959, 1, NULL, 0.00, NULL, 0.00, NULL, NULL, '2012-08-09 07:03:59', '', '2011-06-03 07:03:45', 'OFF', 'ON'),
(7836946, 150, '1009070138', NULL, '2012-08-09 00:03:57', -6.181227, 106.968825, 11, 274, 21, 11, 105457.8, 61, '00000001', '00000000', NULL, 0, NULL, 'Jalan Menteng Utama, Jakarta Capital Region 13910, Indonesia', 0, 0, 7836943, 7836967, 1, NULL, 0.00, NULL, 0.00, NULL, NULL, '2012-08-09 07:03:57', '', '2011-06-03 07:03:49', 'OFF', 'ON'),
(7836947, 151, '1009070139', NULL, '2012-08-09 00:04:04', -6.181238, 106.969205, 11, 267, 21, 11, 101541.3, 61, '00000001', '00000000', NULL, 0, NULL, 'Jalan Menteng Utama, Jakarta Capital Region 13910, Indonesia', 0, 0.100000000005821, 7836928, 7836956, 1, NULL, 0.00, NULL, 0.00, NULL, NULL, '2012-08-09 07:04:04', '', '2011-06-03 07:03:52', 'OFF', 'ON'),
(7836948, 153, '1009070141', NULL, '2012-08-09 00:04:23', -6.3009, 106.683722, 0, 150, 55, 10, 109452.1, 2, '00000001', '00000000', NULL, 0, NULL, 'Jalan Letnan Sutopo, Serpong, Indonesia', 0, 3.5, 7836923, 7836968, 1, NULL, 0.00, NULL, 0.00, NULL, NULL, '2012-08-09 07:04:23', '', '2011-06-03 07:04:09', 'OFF', 'ON'),
(7836949, 81, '1009070072', NULL, '2012-08-09 00:05:05', -6.261762, 107.014573, 72, 109, 44, 11, 155812.8, 2, '00000001', '00000000', NULL, 0, NULL, 'Jalan Tol Jakarta - Cikampek, Bekasi, Indonesia', 0, 5.89999999999418, 7836924, 7836970, 1, NULL, 0.00, NULL, 0.00, NULL, NULL, '2012-08-09 07:05:05', '', '2011-06-03 07:04:50', 'OFF', 'ON'),
(7836950, 77, '1009070068', NULL, '2012-08-09 00:05:15', -6.19621, 106.655152, 0, 29, 37, 0, 291903.5, 11, '00000001', '00000000', NULL, 0, NULL, 'Jalan Wijaya Kusuma 1, Tangerang, Indonesia', 0, 0, 7836883, 7836951, 1, NULL, 0.00, NULL, 0.00, NULL, NULL, '2012-08-09 07:05:15', '', '2011-06-03 07:05:01', 'OFF', 'ON'),
(7836951, 77, '1009070068', NULL, '2012-08-09 00:05:15', -6.196285, 106.655167, 0, 0, 36, 7, 291903.5, 2, '00000001', '00000000', NULL, 0, NULL, 'Jalan Wijaya Kusuma 1, Tangerang, Indonesia', 0, 0, 7836950, 7836973, 1, NULL, 0.00, NULL, 0.00, NULL, NULL, '2012-08-09 07:05:15', '', '2011-06-03 07:05:04', 'OFF', 'ON'),
(7836952, 296, '1009070283', NULL, '2012-08-09 00:05:49', -6.353895, 106.831863, 42, 9, 85, 9, 75939.6, 2, '00000001', '00000000', NULL, 0, NULL, 'Jalan Lingkar Kampus Raya, 12640, Indonesia', 0, 3.10000000000582, 7836926, 7836974, 1, NULL, 0.00, NULL, 0.00, NULL, NULL, '2012-08-09 07:05:49', '', '2011-06-03 07:05:35', 'OFF', 'ON'),
(7836953, 86, '1009070077', NULL, '2012-08-09 00:05:50', -6.301515, 106.684007, 29, 153, 61, 10, 221987.7, 2, '00000001', '00000000', NULL, 0, NULL, 'Jalan Letnan Sutopo, Serpong, Indonesia', 0, 3, 7836925, 7836975, 1, NULL, 0.00, NULL, 0.00, NULL, NULL, '2012-08-09 07:05:50', '', '2011-06-03 07:05:38', 'OFF', 'ON'),
(7836954, 271, '1009070258', NULL, '2012-08-09 00:06:09', -6.249113, 106.866262, 0, 204, 38, 9, 77543.1, 2, '00000000', '00000000', NULL, 0, NULL, 'Jalan Dewi Sartika, Jakarta Capital Region 12770, Indonesia', 0, 0, 7836927, 7836976, 1, NULL, 0.00, NULL, 0.00, NULL, NULL, '2012-08-09 07:06:09', '', '2011-06-03 07:05:54', 'OFF', 'OFF'),
(7836955, 68, '1009070059', NULL, '2012-08-09 00:06:41', -6.249002, 106.866295, 0, 0, 30, 10, 323915.1, 2, '00000001', '00000000', NULL, 0, NULL, 'Jalan Dewi Sartika, Jakarta Capital Region 12770, Indonesia', 0, 0, 7836936, 7836977, 1, NULL, 0.00, NULL, 0.00, NULL, NULL, '2012-08-09 07:06:41', '', '2011-06-03 07:06:26', 'OFF', 'ON'),
(7836956, 151, '1009070139', NULL, '2012-08-09 00:06:41', -6.18488, 106.966015, 11, 200, 29, 11, 101541.9, 2, '00000001', '00000000', NULL, 0, NULL, 'Jalan Menteng Niaga, Jakarta Capital Region 13910, Indonesia', 0, 0.599999999991269, 7836947, 7836978, 1, NULL, 0.00, NULL, 0.00, NULL, NULL, '2012-08-09 07:06:41', '', '2011-06-03 07:06:29', 'OFF', 'ON'),
(7836957, 80, '1009070071', NULL, '2012-08-09 00:06:53', -6.238103, 106.763437, 5, 88, 39, 11, 185774.8, 2, '00000001', '00000000', NULL, 0, NULL, 'Jalan Ciledug Raya, Jakarta Capital Region 12270, Indonesia', 0, 1.09999999997672, 7836930, 7836979, 1, NULL, 0.00, NULL, 0.00, NULL, NULL, '2012-08-09 07:06:53', '', '2011-06-03 07:06:38', 'OFF', 'ON'),
(7836958, 529, '1009070400', NULL, '2012-08-09 00:07:03', -6.568613, 106.766577, 0, 0, 253, 10, 284553, 2, '00000000', '00000000', NULL, 0, NULL, 'Jalan Brigadir Jenderal H Sapta Adjie Hadiprawira, Bogor, Indonesia', 0, 0, 7836932, 7836981, 1, NULL, 0.00, NULL, 0.00, NULL, NULL, '2012-08-09 07:07:03', 'Kerub Head Office', '2011-06-03 07:06:48', 'OFF', 'OFF'),
(7836959, 71, '1009070062', NULL, '2012-08-09 00:07:03', -6.185102, 106.965937, 7, 199, 29, 11, 182370.4, 2, '00000001', '00000000', NULL, 0, NULL, 'Jalan Menteng Niaga, Jakarta Capital Region 13910, Indonesia', 0, 0.600000000005821, 7836945, 7836980, 1, NULL, 0.00, NULL, 0.00, NULL, NULL, '2012-08-09 07:07:03', '', '2011-06-03 07:06:51', 'OFF', 'ON'),
(7836960, 89, '1009070080', NULL, '2012-08-09 00:07:25', -6.649932, 106.90321, 36, 110, 658, 9, 331820.4, 2, '00000001', '00000000', NULL, 0, NULL, 'Jalan Puncak Raya, Cisarua, Indonesia', 0, 3, 7836934, 7836982, 1, NULL, 0.00, NULL, 0.00, NULL, NULL, '2012-08-09 07:07:25', '', '2011-06-03 07:07:10', 'OFF', 'ON'),
(7836961, 525, '1009070396', NULL, '2012-08-09 00:07:44', -6.568695, 106.766612, 0, 82, 228, 11, 807.4, 2, '00000001', '00000000', NULL, 0, NULL, 'Jalan Brigadir Jenderal H Sapta Adjie Hadiprawira, Bogor, Indonesia', 0, 0, 7836937, 7836983, 1, NULL, 0.00, NULL, 0.00, NULL, NULL, '2012-08-09 07:07:44', 'Kerub Head Office', '2011-06-03 07:07:29', 'OFF', 'ON'),
(7836962, 20, '1009070010', NULL, '2012-08-09 00:07:52', -6.45998, 106.742328, 0, 103, 136, 10, 165818.3, 2, '00000001', '00000000', NULL, 0, NULL, 'Perumahan Inkopad, Bojonggede, Indonesia', 0, 0, 7836938, 7836969, 1, NULL, 0.00, NULL, 0.00, NULL, NULL, '2012-08-09 07:07:52', '', '2011-06-03 07:07:37', 'OFF', 'ON'),
(7836963, 76, '1009070067', NULL, '2012-08-09 00:07:55', -6.366835, 106.88983, 0, 0, 78, 10, 176753.8, 2, '00000001', '00000000', NULL, 0, NULL, 'Jalan Karya Bakti, Jakarta Capital Region 13720, Indonesia', 0, 0, 7836944, 7836986, 1, NULL, 0.00, NULL, 0.00, NULL, NULL, '2012-08-09 07:07:55', '', '2011-06-03 07:07:41', 'OFF', 'ON'),
(7836964, 82, '1009070073', NULL, '2012-08-09 00:08:09', -6.709455, 106.945992, 0, 154, 1076, 9, 26684.4, 2, '00000001', '00000000', NULL, 0, NULL, 'Jalan Cibeureum - Alun Alun, Cisarua, Indonesia', 0, 0, 7836940, 7836988, 1, NULL, 0.00, NULL, 0.00, NULL, NULL, '2012-08-09 07:08:09', '', '2011-06-03 07:07:54', 'OFF', 'ON'),
(7836965, 73, '1009070064', NULL, '2012-08-09 00:08:24', -6.559902, 106.787263, 35, 108, 223, 10, 309111.1, 2, '00000001', '00000000', NULL, 0, NULL, 'Jalan Kyai Haji Soleh Iskandar, Bogor, Indonesia', 0, 3, 7836941, 7836990, 1, NULL, 0.00, NULL, 0.00, NULL, NULL, '2012-08-09 07:08:24', '', '2011-06-03 07:08:09', 'OFF', 'ON'),
(7836966, 33, '1009070023', NULL, '2012-08-09 00:08:44', -6.24318, 106.84299, 71, 105, 52, 10, 136390.9, 2, '00000001', '00000000', NULL, 0, NULL, 'Jalan Tol Jenderal Gatot Subroto, Jakarta Capital Region 12870, Indonesia', 0, 6.29999999998836, 7836942, 7836991, 1, NULL, 0.00, NULL, 0.00, NULL, NULL, '2012-08-09 07:08:44', '', '2011-06-03 07:08:34', 'OFF', 'ON'),
(7836967, 150, '1009070138', NULL, '2012-08-09 00:08:51', -6.188772, 106.963643, 16, 290, 29, 11, 105458.9, 2, '00000001', '00000000', NULL, 0, NULL, 'Jalan Bekasi Raya, Kawasan Industri, Jakarta Capital Region 13960, Indonesia', 0, 1.09999999999127, 7836946, 7836992, 1, NULL, 0.00, NULL, 0.00, NULL, NULL, '2012-08-09 07:08:51', '', '2011-06-03 07:08:37', 'OFF', 'ON'),
(7836968, 153, '1009070141', NULL, '2012-08-09 00:09:23', -6.2965, 106.709432, 71, 55, 60, 9, 109455.7, 2, '00000001', '00000000', NULL, 0, NULL, 'Jalan Tol Ulujami - Serpong, Ciputat, Indonesia', 0, 3.59999999999127, 7836948, 7836994, 1, NULL, 0.00, NULL, 0.00, NULL, NULL, '2012-08-09 07:09:23', '', '2011-06-03 07:09:08', 'OFF', 'ON'),
(7836969, 20, '1009070010', NULL, '2012-08-09 00:09:58', -6.459715, 106.741772, 11, 305, 133, 11, 165818.4, 61, '00000001', '00000000', NULL, 0, NULL, 'Perumahan Inkopad, Bojonggede, Indonesia', 0, 0.100000000005821, 7836962, 7836985, 1, NULL, 0.00, NULL, 0.00, NULL, NULL, '2012-08-09 07:09:58', '', '2011-06-03 07:09:44', 'OFF', 'ON'),
(7836970, 81, '1009070072', NULL, '2012-08-09 00:10:05', -6.278103, 107.058373, 58, 107, 57, 10, 155818, 2, '00000001', '00000000', NULL, 0, NULL, 'Jalan Tol Jakarta - Cikampek, Bekasi, Indonesia', 0, 5.20000000001164, 7836949, 7836996, 1, NULL, 0.00, NULL, 0.00, NULL, NULL, '2012-08-09 07:10:05', '', '2011-06-03 07:09:50', 'OFF', 'ON'),
(7836971, 87, '1009070078', NULL, '2012-08-09 00:10:03', -6.19334, 106.671477, 0, 352, 30, 0, 1680.2, 11, '00000001', '00000000', NULL, 0, NULL, 'Jalan Cipondoh Indah, Tangerang, Indonesia', 0, 0, 7836596, 7836972, 1, NULL, 0.00, NULL, 0.00, NULL, NULL, '2012-08-09 07:10:03', '', '2011-06-03 07:09:53', 'OFF', 'ON'),
(7836972, 87, '1009070078', NULL, '2012-08-09 00:10:03', -6.193282, 106.670952, 0, 0, 30, 5, 1680.3, 2, '00000001', '00000000', NULL, 0, NULL, 'Jalan Cipondoh Indah, Tangerang, Indonesia', 0, 0.0999999999999091, 7836971, 7836995, 1, NULL, 0.00, NULL, 0.00, NULL, NULL, '2012-08-09 07:10:03', '', '2011-06-03 07:09:56', 'OFF', 'ON'),
(7836973, 77, '1009070068', NULL, '2012-08-09 00:10:15', -6.196285, 106.655167, 0, 0, 42, 10, 291903.5, 2, '00000001', '00000000', NULL, 0, NULL, 'Jalan Wijaya Kusuma 1, Tangerang, Indonesia', 0, 0, 7836951, 7837004, 1, NULL, 0.00, NULL, 0.00, NULL, NULL, '2012-08-09 07:10:15', '', '2011-06-03 07:10:00', 'OFF', 'ON'),
(7836974, 296, '1009070283', NULL, '2012-08-09 00:10:49', -6.324395, 106.834157, 42, 34, 73, 9, 75943, 2, '00000001', '00000000', NULL, 0, NULL, 'Jalan Lenteng Agung Barat, Jakarta Capital Region 12610, Indonesia', 0, 3.39999999999418, 7836952, 7837000, 1, NULL, 0.00, NULL, 0.00, NULL, NULL, '2012-08-09 07:10:49', '', '2011-06-03 07:10:34', 'OFF', 'ON'),
(7836975, 86, '1009070077', NULL, '2012-08-09 00:10:50', -6.29047, 106.722953, 73, 62, 59, 10, 221993, 2, '00000001', '00000000', NULL, 0, NULL, 'Jalan Tol Ulujami - Serpong, Ciputat, Indonesia', 0, 5.29999999998836, 7836953, 7837001, 1, NULL, 0.00, NULL, 0.00, NULL, NULL, '2012-08-09 07:10:50', '', '2011-06-03 07:10:38', 'OFF', 'ON'),
(7836976, 271, '1009070258', NULL, '2012-08-09 00:11:09', -6.249113, 106.866262, 0, 204, 38, 9, 77543.1, 2, '00000000', '00000000', NULL, 0, NULL, 'Jalan Dewi Sartika, Jakarta Capital Region 12770, Indonesia', 0, 0, 7836954, 7837003, 1, NULL, 0.00, NULL, 0.00, NULL, NULL, '2012-08-09 07:11:09', '', '2011-06-03 07:10:54', 'OFF', 'OFF'),
(7836977, 68, '1009070059', NULL, '2012-08-09 00:11:41', -6.249002, 106.866295, 0, 0, 30, 9, 323915.1, 2, '00000001', '00000000', NULL, 0, NULL, 'Jalan Dewi Sartika, Jakarta Capital Region 12770, Indonesia', 0, 0, 7836955, 7837005, 1, NULL, 0.00, NULL, 0.00, NULL, NULL, '2012-08-09 07:11:41', '', '2011-06-03 07:11:26', 'OFF', 'ON'),
(7836978, 151, '1009070139', NULL, '2012-08-09 00:11:41', -6.18646, 106.954808, 50, 281, 23, 11, 101543.4, 2, '00000001', '00000000', NULL, 0, NULL, 'Jalan Bekasi Raya, Jakarta Capital Region 13910, Indonesia', 0, 1.5, 7836956, 7837006, 1, NULL, 0.00, NULL, 0.00, NULL, NULL, '2012-08-09 07:11:41', '', '2011-06-03 07:11:29', 'OFF', 'ON'),
(7836979, 80, '1009070071', NULL, '2012-08-09 00:11:53', -6.238023, 106.770802, 0, 87, 44, 9, 185775.6, 2, '00000001', '00000000', NULL, 0, NULL, 'Jalan Ciledug Raya, Jakarta Capital Region 12250, Indonesia', 0, 0.800000000017462, 7836957, 7837007, 1, NULL, 0.00, NULL, 0.00, NULL, NULL, '2012-08-09 07:11:53', '', '2011-06-03 07:11:38', 'OFF', 'ON'),
(7836980, 71, '1009070062', NULL, '2012-08-09 00:12:03', -6.186463, 106.954753, 49, 281, 33, 11, 182371.9, 2, '00000001', '00000000', NULL, 0, NULL, 'Jalan Bekasi Raya, Jakarta Capital Region 13910, Indonesia', 0, 1.5, 7836959, 7837008, 1, NULL, 0.00, NULL, 0.00, NULL, NULL, '2012-08-09 07:12:03', '', '2011-06-03 07:11:48', 'OFF', 'ON'),
(7836981, 529, '1009070400', NULL, '2012-08-09 00:12:03', -6.568613, 106.766577, 0, 0, 253, 11, 284553, 2, '00000000', '00000000', NULL, 0, NULL, 'Jalan Brigadir Jenderal H Sapta Adjie Hadiprawira, Bogor, Indonesia', 0, 0, 7836958, 7837022, 1, NULL, 0.00, NULL, 0.00, NULL, NULL, '2012-08-09 07:12:03', 'Kerub Head Office', '2011-06-03 07:11:52', 'OFF', 'OFF'),
(7836982, 89, '1009070080', NULL, '2012-08-09 00:12:25', -6.656603, 106.916207, 6, 55, 706, 8, 331822.4, 2, '00000001', '00000000', NULL, 0, NULL, 'Jalan Puncak Raya, Cisarua, Indonesia', 0, 2, 7836960, 7837009, 1, NULL, 0.00, NULL, 0.00, NULL, NULL, '2012-08-09 07:12:25', '', '2011-06-03 07:12:10', 'OFF', 'ON'),
(7836983, 525, '1009070396', NULL, '2012-08-09 00:12:44', -6.568695, 106.766612, 0, 82, 228, 10, 807.4, 2, '00000001', '00000000', NULL, 0, NULL, 'Jalan Brigadir Jenderal H Sapta Adjie Hadiprawira, Bogor, Indonesia', 0, 0, 7836961, 7837010, 1, NULL, 0.00, NULL, 0.00, NULL, NULL, '2012-08-09 07:12:44', 'Kerub Head Office', '2011-06-03 07:12:29', 'OFF', 'ON'),
(7836984, 79, '1009070070', NULL, '2012-08-09 00:12:48', -6.568547, 106.766602, 0, 0, 233, 4, 239619.5, 2, '00000000', '00000000', NULL, 0, NULL, 'Jalan Brigadir Jenderal H Sapta Adjie Hadiprawira, Bogor, Indonesia', 0, 0, 7836419, 7837011, 1, NULL, 0.00, NULL, 0.00, NULL, NULL, '2012-08-09 07:12:48', 'Kerub Head Office', '2011-06-03 07:12:33', 'OFF', 'OFF'),
(7836985, 20, '1009070010', NULL, '2012-08-09 00:12:52', -6.455133, 106.737952, 26, 332, 134, 11, 165819.1, 2, '00000001', '00000000', NULL, 0, NULL, 'Jalan Parung - Kalisuren, Semplak 2, Indonesia', 0, 0.700000000011641, 7836969, 7837012, 1, NULL, 0.00, NULL, 0.00, NULL, NULL, '2012-08-09 07:12:52', '', '2011-06-03 07:12:37', 'OFF', 'ON'),
(7836986, 76, '1009070067', NULL, '2012-08-09 00:12:55', -6.366835, 106.88983, 0, 0, 78, 9, 176753.8, 2, '00000001', '00000000', NULL, 0, NULL, 'Jalan Karya Bakti, Jakarta Capital Region 13720, Indonesia', 0, 0, 7836963, 7837013, 1, NULL, 0.00, NULL, 0.00, NULL, NULL, '2012-08-09 07:12:55', '', '2011-06-03 07:12:41', 'OFF', 'ON'),
(7836987, 84, '1009070075', NULL, '2012-08-09 00:13:05', -7.816247, 110.377768, 0, 0, 115, 0, 153828.9, 11, '00000001', '00000000', NULL, 0, NULL, 'Jalan Menteri Supeno, Yogyakarta, Indonesia', 0, 0, 7836420, 7836989, 1, NULL, 0.00, NULL, 0.00, NULL, NULL, '2012-08-09 07:13:05', '', '2011-06-03 07:12:52', 'OFF', 'ON'),
(7836988, 82, '1009070073', NULL, '2012-08-09 00:13:09', -6.709455, 106.945992, 0, 154, 1076, 9, 26684.4, 2, '00000001', '00000000', NULL, 0, NULL, 'Jalan Cibeureum - Alun Alun, Cisarua, Indonesia', 0, 0, 7836964, 7837014, 1, NULL, 0.00, NULL, 0.00, NULL, NULL, '2012-08-09 07:13:09', '', '2011-06-03 07:12:56', 'OFF', 'ON'),
(7836989, 84, '1009070075', NULL, '2012-08-09 00:13:21', -7.81633, 110.377635, 0, 0, 92, 6, 153828.9, 2, '00000001', '00000000', NULL, 0, NULL, 'Jalan Menteri Supeno, Yogyakarta, Indonesia', 0, 0, 7836987, 7837018, 1, NULL, 0.00, NULL, 0.00, NULL, NULL, '2012-08-09 07:13:21', '', '2011-06-03 07:13:07', 'OFF', 'ON'),
(7836990, 73, '1009070064', NULL, '2012-08-09 00:13:24', -6.563607, 106.810242, 0, 111, 216, 8, 309113.7, 2, '00000001', '00000000', NULL, 0, NULL, 'Jalan Haji Soleh Iskandar, Bogor, Indonesia', 0, 2.60000000003492, 7836965, 7837019, 1, NULL, 0.00, NULL, 0.00, NULL, NULL, '2012-08-09 07:13:24', '', '2011-06-03 07:13:10', 'OFF', 'ON'),
(7836991, 33, '1009070023', NULL, '2012-08-09 00:13:44', -6.26713, 106.87323, 90, 184, 41, 10, 136397.5, 2, '00000001', '00000000', NULL, 0, NULL, 'Jalan Tol Jagorawi, Jakarta Capital Region 13640, Indonesia', 0, 6.60000000000582, 7836966, 7837020, 1, NULL, 0.00, NULL, 0.00, NULL, NULL, '2012-08-09 07:13:44', '', '2011-06-03 07:13:29', 'OFF', 'ON'),
(7836992, 150, '1009070138', NULL, '2012-08-09 00:13:51', -6.18424, 106.942107, 31, 280, 22, 10, 105461.3, 2, '00000001', '00000000', NULL, 0, NULL, 'Jalan Bekasi Raya, Kawasan Industri, Jakarta Capital Region 13920, Indonesia', 0, 2.40000000000873, 7836967, 7837021, 1, NULL, 0.00, NULL, 0.00, NULL, NULL, '2012-08-09 07:13:51', '', '2011-06-03 07:13:36', 'OFF', 'ON'),
(7836993, 75, '1009070066', NULL, '2012-08-09 00:14:17', -6.568642, 106.766553, 0, 0, 238, 4, 362944.6, 2, '00000000', '00000000', NULL, 0, NULL, 'Jalan Brigadir Jenderal H Sapta Adjie Hadiprawira, Bogor, Indonesia', 0, 0, 7836425, 7836999, 1, NULL, 0.00, NULL, 0.00, NULL, NULL, '2012-08-09 07:14:17', 'Kerub Head Office', '2011-06-03 07:14:02', 'OFF', 'OFF'),
(7836994, 153, '1009070141', NULL, '2012-08-09 00:14:23', -6.270853, 106.749513, 77, 23, 55, 10, 109461.2, 2, '00000001', '00000000', NULL, 0, NULL, 'Jalan Tol Ulujami - Serpong, Ciputat, Indonesia', 0, 5.5, 7836968, 7837025, 1, NULL, 0.00, NULL, 0.00, NULL, NULL, '2012-08-09 07:14:23', '', '2011-06-03 07:14:08', 'OFF', 'ON'),
(7836995, 87, '1009070078', NULL, '2012-08-09 00:15:03', -6.193437, 106.671537, 0, 0, 21, 9, 1680.4, 2, '00000001', '00000000', NULL, 0, NULL, 'Jalan Cipondoh Indah, Tangerang, Indonesia', 0, 0.100000000000136, 7836972, 7837027, 1, NULL, 0.00, NULL, 0.00, NULL, NULL, '2012-08-09 07:15:03', '', '2011-06-03 07:14:48', 'OFF', 'ON'),
(7836996, 81, '1009070072', NULL, '2012-08-09 00:15:05', -6.29591, 107.107165, 60, 119, 64, 10, 155823.8, 2, '00000001', '00000000', NULL, 0, NULL, 'Jalan Tol Jakarta - Cikampek, Bekasi, Indonesia', 0, 5.79999999998836, 7836970, 7837028, 1, NULL, 0.00, NULL, 0.00, NULL, NULL, '2012-08-09 07:15:05', '', '2011-06-03 07:14:52', 'OFF', 'ON'),
(7836997, 58, '1009070049', NULL, '2012-08-09 00:15:11', -7.81624, 110.377828, 0, 134, 133, 0, 137176.8, 11, '00000001', '00000000', NULL, 0, NULL, 'Jalan Menteri Supeno, Yogyakarta, Indonesia', 0, 0, 7836935, 7836998, 1, NULL, 0.00, NULL, 0.00, NULL, NULL, '2012-08-09 07:15:11', '', '2011-06-03 07:14:58', 'OFF', 'ON'),
(7836998, 58, '1009070049', NULL, '2012-08-09 00:15:12', -7.815992, 110.377113, 0, 0, 133, 4, 137176.9, 2, '00000001', '00000000', NULL, 0, NULL, 'Jalan Menteri Supeno, Yogyakarta, Indonesia', 0, 0.100000000005821, 7836997, 7837029, 1, NULL, 0.00, NULL, 0.00, NULL, NULL, '2012-08-09 07:15:12', '', '2011-06-03 07:15:01', 'OFF', 'ON'),
(7836999, 75, '1009070066', NULL, '2012-08-09 00:15:31', -6.568668, 106.766662, 0, 0, 226, 7, 362944.6, 11, '00000001', '00000000', NULL, 0, NULL, 'Jalan Brigadir Jenderal H Sapta Adjie Hadiprawira, Bogor, Indonesia', 0, 0, 7836993, 7837024, 1, NULL, 0.00, NULL, 0.00, NULL, NULL, '2012-08-09 07:15:31', 'Kerub Head Office', '2011-06-03 07:15:17', 'OFF', 'ON'),
(7837000, 296, '1009070283', NULL, '2012-08-09 00:15:49', -6.302867, 106.839637, 0, 70, 72, 9, 75945.4, 2, '00000001', '00000000', NULL, 0, NULL, 'Jalan Tol Lingkar Luar Jakarta, Jakarta Capital Region 12520, Indonesia', 0, 2.39999999999418, 7836974, 7837031, 1, NULL, 0.00, NULL, 0.00, NULL, NULL, '2012-08-09 07:15:49', '', '2011-06-03 07:15:34', 'OFF', 'ON'),
(7837001, 86, '1009070077', NULL, '2012-08-09 00:15:50', -6.261922, 106.759362, 84, 53, 46, 10, 221998.6, 2, '00000001', '00000000', NULL, 0, NULL, 'Jalan Tol Ulujami - Serpong, Jakarta Capital Region 12320, Indonesia', 0, 5.60000000000582, 7836975, 7837059, 1, NULL, 0.00, NULL, 0.00, NULL, NULL, '2012-08-09 07:15:50', '', '2011-06-03 07:15:38', 'OFF', 'ON'),
(7837002, 72, '1009070063', NULL, '2012-08-09 00:16:07', -6.56883, 106.76688, 0, 0, 219, 9, 356195.5, 11, '00000000', '00000000', NULL, 0, NULL, 'Jalan Brigadir Jenderal H Sapta Adjie Hadiprawira, Bogor, Indonesia', 0, 0, 7836798, 7837664, 1, NULL, 0.00, NULL, 0.00, NULL, NULL, '2012-08-09 07:16:07', 'Kerub Head Office', '2011-06-03 07:15:53', 'OFF', 'OFF'),
(7837003, 271, '1009070258', NULL, '2012-08-09 00:16:09', -6.249113, 106.866262, 0, 204, 38, 9, 77543.1, 2, '00000000', '00000000', NULL, 0, NULL, 'Jalan Dewi Sartika, Jakarta Capital Region 12770, Indonesia', 0, 0, 7836976, 7837033, 1, NULL, 0.00, NULL, 0.00, NULL, NULL, '2012-08-09 07:16:09', '', '2011-06-03 07:15:56', 'OFF', 'OFF'),
(7837004, 77, '1009070068', NULL, '2012-08-09 00:16:12', -6.196285, 106.655167, 0, 0, 42, 9, 291903.5, 60, '00000001', '00000000', NULL, 0, NULL, 'Jalan Wijaya Kusuma 1, Tangerang, Indonesia', 0, 0, 7836973, 7837030, 1, NULL, 0.00, NULL, 0.00, NULL, NULL, '2012-08-09 07:16:12', '', '2011-06-03 07:16:00', 'OFF', 'ON'),
(7837005, 68, '1009070059', NULL, '2012-08-09 00:16:41', -6.249002, 106.866295, 0, 0, 30, 10, 323915.1, 2, '00000001', '00000000', NULL, 0, NULL, 'Jalan Dewi Sartika, Jakarta Capital Region 12770, Indonesia', 0, 0, 7836977, 7837034, 1, NULL, 0.00, NULL, 0.00, NULL, NULL, '2012-08-09 07:16:41', '', '2011-06-03 07:16:26', 'OFF', 'ON'),
(7837006, 151, '1009070139', NULL, '2012-08-09 00:16:41', -6.183338, 106.938387, 5, 296, 25, 10, 101545.2, 2, '00000001', '00000000', NULL, 0, NULL, 'Jalan Bekasi Raya, Jakarta Capital Region 13920, Indonesia', 0, 1.80000000000291, 7836978, 7837035, 1, NULL, 0.00, NULL, 0.00, NULL, NULL, '2012-08-09 07:16:41', '', '2011-06-03 07:16:30', 'OFF', 'ON'),
(7837007, 80, '1009070071', NULL, '2012-08-09 00:16:53', -6.238143, 106.774283, 0, 87, 46, 10, 185775.9, 2, '00000001', '00000000', NULL, 0, NULL, 'Jalan Ciledug Raya, Jakarta Capital Region 12230, Indonesia', 0, 0.299999999988358, 7836979, 7837036, 1, NULL, 0.00, NULL, 0.00, NULL, NULL, '2012-08-09 07:16:53', '', '2011-06-03 07:16:38', 'OFF', 'ON'),
(7837008, 71, '1009070062', NULL, '2012-08-09 00:17:03', -6.184925, 106.93696, 28, 194, 25, 9, 182373.9, 2, '00000001', '00000000', NULL, 0, NULL, 'Jalan Bekasi Raya, Jakarta Capital Region 13920, Indonesia', 0, 2, 7836980, 7837038, 1, NULL, 0.00, NULL, 0.00, NULL, NULL, '2012-08-09 07:17:03', '', '2011-06-03 07:16:48', 'OFF', 'ON'),
(7837009, 89, '1009070080', NULL, '2012-08-09 00:17:25', -6.65659, 106.91631, 0, 107, 703, 8, 331822.4, 2, '00000001', '00000000', NULL, 0, NULL, 'Jalan Jogjogan, Cisarua, Indonesia', 0, 0, 7836982, 7837039, 1, NULL, 0.00, NULL, 0.00, NULL, NULL, '2012-08-09 07:17:25', '', '2011-06-03 07:17:10', 'OFF', 'ON'),
(7837010, 525, '1009070396', NULL, '2012-08-09 00:17:44', -6.568695, 106.766612, 0, 82, 228, 10, 807.4, 2, '00000001', '00000000', NULL, 0, NULL, 'Jalan Brigadir Jenderal H Sapta Adjie Hadiprawira, Bogor, Indonesia', 0, 0, 7836983, 7837040, 1, NULL, 0.00, NULL, 0.00, NULL, NULL, '2012-08-09 07:17:44', 'Kerub Head Office', '2011-06-03 07:17:29', 'OFF', 'ON'),
(7837011, 79, '1009070070', NULL, '2012-08-09 00:17:48', -6.56862, 106.766737, 0, 0, 248, 9, 239619.5, 2, '00000000', '00000000', NULL, 0, NULL, 'Jalan Brigadir Jenderal H Sapta Adjie Hadiprawira, Bogor, Indonesia', 0, 0, 7836984, 7837037, 1, NULL, 0.00, NULL, 0.00, NULL, NULL, '2012-08-09 07:17:48', 'Kerub Head Office', '2011-06-03 07:17:33', 'OFF', 'OFF'),
(7837012, 20, '1009070010', NULL, '2012-08-09 00:17:52', -6.453578, 106.731207, 39, 186, 142, 8, 165820.7, 2, '00000001', '00000000', NULL, 0, NULL, 'Jalan Raya Bogor - Parung, Semplak 2, Indonesia', 0, 1.60000000000582, 7836985, 7837042, 1, NULL, 0.00, NULL, 0.00, NULL, NULL, '2012-08-09 07:17:52', '', '2011-06-03 07:17:37', 'OFF', 'ON'),
(7837013, 76, '1009070067', NULL, '2012-08-09 00:17:55', -6.366835, 106.88983, 0, 0, 78, 9, 176753.8, 2, '00000001', '00000000', NULL, 0, NULL, 'Jalan Karya Bakti, Jakarta Capital Region 13720, Indonesia', 0, 0, 7836986, 7837070, 1, NULL, 0.00, NULL, 0.00, NULL, NULL, '2012-08-09 07:17:55', '', '2011-06-03 07:17:41', 'OFF', 'ON'),
(7837014, 82, '1009070073', NULL, '2012-08-09 00:18:09', -6.709455, 106.945992, 0, 154, 1076, 9, 26684.4, 2, '00000001', '00000000', NULL, 0, NULL, 'Jalan Cibeureum - Alun Alun, Cisarua, Indonesia', 0, 0, 7836988, 7837044, 1, NULL, 0.00, NULL, 0.00, NULL, NULL, '2012-08-09 07:18:09', '', '2011-06-03 07:17:54', 'OFF', 'ON'),
(7837015, 88, '1009070079', NULL, '2012-08-09 00:18:16', -6.56872, 106.766255, 0, 0, 231, 0, 204222.9, 11, '00000001', '00000000', NULL, 0, NULL, 'Jalan Brigadir Jenderal H Sapta Adjie Hadiprawira, Bogor, Indonesia', 0, 0, 7836676, 7837016, 1, NULL, 0.00, NULL, 0.00, NULL, NULL, '2012-08-09 07:18:16', 'Kerub Head Office', '2011-06-03 07:18:04', 'OFF', 'ON'),
(7837016, 88, '1009070079', NULL, '2012-08-09 00:18:16', -6.56872, 106.766255, 0, 0, 231, 0, 204222.9, 11, '00000000', '00000000', NULL, 0, NULL, 'Jalan Brigadir Jenderal H Sapta Adjie Hadiprawira, Bogor, Indonesia', 0, 0, 7837015, 7837017, 1, NULL, 0.00, NULL, 0.00, NULL, NULL, '2012-08-09 07:18:16', 'Kerub Head Office', '2011-06-03 07:18:07', 'OFF', 'OFF'),
(7837017, 88, '1009070079', NULL, '2012-08-09 00:18:16', -6.568863, 106.766425, 0, 0, 285, 5, 204222.9, 2, '00000000', '00000000', NULL, 0, NULL, 'Jalan Brigadir Jenderal H Sapta Adjie Hadiprawira, Bogor, Indonesia', 0, 0, 7837016, 7837081, 1, NULL, 0.00, NULL, 0.00, NULL, NULL, '2012-08-09 07:18:16', 'Kerub Head Office', '2011-06-03 07:18:10', 'OFF', 'OFF'),
(7837018, 84, '1009070075', NULL, '2012-08-09 00:18:21', -7.816332, 110.377633, 0, 0, 88, 8, 153828.9, 2, '00000001', '00000000', NULL, 0, NULL, 'Jalan Menteri Supeno, Yogyakarta, Indonesia', 0, 0, 7836989, 7837045, 1, NULL, 0.00, NULL, 0.00, NULL, NULL, '2012-08-09 07:18:21', '', '2011-06-03 07:18:13', 'OFF', 'ON'),
(7837019, 73, '1009070064', NULL, '2012-08-09 00:18:24', -6.565152, 106.843335, 40, 108, 224, 9, 309117.8, 2, '00000001', '00000000', NULL, 0, NULL, 'Jalan Mohammad Husni Thamrin, Kedunghalang, Indonesia', 0, 4.09999999997672, 7836990, 7837046, 1, NULL, 0.00, NULL, 0.00, NULL, NULL, '2012-08-09 07:18:24', '', '2011-06-03 07:18:16', 'OFF', 'ON'),
(7837020, 33, '1009070023', NULL, '2012-08-09 00:18:44', -6.323722, 106.88708, 65, 178, 60, 8, 136404.2, 2, '00000001', '00000000', NULL, 0, NULL, 'Jalan Tol Jagorawi, Jakarta Capital Region 13740, Indonesia', 0, 6.70000000001164, 7836991, 7837047, 1, NULL, 0.00, NULL, 0.00, NULL, NULL, '2012-08-09 07:18:44', '', '2011-06-03 07:18:29', 'OFF', 'ON'),
(7837021, 150, '1009070138', NULL, '2012-08-09 00:18:51', -6.19014, 106.944505, 43, 191, 27, 10, 105463, 2, '00000001', '00000000', NULL, 0, NULL, 'Jalan Cakung Cilincing Timur, Jakarta Capital Region 13910, Indonesia', 0, 1.69999999999709, 7836992, 7837048, 1, NULL, 0.00, NULL, 0.00, NULL, NULL, '2012-08-09 07:18:51', '', '2011-06-03 07:18:36', 'OFF', 'ON'),
(7837022, 529, '1009070400', NULL, '2012-08-09 00:18:55', -6.56875, 106.76673, 0, 0, 263, 5, 284553, 2, '00000001', '00000000', NULL, 0, NULL, 'Jalan Brigadir Jenderal H Sapta Adjie Hadiprawira, Bogor, Indonesia', 0, 0, 7836981, 7837023, 1, NULL, 0.00, NULL, 0.00, NULL, NULL, '2012-08-09 07:18:55', 'Kerub Head Office', '2011-06-03 07:18:41', 'OFF', 'ON'),
(7837023, 529, '1009070400', NULL, '2012-08-09 00:18:55', -6.568613, 106.766577, 0, 0, 253, 0, 284553, 11, '00000001', '00000000', NULL, 0, NULL, 'Jalan Brigadir Jenderal H Sapta Adjie Hadiprawira, Bogor, Indonesia', 0, 0, 7837022, 7837026, 1, NULL, 0.00, NULL, 0.00, NULL, NULL, '2012-08-09 07:18:55', 'Kerub Head Office', '2011-06-03 07:18:44', 'OFF', 'ON'),
(7837024, 75, '1009070066', NULL, '2012-08-09 00:19:17', -6.568668, 106.766662, 0, 0, 226, 10, 362944.6, 2, '00000001', '00000000', NULL, 0, NULL, 'Jalan Brigadir Jenderal H Sapta Adjie Hadiprawira, Bogor, Indonesia', 0, 0, 7836999, 7837049, 1, NULL, 0.00, NULL, 0.00, NULL, NULL, '2012-08-09 07:19:17', 'Kerub Head Office', '2011-06-03 07:19:02', 'OFF', 'ON'),
(7837025, 153, '1009070141', NULL, '2012-08-09 00:19:23', -6.265178, 106.767922, 5, 178, 53, 10, 109466.3, 2, '00000001', '00000000', NULL, 0, NULL, 'Jalan Tol Lingkar Luar Jakarta, Jakarta Capital Region 12330, Indonesia', 0, 5.10000000000582, 7836994, 7837051, 1, NULL, 0.00, NULL, 0.00, NULL, NULL, '2012-08-09 07:19:23', '', '2011-06-03 07:19:08', 'OFF', 'ON'),
(7837026, 529, '1009070400', NULL, '2012-08-09 00:19:29', -6.568712, 106.76663, 0, 70, 223, 10, 284553.1, 11, '00000000', '00000000', NULL, 0, NULL, 'Jalan Brigadir Jenderal H Sapta Adjie Hadiprawira, Bogor, Indonesia', 0, 0.099999999976717, 7837023, 7837100, 1, NULL, 0.00, NULL, 0.00, NULL, NULL, '2012-08-09 07:19:29', 'Kerub Head Office', '2011-06-03 07:19:15', 'OFF', 'OFF'),
(7837027, 87, '1009070078', NULL, '2012-08-09 00:20:03', -6.193437, 106.671537, 0, 0, 21, 10, 1680.4, 2, '00000001', '00000000', NULL, 0, NULL, 'Jalan Cipondoh Indah, Tangerang, Indonesia', 0, 0, 7836995, 7837032, 1, NULL, 0.00, NULL, 0.00, NULL, NULL, '2012-08-09 07:20:03', '', '2011-06-03 07:19:48', 'OFF', 'ON'),
(7837028, 81, '1009070072', NULL, '2012-08-09 00:20:05', -6.316782, 107.143168, 80, 119, 64, 9, 155828.4, 2, '00000001', '00000000', NULL, 0, NULL, 'Jalan Tol Jakarta - Cikampek, Bekasi, Indonesia', 0, 4.60000000000582, 7836996, 7837053, 1, NULL, 0.00, NULL, 0.00, NULL, NULL, '2012-08-09 07:20:05', '', '2011-06-03 07:19:53', 'OFF', 'ON'),
(7837029, 58, '1009070049', NULL, '2012-08-09 00:20:12', -7.816242, 110.3776, 0, 0, 86, 9, 137177.1, 2, '00000001', '00000000', NULL, 0, NULL, 'Jalan Menteri Supeno, Yogyakarta, Indonesia', 0, 0.200000000011642, 7836998, 7837054, 1, NULL, 0.00, NULL, 0.00, NULL, NULL, '2012-08-09 07:20:12', '', '2011-06-03 07:19:59', 'OFF', 'ON'),
(7837030, 77, '1009070068', NULL, '2012-08-09 00:20:15', -6.196285, 106.655167, 0, 0, 42, 10, 291903.5, 2, '00000001', '00000000', NULL, 0, NULL, 'Jalan Wijaya Kusuma 1, Tangerang, Indonesia', 0, 0, 7837004, 7837055, 1, NULL, 0.00, NULL, 0.00, NULL, NULL, '2012-08-09 07:20:15', '', '2011-06-03 07:20:03', 'OFF', 'ON'),
(7837031, 296, '1009070283', NULL, '2012-08-09 00:20:49', -6.304053, 106.847838, 51, 93, 63, 8, 75946.3, 2, '00000001', '00000000', NULL, 0, NULL, 'Jalan Tol Lingkar Luar Jakarta, Jakarta Capital Region 12530, Indonesia', 0, 0.900000000008731, 7837000, 7837056, 1, NULL, 0.00, NULL, 0.00, NULL, NULL, '2012-08-09 07:20:49', '', '2011-06-03 07:20:35', 'OFF', 'ON'),
(7837032, 87, '1009070078', NULL, '2012-08-09 00:21:01', -6.193437, 106.671537, 0, 0, 21, 9, 1680.4, 60, '00000001', '00000000', NULL, 0, NULL, 'Jalan Cipondoh Indah, Tangerang, Indonesia', 0, 0, 7837027, 7837052, 1, NULL, 0.00, NULL, 0.00, NULL, NULL, '2012-08-09 07:21:01', '', '2011-06-03 07:20:47', 'OFF', 'ON'),
(7837033, 271, '1009070258', NULL, '2012-08-09 00:21:09', -6.249113, 106.866262, 0, 204, 38, 10, 77543.1, 2, '00000000', '00000000', NULL, 0, NULL, 'Jalan Dewi Sartika, Jakarta Capital Region 12770, Indonesia', 0, 0, 7837003, 7837057, 1, NULL, 0.00, NULL, 0.00, NULL, NULL, '2012-08-09 07:21:09', '', '2011-06-03 07:20:54', 'OFF', 'OFF'),
(7837034, 68, '1009070059', NULL, '2012-08-09 00:21:41', -6.249002, 106.866295, 0, 0, 30, 10, 323915.1, 2, '00000001', '00000000', NULL, 0, NULL, 'Jalan Dewi Sartika, Jakarta Capital Region 12770, Indonesia', 0, 0, 7837005, 7837061, 1, NULL, 0.00, NULL, 0.00, NULL, NULL, '2012-08-09 07:21:41', '', '2011-06-03 07:21:26', 'OFF', 'ON'),
(7837035, 151, '1009070139', NULL, '2012-08-09 00:21:41', -6.20936, 106.949635, 88, 151, 27, 9, 101548.8, 2, '00000001', '00000000', NULL, 0, NULL, 'Jalan Tol Lingkar Luar, Jakarta Capital Region 13940, Indonesia', 0, 3.60000000000582, 7837006, 7837062, 1, NULL, 0.00, NULL, 0.00, NULL, NULL, '2012-08-09 07:21:41', '', '2011-06-03 07:21:29', 'OFF', 'ON'),
(7837036, 80, '1009070071', NULL, '2012-08-09 00:21:53', -6.238003, 106.776792, 4, 137, 44, 10, 185776.2, 2, '00000001', '00000000', NULL, 0, NULL, 'Jalan Ciledug Raya, Jakarta Capital Region 12230, Indonesia', 0, 0.300000000017462, 7837007, 7837063, 1, NULL, 0.00, NULL, 0.00, NULL, NULL, '2012-08-09 07:21:53', '', '2011-06-03 07:21:38', 'OFF', 'ON'),
(7837037, 79, '1009070070', NULL, '2012-08-09 00:21:59', -6.56862, 106.766737, 0, 0, 248, 9, 239619.5, 11, '00000001', '00000000', NULL, 0, NULL, 'Jalan Brigadir Jenderal H Sapta Adjie Hadiprawira, Bogor, Indonesia', 0, 0, 7837011, 7837041, 1, NULL, 0.00, NULL, 0.00, NULL, NULL, '2012-08-09 07:21:59', 'Kerub Head Office', '2011-06-03 07:21:45', 'OFF', 'ON'),
(7837038, 71, '1009070062', NULL, '2012-08-09 00:22:03', -6.214833, 106.952372, 67, 162, 27, 9, 182378, 2, '00000001', '00000000', NULL, 0, NULL, 'Jalan Tol Lingkar Luar, Jakarta Capital Region 13940, Indonesia', 0, 4.10000000000582, 7837008, 7837064, 1, NULL, 0.00, NULL, 0.00, NULL, NULL, '2012-08-09 07:22:03', '', '2011-06-03 07:21:48', 'OFF', 'ON'),
(7837039, 89, '1009070080', NULL, '2012-08-09 00:22:25', -6.65659, 106.91631, 0, 107, 703, 8, 331822.4, 2, '00000001', '00000000', NULL, 0, NULL, 'Jalan Jogjogan, Cisarua, Indonesia', 0, 0, 7837009, 7837043, 1, NULL, 0.00, NULL, 0.00, NULL, NULL, '2012-08-09 07:22:25', '', '2011-06-03 07:22:10', 'OFF', 'ON'),
(7837040, 525, '1009070396', NULL, '2012-08-09 00:22:44', -6.568695, 106.766612, 0, 82, 228, 11, 807.4, 2, '00000001', '00000000', NULL, 0, NULL, 'Jalan Brigadir Jenderal H Sapta Adjie Hadiprawira, Bogor, Indonesia', 0, 0, 7837010, 7837067, 1, NULL, 0.00, NULL, 0.00, NULL, NULL, '2012-08-09 07:22:44', 'Kerub Head Office', '2011-06-03 07:22:29', 'OFF', 'ON'),
(7837041, 79, '1009070070', NULL, '2012-08-09 00:22:48', -6.56862, 106.766737, 0, 0, 248, 10, 239619.5, 2, '00000001', '00000000', NULL, 0, NULL, 'Jalan Brigadir Jenderal H Sapta Adjie Hadiprawira, Bogor, Indonesia', 0, 0, 7837037, 7837068, 1, NULL, 0.00, NULL, 0.00, NULL, NULL, '2012-08-09 07:22:48', 'Kerub Head Office', '2011-06-03 07:22:33', 'OFF', 'ON'),
(7837042, 20, '1009070010', NULL, '2012-08-09 00:22:52', -6.48003, 106.731457, 30, 170, 149, 10, 165823.7, 2, '00000001', '00000000', NULL, 0, NULL, 'Jalan Raya Bogor - Parung, Semplak 2, Indonesia', 0, 3, 7837012, 7837069, 1, NULL, 0.00, NULL, 0.00, NULL, NULL, '2012-08-09 07:22:52', '', '2011-06-03 07:22:37', 'OFF', 'ON'),
(7837043, 89, '1009070080', NULL, '2012-08-09 00:23:07', -6.65659, 106.91631, 0, 107, 703, 8, 331822.4, 60, '00000001', '00000000', NULL, 0, NULL, 'Jalan Jogjogan, Cisarua, Indonesia', 0, 0, 7837039, 7837065, 1, NULL, 0.00, NULL, 0.00, NULL, NULL, '2012-08-09 07:23:07', '', '2011-06-03 07:22:53', 'OFF', 'ON'),
(7837044, 82, '1009070073', NULL, '2012-08-09 00:23:09', -6.709455, 106.945992, 0, 154, 1076, 9, 26684.4, 2, '00000001', '00000000', NULL, 0, NULL, 'Jalan Cibeureum - Alun Alun, Cisarua, Indonesia', 0, 0, 7837014, 7837071, 1, NULL, 0.00, NULL, 0.00, NULL, NULL, '2012-08-09 07:23:09', '', '2011-06-03 07:22:57', 'OFF', 'ON'),
(7837045, 84, '1009070075', NULL, '2012-08-09 00:23:21', -7.816332, 110.377633, 0, 0, 88, 9, 153828.9, 2, '00000001', '00000000', NULL, 0, NULL, 'Jalan Menteri Supeno, Yogyakarta, Indonesia', 0, 0, 7837018, 7837050, 1, NULL, 0.00, NULL, 0.00, NULL, NULL, '2012-08-09 07:23:21', '', '2011-06-03 07:23:06', 'OFF', 'ON'),
(7837046, 73, '1009070064', NULL, '2012-08-09 00:23:24', -6.593513, 106.833612, 66, 197, 256, 11, 309122.2, 2, '00000001', '00000000', NULL, 0, NULL, 'Jalan Tol Jagorawi, Kedunghalang, Indonesia', 0, 4.40000000002328, 7837019, 7837073, 1, NULL, 0.00, NULL, 0.00, NULL, NULL, '2012-08-09 07:23:24', '', '2011-06-03 07:23:10', 'OFF', 'ON'),
(7837047, 33, '1009070023', NULL, '2012-08-09 00:23:44', -6.372483, 106.895958, 51, 170, 86, 8, 136409.7, 2, '00000001', '00000000', NULL, 0, NULL, 'Jalan Tol Jagorawi, Depok, Indonesia', 0, 5.5, 7837020, 7837074, 1, NULL, 0.00, NULL, 0.00, NULL, NULL, '2012-08-09 07:23:44', '', '2011-06-03 07:23:30', 'OFF', 'ON'),
(7837048, 150, '1009070138', NULL, '2012-08-09 00:23:51', -6.237007, 106.951598, 57, 166, 29, 11, 105468.6, 2, '00000001', '00000000', NULL, 0, NULL, 'Jalan Tol Lingkar Luar, Jakarta Capital Region 13460, Indonesia', 0, 5.60000000000582, 7837021, 7837075, 1, NULL, 0.00, NULL, 0.00, NULL, NULL, '2012-08-09 07:23:51', '', '2011-06-03 07:23:36', 'OFF', 'ON'),
(7837049, 75, '1009070066', NULL, '2012-08-09 00:24:17', -6.568668, 106.766662, 0, 0, 226, 10, 362944.6, 2, '00000001', '00000000', NULL, 0, NULL, 'Jalan Brigadir Jenderal H Sapta Adjie Hadiprawira, Bogor, Indonesia', 0, 0, 7837024, 7837058, 1, NULL, 0.00, NULL, 0.00, NULL, NULL, '2012-08-09 07:24:17', 'Kerub Head Office', '2011-06-03 07:24:03', 'OFF', 'ON'),
(7837050, 84, '1009070075', NULL, '2012-08-09 00:24:19', -7.816332, 110.377633, 0, 0, 88, 8, 153828.9, 60, '00000001', '00000000', NULL, 0, NULL, 'Jalan Menteri Supeno, Yogyakarta, Indonesia', 0, 0, 7837045, 7837066, 1, NULL, 0.00, NULL, 0.00, NULL, NULL, '2012-08-09 07:24:19', '', '2011-06-03 07:24:06', 'OFF', 'ON'),
(7837051, 153, '1009070141', NULL, '2012-08-09 00:24:23', -6.292177, 106.795218, 82, 90, 71, 10, 109471.3, 2, '00000001', '00000000', NULL, 0, NULL, 'Jalan Tol Lingkar Luar Jakarta, Jakarta Capital Region 12430, Indonesia', 0, 5, 7837025, 7837077, 1, NULL, 0.00, NULL, 0.00, NULL, NULL, '2012-08-09 07:24:23', '', '2011-06-03 07:24:10', 'OFF', 'ON'),
(7837052, 87, '1009070078', NULL, '2012-08-09 00:25:03', -6.193437, 106.671537, 0, 0, 21, 11, 1680.4, 2, '00000001', '00000000', NULL, 0, NULL, 'Jalan Cipondoh Indah, Tangerang, Indonesia', 0, 0, 7837032, 7837078, 1, NULL, 0.00, NULL, 0.00, NULL, NULL, '2012-08-09 07:25:03', '', '2011-06-03 07:24:48', 'OFF', 'ON'),
(7837053, 81, '1009070072', NULL, '2012-08-09 00:25:05', -6.342075, 107.195677, 74, 129, 45, 9, 155834.9, 2, '00000001', '00000000', NULL, 0, NULL, 'Jalan Tol Jakarta - Cikampek, Bekasi, Indonesia', 0, 6.5, 7837028, 7837079, 1, NULL, 0.00, NULL, 0.00, NULL, NULL, '2012-08-09 07:25:05', '', '2011-06-03 07:24:52', 'OFF', 'ON'),
(7837054, 58, '1009070049', NULL, '2012-08-09 00:25:12', -7.811165, 110.376892, 28, 10, 126, 8, 137177.7, 2, '00000001', '00000000', NULL, 0, NULL, 'Jalan Taman Siswa, Yogyakarta, Indonesia', 0, 0.600000000005821, 7837029, 7837080, 1, NULL, 0.00, NULL, 0.00, NULL, NULL, '2012-08-09 07:25:12', '', '2011-06-03 07:24:57', 'OFF', 'ON'),
(7837055, 77, '1009070068', NULL, '2012-08-09 00:25:15', -6.196285, 106.655167, 0, 0, 42, 10, 291903.5, 2, '00000001', '00000000', NULL, 0, NULL, 'Jalan Wijaya Kusuma 1, Tangerang, Indonesia', 0, 0, 7837030, 7837082, 1, NULL, 0.00, NULL, 0.00, NULL, NULL, '2012-08-09 07:25:15', '', '2011-06-03 07:25:00', 'OFF', 'ON'),
(7837056, 296, '1009070283', NULL, '2012-08-09 00:25:49', -6.311133, 106.90213, 77, 111, 56, 8, 75952.6, 2, '00000001', '00000000', NULL, 0, NULL, 'Jalan Tol Lingkar Luar TMII - Cikunir, Jakarta Capital Region 13820, Indonesia', 0, 6.30000000000291, 7837031, 7837083, 1, NULL, 0.00, NULL, 0.00, NULL, NULL, '2012-08-09 07:25:49', '', '2011-06-03 07:25:34', 'OFF', 'ON'),
(7837057, 271, '1009070258', NULL, '2012-08-09 00:26:09', -6.249113, 106.866262, 0, 204, 38, 9, 77543.1, 2, '00000000', '00000000', NULL, 0, NULL, 'Jalan Dewi Sartika, Jakarta Capital Region 12770, Indonesia', 0, 0, 7837033, 7837085, 1, NULL, 0.00, NULL, 0.00, NULL, NULL, '2012-08-09 07:26:09', '', '2011-06-03 07:25:54', 'OFF', 'OFF'),
(7837058, 75, '1009070066', NULL, '2012-08-09 00:26:29', -6.568668, 106.766662, 0, 0, 226, 10, 362944.6, 60, '00000001', '00000000', NULL, 0, NULL, 'Jalan Brigadir Jenderal H Sapta Adjie Hadiprawira, Bogor, Indonesia', 0, 0, 7837049, 7837076, 1, NULL, 0.00, NULL, 0.00, NULL, NULL, '2012-08-09 07:26:29', 'Kerub Head Office', '2011-06-03 07:26:15', 'OFF', 'ON'),
(7837059, 86, '1009070077', NULL, '2012-08-09 00:20:50', -6.269677, 106.768447, 70, 181, 47, 9, 222002.4, 2, '00000001', '00000000', NULL, 0, NULL, 'Jalan Tol Lingkar Luar Jakarta, Jakarta Capital Region 12330, Indonesia', 0, 3.79999999998836, 7837001, 7837060, 1, NULL, 0.00, NULL, 0.00, NULL, NULL, '2012-08-09 07:20:50', '', '2011-06-03 07:26:21', 'OFF', 'ON'),
(7837060, 86, '1009070077', NULL, '2012-08-09 00:25:50', -6.29211, 106.81147, 78, 88, 59, 9, 222008.7, 2, '00000001', '00000000', NULL, 0, NULL, 'Jalan Tol Lingkar Luar Jakarta, Jakarta Capital Region 12430, Indonesia', 0, 6.30000000001746, 7837059, 7837084, 1, NULL, 0.00, NULL, 0.00, NULL, NULL, '2012-08-09 07:25:50', '', '2011-06-03 07:26:24', 'OFF', 'ON'),
(7837061, 68, '1009070059', NULL, '2012-08-09 00:26:41', -6.249002, 106.866295, 0, 0, 30, 9, 323915.1, 2, '00000001', '00000000', NULL, 0, NULL, 'Jalan Dewi Sartika, Jakarta Capital Region 12770, Indonesia', 0, 0, 7837034, 7837086, 1, NULL, 0.00, NULL, 0.00, NULL, NULL, '2012-08-09 07:26:41', '', '2011-06-03 07:26:27', 'OFF', 'ON'),
(7837062, 151, '1009070139', NULL, '2012-08-09 00:26:41', -6.261545, 106.957942, 71, 181, 52, 9, 101554.9, 2, '00000001', '00000000', NULL, 0, NULL, 'Jalan Tol Lingkar Luar TMII - Cikunir, Bekasi, Indonesia', 0, 6.09999999999127, 7837035, 7837087, 1, NULL, 0.00, NULL, 0.00, NULL, NULL, '2012-08-09 07:26:41', '', '2011-06-03 07:26:31', 'OFF', 'ON'),
(7837063, 80, '1009070071', NULL, '2012-08-09 00:26:53', -6.241657, 106.782813, 26, 178, 44, 9, 185777.9, 2, '00000001', '00000000', NULL, 0, NULL, 'Jalan Sultan Iskandar Muda, Jakarta Capital Region 12230, Indonesia', 0, 1.69999999998254, 7837036, 7837088, 1, NULL, 0.00, NULL, 0.00, NULL, NULL, '2012-08-09 07:26:53', '', '2011-06-03 07:26:38', 'OFF', 'ON'),
(7837064, 71, '1009070062', NULL, '2012-08-09 00:27:03', -6.265982, 106.958488, 68, 170, 33, 8, 182383.9, 2, '00000001', '00000000', NULL, 0, NULL, 'Jalan Tol Lingkar Luar TMII - Cikunir, Bekasi, Indonesia', 0, 5.89999999999418, 7837038, 7837089, 1, NULL, 0.00, NULL, 0.00, NULL, NULL, '2012-08-09 07:27:03', '', '2011-06-03 07:26:48', 'OFF', 'ON'),
(7837065, 89, '1009070080', NULL, '2012-08-09 00:27:25', -6.65659, 106.91631, 0, 107, 703, 8, 331822.4, 2, '00000001', '00000000', NULL, 0, NULL, 'Jalan Jogjogan, Cisarua, Indonesia', 0, 0, 7837043, 7837090, 1, NULL, 0.00, NULL, 0.00, NULL, NULL, '2012-08-09 07:27:25', '', '2011-06-03 07:27:10', 'OFF', 'ON'),
(7837066, 84, '1009070075', NULL, '2012-08-09 00:27:25', -7.815982, 110.37758, 11, 282, 110, 6, 153828.9, 61, '00000001', '00000000', NULL, 0, NULL, 'Jalan Menteri Supeno, Yogyakarta, Indonesia', 0, 0, 7837050, 7837072, 1, NULL, 0.00, NULL, 0.00, NULL, NULL, '2012-08-09 07:27:25', '', '2011-06-03 07:27:14', 'OFF', 'ON'),
(7837067, 525, '1009070396', NULL, '2012-08-09 00:27:44', -6.568695, 106.766612, 0, 82, 228, 10, 807.4, 2, '00000001', '00000000', NULL, 0, NULL, 'Jalan Brigadir Jenderal H Sapta Adjie Hadiprawira, Bogor, Indonesia', 0, 0, 7837040, 7837091, 1, NULL, 0.00, NULL, 0.00, NULL, NULL, '2012-08-09 07:27:44', 'Kerub Head Office', '2011-06-03 07:27:29', 'OFF', 'ON');
INSERT INTO `gps_track` (`id`, `device_id`, `unit_id`, `tag`, `gps_time`, `latitude`, `longitude`, `speed`, `heading`, `altitude`, `satellite`, `mileage`, `report_id`, `input_flags`, `output_flags`, `device_status`, `is_from_sms`, `driver_id`, `location`, `initial_mileage`, `mileage_distance`, `prev_id`, `next_id`, `reverse_geo_attempt`, `analog_input1`, `analog_input1_value`, `analog_input2`, `analog_input2_value`, `rfid_tag`, `barcode`, `local_time`, `landmark_name`, `created_date`, `sos_status`, `acc_status`) VALUES
(7837068, 79, '1009070070', NULL, '2012-08-09 00:27:48', -6.56862, 106.766737, 0, 0, 248, 10, 239619.5, 2, '00000001', '00000000', NULL, 0, NULL, 'Jalan Brigadir Jenderal H Sapta Adjie Hadiprawira, Bogor, Indonesia', 0, 0, 7837041, 7837094, 1, NULL, 0.00, NULL, 0.00, NULL, NULL, '2012-08-09 07:27:48', 'Kerub Head Office', '2011-06-03 07:27:34', 'OFF', 'ON'),
(7837069, 20, '1009070010', NULL, '2012-08-09 00:27:52', -6.494953, 106.751477, 39, 133, 173, 8, 165826.8, 2, '00000001', '00000000', NULL, 0, NULL, 'Jalan Raya Bogor - Parung, Semplak 2, Indonesia', 0, 3.09999999997672, 7837042, 7837095, 1, NULL, 0.00, NULL, 0.00, NULL, NULL, '2012-08-09 07:27:52', '', '2011-06-03 07:27:38', 'OFF', 'ON'),
(7837070, 76, '1009070067', NULL, '2012-08-09 00:27:55', -6.36684, 106.889957, 0, 68, 73, 4, 176753.8, 2, '00000001', '00000000', NULL, 0, NULL, 'Jalan Karya Bakti, Jakarta Capital Region 13720, Indonesia', 0, 0, 7837013, 7837096, 1, NULL, 0.00, NULL, 0.00, NULL, NULL, '2012-08-09 07:27:55', '', '2011-06-03 07:27:41', 'OFF', 'ON'),
(7837071, 82, '1009070073', NULL, '2012-08-09 00:28:09', -6.709455, 106.945992, 0, 154, 1076, 8, 26684.4, 2, '00000001', '00000000', NULL, 0, NULL, 'Jalan Cibeureum - Alun Alun, Cisarua, Indonesia', 0, 0, 7837044, 7837098, 1, NULL, 0.00, NULL, 0.00, NULL, NULL, '2012-08-09 07:28:09', '', '2011-06-03 07:27:54', 'OFF', 'ON'),
(7837072, 84, '1009070075', NULL, '2012-08-09 00:28:21', -7.815843, 110.376845, 0, 280, 96, 6, 153829, 2, '00000001', '00000000', NULL, 0, NULL, 'Jalan Menteri Supeno, Yogyakarta, Indonesia', 0, 0.100000000005821, 7837066, 7837104, 1, NULL, 0.00, NULL, 0.00, NULL, NULL, '2012-08-09 07:28:21', '', '2011-06-03 07:28:06', 'OFF', 'ON'),
(7837073, 73, '1009070064', NULL, '2012-08-09 00:28:24', -6.639243, 106.844597, 65, 143, 406, 10, 309127.6, 2, '00000001', '00000000', NULL, 0, NULL, 'Jalan Tol Jagorawi, Ciawi, Indonesia', 0, 5.39999999996508, 7837046, 7837105, 1, NULL, 0.00, NULL, 0.00, NULL, NULL, '2012-08-09 07:28:24', '', '2011-06-03 07:28:10', 'OFF', 'ON'),
(7837074, 33, '1009070023', NULL, '2012-08-09 00:28:44', -6.434163, 106.894288, 85, 189, 120, 9, 136416.7, 2, '00000001', '00000000', NULL, 0, NULL, 'Jalan Tol Jagorawi, Gunung Putri, Indonesia', 0, 7, 7837047, 7837106, 1, NULL, 0.00, NULL, 0.00, NULL, NULL, '2012-08-09 07:28:44', '', '2011-06-03 07:28:29', 'OFF', 'ON'),
(7837075, 150, '1009070138', NULL, '2012-08-09 00:28:51', -6.288517, 106.958937, 80, 188, 45, 9, 105474.5, 2, '00000001', '00000000', NULL, 0, NULL, 'Jalan Tol Lingkar Luar TMII - Cikunir, Bekasi, Indonesia', 0, 5.89999999999418, 7837048, 7837107, 1, NULL, 0.00, NULL, 0.00, NULL, NULL, '2012-08-09 07:28:51', '', '2011-06-03 07:28:37', 'OFF', 'ON'),
(7837076, 75, '1009070066', NULL, '2012-08-09 00:29:17', -6.568668, 106.766662, 0, 0, 226, 10, 362944.6, 2, '00000001', '00000000', NULL, 0, NULL, 'Jalan Brigadir Jenderal H Sapta Adjie Hadiprawira, Bogor, Indonesia', 0, 0, 7837058, 7837522, 1, NULL, 0.00, NULL, 0.00, NULL, NULL, '2012-08-09 07:29:17', 'Kerub Head Office', '2011-06-03 07:29:02', 'OFF', 'ON'),
(7837077, 153, '1009070141', NULL, '2012-08-09 00:29:23', -6.304355, 106.852097, 77, 93, 55, 8, 109477.9, 2, '00000001', '00000000', NULL, 0, NULL, 'Jalan Tol Lingkar Luar Jakarta, Jakarta Capital Region 12530, Indonesia', 0, 6.59999999999127, 7837051, 7837111, 1, NULL, 0.00, NULL, 0.00, NULL, NULL, '2012-08-09 07:29:23', '', '2011-06-03 07:29:09', 'OFF', 'ON'),
(7837078, 87, '1009070078', NULL, '2012-08-09 00:30:03', -6.193437, 106.671537, 0, 0, 21, 8, 1680.4, 2, '00000001', '00000000', NULL, 0, NULL, 'Jalan Cipondoh Indah, Tangerang, Indonesia', 0, 0, 7837052, 7837122, 1, NULL, 0.00, NULL, 0.00, NULL, NULL, '2012-08-09 07:30:03', '', '2011-06-03 07:29:48', 'OFF', 'ON'),
(7837079, 81, '1009070072', NULL, '2012-08-09 00:30:05', -6.352175, 107.247608, 81, 66, 49, 7, 155841.1, 2, '00000001', '00000000', NULL, 0, NULL, 'Jalan Tol Jakarta - Cikampek, Telukjambe, Indonesia', 0, 6.20000000001164, 7837053, 7837114, 1, NULL, 0.00, NULL, 0.00, NULL, NULL, '2012-08-09 07:30:05', '', '2011-06-03 07:29:52', 'OFF', 'ON'),
(7837080, 58, '1009070049', NULL, '2012-08-09 00:30:12', -7.801607, 110.373385, 0, 287, 131, 7, 137179.3, 2, '00000001', '00000000', NULL, 0, NULL, 'Jalan Sultan Agung, Yogyakarta, Indonesia', 0, 1.59999999997672, 7837054, 7837115, 1, NULL, 0.00, NULL, 0.00, NULL, NULL, '2012-08-09 07:30:12', '', '2011-06-03 07:29:58', 'OFF', 'ON'),
(7837081, 88, '1009070079', NULL, '2012-08-09 00:30:13', -6.568722, 106.766198, 0, 0, 202, 8, 204222.9, 2, '00000000', '00000000', NULL, 0, NULL, 'Jalan Brigadir Jenderal H Sapta Adjie Hadiprawira, Bogor, Indonesia', 0, 0, 7837017, 7837116, 1, NULL, 0.00, NULL, 0.00, NULL, NULL, '2012-08-09 07:30:13', 'Kerub Head Office', '2011-06-03 07:30:01', 'OFF', 'OFF'),
(7837082, 77, '1009070068', NULL, '2012-08-09 00:30:15', -6.196285, 106.655167, 0, 0, 42, 10, 291903.5, 2, '00000001', '00000000', NULL, 0, NULL, 'Jalan Wijaya Kusuma 1, Tangerang, Indonesia', 0, 0, 7837055, 7837117, 1, NULL, 0.00, NULL, 0.00, NULL, NULL, '2012-08-09 07:30:15', '', '2011-06-03 07:30:04', 'OFF', 'ON'),
(7837083, 296, '1009070283', NULL, '2012-08-09 00:30:49', -6.295633, 106.955857, 66, 36, 51, 10, 75959.1, 2, '00000001', '00000000', NULL, 0, NULL, 'Jalan Tol Lingkar Luar TMII - Cikunir, Bekasi, Indonesia', 0, 6.5, 7837056, 7837120, 1, NULL, 0.00, NULL, 0.00, NULL, NULL, '2012-08-09 07:30:49', '', '2011-06-03 07:30:34', 'OFF', 'ON'),
(7837084, 86, '1009070077', NULL, '2012-08-09 00:30:54', -6.307017, 106.866368, 79, 116, 52, 4, 222015.2, 2, '00000001', '00000000', NULL, 0, NULL, 'Jalan Tol Lingkar Luar Jakarta, Jakarta Capital Region 13760, Indonesia', 0, 6.5, 7837060, 7837121, 1, NULL, 0.00, NULL, 0.00, NULL, NULL, '2012-08-09 07:30:54', '', '2011-06-03 07:30:39', 'OFF', 'ON'),
(7837085, 271, '1009070258', NULL, '2012-08-09 00:31:09', -6.249113, 106.866262, 0, 204, 38, 8, 77543.1, 2, '00000000', '00000000', NULL, 0, NULL, 'Jalan Dewi Sartika, Jakarta Capital Region 12770, Indonesia', 0, 0, 7837057, 7837099, 1, NULL, 0.00, NULL, 0.00, NULL, NULL, '2012-08-09 07:31:09', '', '2011-06-03 07:30:54', 'OFF', 'OFF'),
(7837086, 68, '1009070059', NULL, '2012-08-09 00:31:41', -6.249002, 106.866295, 0, 0, 30, 8, 323915.1, 2, '00000001', '00000000', NULL, 0, NULL, 'Jalan Dewi Sartika, Jakarta Capital Region 12770, Indonesia', 0, 0, 7837061, 7837113, 1, NULL, 0.00, NULL, 0.00, NULL, NULL, '2012-08-09 07:31:41', '', '2011-06-03 07:31:26', 'OFF', 'ON'),
(7837087, 151, '1009070139', NULL, '2012-08-09 00:31:43', -6.307593, 106.936503, 76, 247, 53, 6, 101561.4, 2, '00000001', '00000000', NULL, 0, NULL, 'Jalan Tol Lingkar Luar TMII - Cikunir, Bekasi, Indonesia', 0, 6.5, 7837062, 7837126, 1, NULL, 0.00, NULL, 0.00, NULL, NULL, '2012-08-09 07:31:43', '', '2011-06-03 07:31:30', 'OFF', 'ON'),
(7837088, 80, '1009070071', NULL, '2012-08-09 00:31:53', -6.2681, 106.783633, 51, 182, 52, 9, 185780.9, 2, '00000001', '00000000', NULL, 0, NULL, 'Jalan Metro Pondok Indah, Jakarta Capital Region 12310, Indonesia', 0, 3, 7837063, 7837146, 1, NULL, 0.00, NULL, 0.00, NULL, NULL, '2012-08-09 07:31:53', '', '2011-06-03 07:31:38', 'OFF', 'ON'),
(7837089, 71, '1009070062', NULL, '2012-08-09 00:32:03', -6.309257, 106.932495, 81, 253, 54, 10, 182390.4, 2, '00000001', '00000000', NULL, 0, NULL, 'Jalan Tol Lingkar Luar TMII - Cikunir, Bekasi, Indonesia', 0, 6.5, 7837064, 7837127, 1, NULL, 0.00, NULL, 0.00, NULL, NULL, '2012-08-09 07:32:03', '', '2011-06-03 07:31:50', 'OFF', 'ON'),
(7837090, 89, '1009070080', NULL, '2012-08-09 00:32:25', -6.65659, 106.91631, 0, 107, 703, 9, 331822.4, 2, '00000001', '00000000', NULL, 0, NULL, 'Jalan Jogjogan, Cisarua, Indonesia', 0, 0, 7837065, 7837128, 1, NULL, 0.00, NULL, 0.00, NULL, NULL, '2012-08-09 07:32:25', '', '2011-06-03 07:32:10', 'OFF', 'ON'),
(7837091, 525, '1009070396', NULL, '2012-08-09 00:32:25', -6.5686, 106.766612, 0, 87, 228, 10, 807.4, 11, '00000000', '00000000', NULL, 0, NULL, 'Jalan Brigadir Jenderal H Sapta Adjie Hadiprawira, Bogor, Indonesia', 0, 0, 7837067, 7837092, 1, NULL, 0.00, NULL, 0.00, NULL, NULL, '2012-08-09 07:32:25', 'Kerub Head Office', '2011-06-03 07:32:14', 'OFF', 'OFF'),
(7837092, 525, '1009070396', NULL, '2012-08-09 00:32:25', -6.5686, 106.766612, 0, 87, 228, 10, 807.4, 61, '00000000', '00000000', NULL, 0, NULL, 'Jalan Brigadir Jenderal H Sapta Adjie Hadiprawira, Bogor, Indonesia', 0, 0, 7837091, 7837093, 1, NULL, 0.00, NULL, 0.00, NULL, NULL, '2012-08-09 07:32:25', 'Kerub Head Office', '2011-06-03 07:32:17', 'OFF', 'OFF'),
(7837093, 525, '1009070396', NULL, '2012-08-09 00:32:44', -6.5686, 106.766612, 0, 87, 228, 9, 807.4, 2, '00000000', '00000000', NULL, 0, NULL, 'Jalan Brigadir Jenderal H Sapta Adjie Hadiprawira, Bogor, Indonesia', 0, 0, 7837092, 7837319, 1, NULL, 0.00, NULL, 0.00, NULL, NULL, '2012-08-09 07:32:44', 'Kerub Head Office', '2011-06-03 07:32:30', 'OFF', 'OFF'),
(7837094, 79, '1009070070', NULL, '2012-08-09 00:32:48', -6.56862, 106.766737, 0, 0, 248, 10, 239619.5, 2, '00000001', '00000000', NULL, 0, NULL, 'Jalan Brigadir Jenderal H Sapta Adjie Hadiprawira, Bogor, Indonesia', 0, 0, 7837068, 7837097, 1, NULL, 0.00, NULL, 0.00, NULL, NULL, '2012-08-09 07:32:48', 'Kerub Head Office', '2011-06-03 07:32:33', 'OFF', 'ON'),
(7837095, 20, '1009070010', NULL, '2012-08-09 00:32:52', -6.513283, 106.757318, 33, 184, 167, 10, 165829.1, 2, '00000001', '00000000', NULL, 0, NULL, 'Jalan Raya Bogor - Parung, Semplak 2, Indonesia', 0, 2.30000000001746, 7837069, 7837130, 1, NULL, 0.00, NULL, 0.00, NULL, NULL, '2012-08-09 07:32:52', '', '2011-06-03 07:32:37', 'OFF', 'ON'),
(7837096, 76, '1009070067', NULL, '2012-08-09 00:32:55', -6.36684, 106.889957, 0, 68, 73, 4, 176753.8, 2, '00000001', '00000000', NULL, 0, NULL, 'Jalan Karya Bakti, Jakarta Capital Region 13720, Indonesia', 0, 0, 7837070, 7837129, 1, NULL, 0.00, NULL, 0.00, NULL, NULL, '2012-08-09 07:32:55', '', '2011-06-03 07:32:41', 'OFF', 'ON'),
(7837097, 79, '1009070070', NULL, '2012-08-09 00:32:56', -6.56862, 106.766737, 0, 0, 248, 10, 239619.5, 60, '00000001', '00000000', NULL, 0, NULL, 'Jalan Brigadir Jenderal H Sapta Adjie Hadiprawira, Bogor, Indonesia', 0, 0, 7837094, 7837109, 1, NULL, 0.00, NULL, 0.00, NULL, NULL, '2012-08-09 07:32:56', 'Kerub Head Office', '2011-06-03 07:32:44', 'OFF', 'ON'),
(7837098, 82, '1009070073', NULL, '2012-08-09 00:33:09', -6.709455, 106.945992, 0, 154, 1076, 8, 26684.4, 2, '00000001', '00000000', NULL, 0, NULL, 'Jalan Cibeureum - Alun Alun, Cisarua, Indonesia', 0, 0, 7837071, 7837131, 1, NULL, 0.00, NULL, 0.00, NULL, NULL, '2012-08-09 07:33:09', '', '2011-06-03 07:32:54', 'OFF', 'ON'),
(7837099, 271, '1009070258', NULL, '2012-08-09 00:33:12', -6.250915, 106.865417, 24, 202, 41, 9, 77543.1, 9, '00000000', '00000000', NULL, 0, NULL, 'Jalan Dewi Sartika, Jakarta Capital Region 12770, Indonesia', 0, 0, 7837085, 7837123, 1, NULL, 0.00, NULL, 0.00, NULL, NULL, '2012-08-09 07:33:12', '', '2011-06-03 07:32:58', 'OFF', 'OFF'),
(7837100, 529, '1009070400', NULL, '2012-08-09 00:33:13', -6.568712, 106.76663, 0, 70, 223, 0, 284553.1, 11, '00000001', '00000000', NULL, 0, NULL, 'Jalan Brigadir Jenderal H Sapta Adjie Hadiprawira, Bogor, Indonesia', 0, 0, 7837026, 7837101, 1, NULL, 0.00, NULL, 0.00, NULL, NULL, '2012-08-09 07:33:13', 'Kerub Head Office', '2011-06-03 07:33:01', 'OFF', 'ON'),
(7837101, 529, '1009070400', NULL, '2012-08-09 00:33:13', -6.568862, 106.766545, 0, 0, 270, 6, 284553.1, 2, '00000001', '00000000', NULL, 0, NULL, 'Jalan Brigadir Jenderal H Sapta Adjie Hadiprawira, Bogor, Indonesia', 0, 0, 7837100, 7837108, 1, NULL, 0.00, NULL, 0.00, NULL, NULL, '2012-08-09 07:33:13', 'Kerub Head Office', '2011-06-03 07:33:04', 'OFF', 'ON'),
(7837102, 272, '1009070259', NULL, '2012-08-09 00:33:17', -6.568615, 106.766468, 0, 0, 227, 0, 93755.8, 11, '00000001', '00000000', NULL, 0, NULL, 'Jalan Brigadir Jenderal H Sapta Adjie Hadiprawira, Bogor, Indonesia', 0, 0, 7836549, 7837103, 1, NULL, 0.00, NULL, 0.00, NULL, NULL, '2012-08-09 07:33:17', 'Kerub Head Office', '2011-06-03 07:33:07', 'OFF', 'ON'),
(7837103, 272, '1009070259', NULL, '2012-08-09 00:33:17', -6.568715, 106.766548, 0, 0, 200, 6, 93755.8, 2, '00000001', '00000000', NULL, 0, NULL, 'Jalan Brigadir Jenderal H Sapta Adjie Hadiprawira, Bogor, Indonesia', 0, 0, 7837102, 7837112, 1, NULL, 0.00, NULL, 0.00, NULL, NULL, '2012-08-09 07:33:17', 'Kerub Head Office', '2011-06-03 07:33:10', 'OFF', 'ON'),
(7837104, 84, '1009070075', NULL, '2012-08-09 00:33:21', -7.80172, 110.378267, 17, 269, 135, 8, 153830.6, 2, '00000001', '00000000', NULL, 0, NULL, 'Jalan Kusumanegara, Yogyakarta, Indonesia', 0, 1.60000000000582, 7837072, 7837132, 1, NULL, 0.00, NULL, 0.00, NULL, NULL, '2012-08-09 07:33:21', '', '2011-06-03 07:33:13', 'OFF', 'ON'),
(7837105, 73, '1009070064', NULL, '2012-08-09 00:33:24', -6.653368, 106.866968, 16, 94, 492, 9, 309131, 2, '00000001', '00000000', NULL, 0, NULL, 'Jalan Puncak Raya, Megamendung, Indonesia', 0, 3.40000000002328, 7837073, 7837133, 1, NULL, 0.00, NULL, 0.00, NULL, NULL, '2012-08-09 07:33:24', '', '2011-06-03 07:33:16', 'OFF', 'ON'),
(7837106, 33, '1009070023', NULL, '2012-08-09 00:33:44', -6.492107, 106.870282, 89, 197, 142, 9, 136423.8, 2, '00000001', '00000000', NULL, 0, NULL, 'Jalan Tol Jagorawi, Citeureup, Indonesia', 0, 7.09999999997672, 7837074, 7837134, 1, NULL, 0.00, NULL, 0.00, NULL, NULL, '2012-08-09 07:33:44', '', '2011-06-03 07:33:29', 'OFF', 'ON'),
(7837107, 150, '1009070138', NULL, '2012-08-09 00:33:51', -6.31191, 106.907463, 96, 274, 51, 10, 105481.2, 2, '00000001', '00000000', NULL, 0, NULL, 'Jalan Tol Lingkar Luar TMII - Cikunir, Jakarta Capital Region 13890, Indonesia', 0, 6.69999999999709, 7837075, 7837135, 1, NULL, 0.00, NULL, 0.00, NULL, NULL, '2012-08-09 07:33:51', '', '2011-06-03 07:33:37', 'OFF', 'ON'),
(7837108, 529, '1009070400', NULL, '2012-08-09 00:34:10', -6.568575, 106.76664, 0, 81, 229, 9, 284553.1, 11, '00000000', '00000000', NULL, 0, NULL, 'Jalan Brigadir Jenderal H Sapta Adjie Hadiprawira, Bogor, Indonesia', 0, 0, 7837101, 7837313, 1, NULL, 0.00, NULL, 0.00, NULL, NULL, '2012-08-09 07:34:10', 'Kerub Head Office', '2011-06-03 07:33:56', 'OFF', 'OFF'),
(7837109, 79, '1009070070', NULL, '2012-08-09 00:34:20', -6.56862, 106.766737, 0, 0, 248, 10, 239619.5, 11, '00000000', '00000000', NULL, 0, NULL, 'Jalan Brigadir Jenderal H Sapta Adjie Hadiprawira, Bogor, Indonesia', 0, 0, 7837097, 7837110, 1, NULL, 0.00, NULL, 0.00, NULL, NULL, '2012-08-09 07:34:20', 'Kerub Head Office', '2011-06-03 07:34:06', 'OFF', 'OFF'),
(7837110, 79, '1009070070', NULL, '2012-08-09 00:34:20', -6.56862, 106.766737, 0, 0, 248, 10, 239619.5, 61, '00000000', '00000000', NULL, 0, NULL, 'Jalan Brigadir Jenderal H Sapta Adjie Hadiprawira, Bogor, Indonesia', 0, 0, 7837109, 7837361, 1, NULL, 0.00, NULL, 0.00, NULL, NULL, '2012-08-09 07:34:20', 'Kerub Head Office', '2011-06-03 07:34:09', 'OFF', 'OFF'),
(7837111, 153, '1009070141', NULL, '2012-08-09 00:34:23', -6.31747, 106.886797, 56, 171, 67, 9, 109483.3, 2, '00000001', '00000000', NULL, 0, NULL, 'Jalan Tol Jagorawi, Jakarta Capital Region 13740, Indonesia', 0, 5.40000000000873, 7837077, 7837136, 1, NULL, 0.00, NULL, 0.00, NULL, NULL, '2012-08-09 07:34:23', '', '2011-06-03 07:34:14', 'OFF', 'ON'),
(7837112, 272, '1009070259', NULL, '2012-08-09 00:34:46', -6.568695, 106.766582, 0, 84, 230, 9, 93755.8, 11, '00000000', '00000000', NULL, 0, NULL, 'Jalan Brigadir Jenderal H Sapta Adjie Hadiprawira, Bogor, Indonesia', 0, 0, 7837103, 7837443, 1, NULL, 0.00, NULL, 0.00, NULL, NULL, '2012-08-09 07:34:46', 'Kerub Head Office', '2011-06-03 07:34:32', 'OFF', 'OFF'),
(7837113, 68, '1009070059', NULL, '2012-08-09 00:34:52', -6.250158, 106.865752, 11, 207, 51, 9, 323915.2, 61, '00000001', '00000000', NULL, 0, NULL, 'Jalan Dewi Sartika, Jakarta Capital Region 12770, Indonesia', 0, 0.100000000034925, 7837086, 7837125, 1, NULL, 0.00, NULL, 0.00, NULL, NULL, '2012-08-09 07:34:52', '', '2011-06-03 07:34:38', 'OFF', 'ON'),
(7837114, 81, '1009070072', NULL, '2012-08-09 00:35:05', -6.350922, 107.307632, 76, 93, 40, 8, 155847.8, 2, '00000001', '00000000', NULL, 0, NULL, 'Jalan Tol Jakarta - Cikampek, Telukjambe, Indonesia', 0, 6.69999999998254, 7837079, 7837138, 1, NULL, 0.00, NULL, 0.00, NULL, NULL, '2012-08-09 07:35:05', '', '2011-06-03 07:34:50', 'OFF', 'ON'),
(7837115, 58, '1009070049', NULL, '2012-08-09 00:35:12', -7.801425, 110.365155, 0, 273, 130, 8, 137180.2, 2, '00000001', '00000000', NULL, 0, NULL, 'Jalan Senopati, Yogyakarta, Indonesia', 0, 0.900000000023283, 7837080, 7837139, 1, NULL, 0.00, NULL, 0.00, NULL, NULL, '2012-08-09 07:35:12', '', '2011-06-03 07:34:57', 'OFF', 'ON'),
(7837116, 88, '1009070079', NULL, '2012-08-09 00:35:13', -6.568722, 106.766198, 0, 0, 202, 9, 204222.9, 2, '00000000', '00000000', NULL, 0, NULL, 'Jalan Brigadir Jenderal H Sapta Adjie Hadiprawira, Bogor, Indonesia', 0, 0, 7837081, 7837184, 1, NULL, 0.00, NULL, 0.00, NULL, NULL, '2012-08-09 07:35:13', 'Kerub Head Office', '2011-06-03 07:35:01', 'OFF', 'OFF'),
(7837117, 77, '1009070068', NULL, '2012-08-09 00:35:15', -6.196285, 106.655167, 0, 0, 42, 10, 291903.5, 2, '00000001', '00000000', NULL, 0, NULL, 'Jalan Wijaya Kusuma 1, Tangerang, Indonesia', 0, 0, 7837082, 7837140, 1, NULL, 0.00, NULL, 0.00, NULL, NULL, '2012-08-09 07:35:15', '', '2011-06-03 07:35:04', 'OFF', 'ON'),
(7837118, 277, '1009070264', NULL, '2012-08-09 00:35:46', -6.568792, 106.766273, 0, 0, 232, 0, 2247.5, 11, '00000001', '00000000', NULL, 0, NULL, 'Jalan Brigadir Jenderal H Sapta Adjie Hadiprawira, Bogor, Indonesia', 0, 0, 7836681, 7837119, 1, NULL, 0.00, NULL, 0.00, NULL, NULL, '2012-08-09 07:35:46', 'Kerub Head Office', '2011-06-03 07:35:31', 'OFF', 'ON'),
(7837119, 277, '1009070264', NULL, '2012-08-09 00:35:46', -6.568712, 106.766363, 0, 0, 275, 5, 2247.5, 2, '00000001', '00000000', NULL, 0, NULL, 'Jalan Brigadir Jenderal H Sapta Adjie Hadiprawira, Bogor, Indonesia', 0, 0, 7837118, 7837124, 1, NULL, 0.00, NULL, 0.00, NULL, NULL, '2012-08-09 07:35:46', 'Kerub Head Office', '2011-06-03 07:35:34', 'OFF', 'ON'),
(7837120, 296, '1009070283', NULL, '2012-08-09 00:35:49', -6.253748, 106.965933, 81, 61, 41, 10, 75964.9, 2, '00000001', '00000000', NULL, 0, NULL, 'Jalan Tol Jakarta - Cikampek, Bekasi, Indonesia', 0, 5.79999999998836, 7837083, 7837141, 1, NULL, 0.00, NULL, 0.00, NULL, NULL, '2012-08-09 07:35:49', '', '2011-06-03 07:35:37', 'OFF', 'ON'),
(7837121, 86, '1009070077', NULL, '2012-08-09 00:35:54', -6.330995, 106.887293, 78, 173, 75, 9, 222020.4, 2, '00000001', '00000000', NULL, 0, NULL, 'Jalan Tol Jagorawi, Jakarta Capital Region 13740, Indonesia', 0, 5.19999999998254, 7837084, 7837142, 1, NULL, 0.00, NULL, 0.00, NULL, NULL, '2012-08-09 07:35:54', '', '2011-06-03 07:35:41', 'OFF', 'ON'),
(7837122, 87, '1009070078', NULL, '2012-08-09 00:36:03', -6.192773, 106.671628, 11, 13, 35, 10, 1680.4, 61, '00000001', '00000000', NULL, 0, NULL, 'Jalan Cipondoh Indah, Tangerang, Indonesia', 0, 0, 7837078, 7837137, 1, NULL, 0.00, NULL, 0.00, NULL, NULL, '2012-08-09 07:36:03', '', '2011-06-03 07:35:49', 'OFF', 'ON'),
(7837123, 271, '1009070258', NULL, '2012-08-09 00:36:09', -6.261193, 106.863907, 24, 160, 45, 8, 77543.1, 2, '00000000', '00000000', NULL, 0, NULL, 'Jalan Dewi Sartika, Jakarta Capital Region 13630, Indonesia', 0, 0, 7837099, 7837143, 1, NULL, 0.00, NULL, 0.00, NULL, NULL, '2012-08-09 07:36:09', '', '2011-06-03 07:35:54', 'OFF', 'OFF'),
(7837124, 277, '1009070264', NULL, '2012-08-09 00:36:25', -6.568625, 106.766642, 0, 76, 234, 8, 2247.6, 11, '00000000', '00000000', NULL, 0, NULL, 'Jalan Brigadir Jenderal H Sapta Adjie Hadiprawira, Bogor, Indonesia', 0, 0.0999999999999091, 7837119, 7837327, 1, NULL, 0.00, NULL, 0.00, NULL, NULL, '2012-08-09 07:36:25', 'Kerub Head Office', '2011-06-03 07:36:11', 'OFF', 'OFF'),
(7837125, 68, '1009070059', NULL, '2012-08-09 00:36:41', -6.256563, 106.863525, 25, 183, 53, 9, 323915.9, 2, '00000001', '00000000', NULL, 0, NULL, 'Jalan Dewi Sartika, Jakarta Capital Region 12760, Indonesia', 0, 0.700000000011641, 7837113, 7837144, 1, NULL, 0.00, NULL, 0.00, NULL, NULL, '2012-08-09 07:36:41', '', '2011-06-03 07:36:26', 'OFF', 'ON'),
(7837126, 151, '1009070139', NULL, '2012-08-09 00:36:43', -6.307755, 106.885308, 34, 210, 55, 5, 101567.4, 2, '00000001', '00000000', NULL, 0, NULL, 'Jalan Tol Jagorawi, Jakarta Capital Region 13830, Indonesia', 0, 6, 7837087, 7837145, 1, NULL, 0.00, NULL, 0.00, NULL, NULL, '2012-08-09 07:36:43', '', '2011-06-03 07:36:30', 'OFF', 'ON'),
(7837127, 71, '1009070062', NULL, '2012-08-09 00:37:03', -6.310058, 106.885408, 37, 169, 52, 9, 182396.1, 2, '00000001', '00000000', NULL, 0, NULL, 'Jalan Tol Jagorawi, Jakarta Capital Region 13830, Indonesia', 0, 5.70000000001164, 7837089, 7837148, 1, NULL, 0.00, NULL, 0.00, NULL, NULL, '2012-08-09 07:37:03', '', '2011-06-03 07:36:48', 'OFF', 'ON'),
(7837128, 89, '1009070080', NULL, '2012-08-09 00:37:25', -6.65659, 106.91631, 0, 107, 703, 9, 331822.4, 2, '00000001', '00000000', NULL, 0, NULL, 'Jalan Jogjogan, Cisarua, Indonesia', 0, 0, 7837090, 7837149, 1, NULL, 0.00, NULL, 0.00, NULL, NULL, '2012-08-09 07:37:25', '', '2011-06-03 07:37:10', 'OFF', 'ON'),
(7837129, 76, '1009070067', NULL, '2012-08-09 00:37:55', -6.36689, 106.889922, 0, 274, 79, 6, 176753.8, 2, '00000001', '00000000', NULL, 0, NULL, 'Jalan Karya Bakti, Jakarta Capital Region 13720, Indonesia', 0, 0, 7837096, 7837151, 1, NULL, 0.00, NULL, 0.00, NULL, NULL, '2012-08-09 07:37:55', '', '2011-06-03 07:37:40', 'OFF', 'ON'),
(7837130, 20, '1009070010', NULL, '2012-08-09 00:37:52', -6.532643, 106.767237, 33, 160, 188, 10, 165831.5, 2, '00000001', '00000000', NULL, 0, NULL, 'Jalan Raya Baru, Bogor, Indonesia', 0, 2.39999999999418, 7837095, 7837150, 1, NULL, 0.00, NULL, 0.00, NULL, NULL, '2012-08-09 07:37:52', '', '2011-06-03 07:37:43', 'OFF', 'ON'),
(7837131, 82, '1009070073', NULL, '2012-08-09 00:38:09', -6.709455, 106.945992, 0, 154, 1076, 8, 26684.4, 2, '00000001', '00000000', NULL, 0, NULL, 'Jalan Cibeureum - Alun Alun, Cisarua, Indonesia', 0, 0, 7837098, 7837147, 1, NULL, 0.00, NULL, 0.00, NULL, NULL, '2012-08-09 07:38:09', '', '2011-06-03 07:37:54', 'OFF', 'ON'),
(7837132, 84, '1009070075', NULL, '2012-08-09 00:38:21', -7.801483, 110.366793, 34, 271, 138, 9, 153831.9, 2, '00000001', '00000000', NULL, 0, NULL, 'Jalan Senopati, Yogyakarta, Indonesia', 0, 1.29999999998836, 7837104, 7837157, 1, NULL, 0.00, NULL, 0.00, NULL, NULL, '2012-08-09 07:38:21', '', '2011-06-03 07:38:06', 'OFF', 'ON'),
(7837133, 73, '1009070064', NULL, '2012-08-09 00:38:24', -6.651703, 106.887193, 10, 107, 613, 10, 309133.3, 2, '00000001', '00000000', NULL, 0, NULL, 'Jalan Puncak Raya, Megamendung, Indonesia', 0, 2.29999999998836, 7837105, 7837158, 1, NULL, 0.00, NULL, 0.00, NULL, NULL, '2012-08-09 07:38:24', '', '2011-06-03 07:38:10', 'OFF', 'ON'),
(7837134, 33, '1009070023', NULL, '2012-08-09 00:38:44', -6.557098, 106.845938, 96, 198, 205, 10, 136431.7, 2, '00000001', '00000000', NULL, 0, NULL, 'Jalan Tol Jagorawi, Citeureup, Indonesia', 0, 7.90000000002328, 7837106, 7837159, 1, NULL, 0.00, NULL, 0.00, NULL, NULL, '2012-08-09 07:38:44', '', '2011-06-03 07:38:29', 'OFF', 'ON'),
(7837135, 150, '1009070138', NULL, '2012-08-09 00:38:51', -6.328753, 106.887175, 81, 178, 71, 10, 105486.3, 2, '00000001', '00000000', NULL, 0, NULL, 'Jalan Tol Jagorawi, Jakarta Capital Region 13740, Indonesia', 0, 5.10000000000582, 7837107, 7837160, 1, NULL, 0.00, NULL, 0.00, NULL, NULL, '2012-08-09 07:38:51', '', '2011-06-03 07:38:38', 'OFF', 'ON'),
(7837136, 153, '1009070141', NULL, '2012-08-09 00:39:23', -6.366152, 106.894968, 20, 160, 81, 10, 109488.9, 2, '00000001', '00000000', NULL, 0, NULL, 'Jalan Tol Jagorawi, Jakarta Capital Region 13720, Indonesia', 0, 5.59999999999127, 7837111, 7837161, 1, NULL, 0.00, NULL, 0.00, NULL, NULL, '2012-08-09 07:39:23', '', '2011-06-03 07:39:08', 'OFF', 'ON'),
(7837137, 87, '1009070078', NULL, '2012-08-09 00:40:03', -6.186723, 106.658902, 23, 279, 31, 10, 1682, 2, '00000001', '00000000', NULL, 0, NULL, 'Jalan Kyai Haji Hasyim Ashari, Tangerang, Indonesia', 0, 1.59999999999991, 7837122, 7837162, 1, NULL, 0.00, NULL, 0.00, NULL, NULL, '2012-08-09 07:40:03', '', '2011-06-03 07:39:48', 'OFF', 'ON'),
(7837138, 81, '1009070072', NULL, '2012-08-09 00:40:05', -6.368113, 107.359672, 29, 103, 46, 8, 155854, 2, '00000001', '00000000', NULL, 0, NULL, 'Jalan Rest Area - Tol Cikampek, Telukjambe, Indonesia', 0, 6.20000000001164, 7837114, 7837163, 1, NULL, 0.00, NULL, 0.00, NULL, NULL, '2012-08-09 07:40:05', '', '2011-06-03 07:39:52', 'OFF', 'ON'),
(7837139, 58, '1009070049', NULL, '2012-08-09 00:40:12', -7.789717, 110.357462, 8, 7, 131, 8, 137182.4, 2, '00000001', '00000000', NULL, 0, NULL, 'Jalan Letnan Jenderal Suprapto, Yogyakarta, Indonesia', 0, 2.19999999998254, 7837115, 7837164, 1, NULL, 0.00, NULL, 0.00, NULL, NULL, '2012-08-09 07:40:12', '', '2011-06-03 07:39:57', 'OFF', 'ON'),
(7837140, 77, '1009070068', NULL, '2012-08-09 00:40:15', -6.196285, 106.655167, 0, 0, 42, 9, 291903.5, 2, '00000001', '00000000', NULL, 0, NULL, 'Jalan Wijaya Kusuma 1, Tangerang, Indonesia', 0, 0, 7837117, 7837165, 1, NULL, 0.00, NULL, 0.00, NULL, NULL, '2012-08-09 07:40:15', '', '2011-06-03 07:40:01', 'OFF', 'ON'),
(7837141, 296, '1009070283', NULL, '2012-08-09 00:40:49', -6.263335, 107.0191, 81, 109, 43, 10, 75971.3, 2, '00000001', '00000000', NULL, 0, NULL, 'Jalan Tol Jakarta - Cikampek, Bekasi, Indonesia', 0, 6.40000000000873, 7837120, 7837166, 1, NULL, 0.00, NULL, 0.00, NULL, NULL, '2012-08-09 07:40:49', '', '2011-06-03 07:40:34', 'OFF', 'ON'),
(7837142, 86, '1009070077', NULL, '2012-08-09 00:40:54', -6.37251, 106.896485, 43, 169, 96, 8, 222025.2, 2, '00000001', '00000000', NULL, 0, NULL, 'Jalan Trans Yogie, Depok, Indonesia', 0, 4.80000000001746, 7837121, 7837167, 1, NULL, 0.00, NULL, 0.00, NULL, NULL, '2012-08-09 07:40:54', '', '2011-06-03 07:40:39', 'OFF', 'ON'),
(7837143, 271, '1009070258', NULL, '2012-08-09 00:41:09', -6.247855, 106.874545, 2, 24, 38, 9, 77543.1, 2, '00000000', '00000000', NULL, 0, NULL, 'Jalan Mayor Jenderal Sutoyo, Jakarta Capital Region 13630, Indonesia', 0, 0, 7837123, 7837168, 1, NULL, 0.00, NULL, 0.00, NULL, NULL, '2012-08-09 07:41:09', '', '2011-06-03 07:40:54', 'OFF', 'OFF'),
(7837144, 68, '1009070059', NULL, '2012-08-09 00:41:41', -6.25323, 106.872022, 32, 20, 55, 10, 323918, 2, '00000001', '00000000', NULL, 0, NULL, 'Jalan Mayor Jenderal Sutoyo, Jakarta Capital Region 13630, Indonesia', 0, 2.09999999997672, 7837125, 7837169, 1, NULL, 0.00, NULL, 0.00, NULL, NULL, '2012-08-09 07:41:41', '', '2011-06-03 07:41:26', 'OFF', 'ON'),
(7837145, 151, '1009070139', NULL, '2012-08-09 00:41:43', -6.35848, 106.893343, 74, 170, 78, 10, 101573.1, 2, '00000001', '00000000', NULL, 0, NULL, 'Jalan Tol Jagorawi, Jakarta Capital Region 13720, Indonesia', 0, 5.70000000001164, 7837126, 7837170, 1, NULL, 0.00, NULL, 0.00, NULL, NULL, '2012-08-09 07:41:43', '', '2011-06-03 07:41:32', 'OFF', 'ON'),
(7837146, 80, '1009070071', NULL, '2012-08-09 00:41:53', -6.292197, 106.78747, 61, 92, 66, 9, 185784.3, 2, '00000001', '00000000', NULL, 0, NULL, 'Jalan Tol Lingkar Luar Jakarta, Jakarta Capital Region 12310, Indonesia', 0, 3.39999999999418, 7837088, 7837171, 1, NULL, 0.00, NULL, 0.00, NULL, NULL, '2012-08-09 07:41:53', '', '2011-06-03 07:41:39', 'OFF', 'ON'),
(7837147, 82, '1009070073', NULL, '2012-08-09 00:41:53', -6.710155, 106.94612, 11, 170, 1077, 8, 26684.4, 61, '00000001', '00000000', NULL, 0, NULL, 'Jalan Taman Safari Indonesia, Cisarua, Indonesia', 0, 0, 7837131, 7837152, 1, NULL, 0.00, NULL, 0.00, NULL, NULL, '2012-08-09 07:41:53', '', '2011-06-03 07:41:42', 'OFF', 'ON'),
(7837148, 71, '1009070062', NULL, '2012-08-09 00:42:03', -6.362838, 106.894125, 82, 169, 84, 9, 182402.1, 2, '00000001', '00000000', NULL, 0, NULL, 'Jalan Tol Jagorawi, Jakarta Capital Region 13720, Indonesia', 0, 6, 7837127, 7837172, 1, NULL, 0.00, NULL, 0.00, NULL, NULL, '2012-08-09 07:42:03', '', '2011-06-03 07:41:48', 'OFF', 'ON'),
(7837149, 89, '1009070080', NULL, '2012-08-09 00:42:25', -6.65659, 106.91631, 0, 107, 703, 9, 331822.4, 2, '00000001', '00000000', NULL, 0, NULL, 'Jalan Jogjogan, Cisarua, Indonesia', 0, 0, 7837128, 7837153, 1, NULL, 0.00, NULL, 0.00, NULL, NULL, '2012-08-09 07:42:25', '', '2011-06-03 07:42:10', 'OFF', 'ON'),
(7837150, 20, '1009070010', NULL, '2012-08-09 00:42:52', -6.5532, 106.77605, 45, 157, 229, 8, 165833.9, 2, '00000001', '00000000', NULL, 0, NULL, 'Jalan Kyai Haji Soleh Iskandar, Kawasan Industri, Bogor, Indonesia', 0, 2.39999999999418, 7837130, 7837173, 1, NULL, 0.00, NULL, 0.00, NULL, NULL, '2012-08-09 07:42:52', '', '2011-06-03 07:42:37', 'OFF', 'ON'),
(7837151, 76, '1009070067', NULL, '2012-08-09 00:42:55', -6.36689, 106.889922, 0, 274, 79, 6, 176753.8, 2, '00000001', '00000000', NULL, 0, NULL, 'Jalan Karya Bakti, Jakarta Capital Region 13720, Indonesia', 0, 0, 7837129, 7837174, 1, NULL, 0.00, NULL, 0.00, NULL, NULL, '2012-08-09 07:42:55', '', '2011-06-03 07:42:41', 'OFF', 'ON'),
(7837152, 82, '1009070073', NULL, '2012-08-09 00:43:09', -6.712495, 106.947105, 17, 158, 1100, 8, 26684.7, 2, '00000001', '00000000', NULL, 0, NULL, 'Jalan Taman Safari Indonesia, Cisarua, Indonesia', 0, 0.299999999999272, 7837147, 7837175, 1, NULL, 0.00, NULL, 0.00, NULL, NULL, '2012-08-09 07:43:09', '', '2011-06-03 07:42:54', 'OFF', 'ON'),
(7837153, 89, '1009070080', NULL, '2012-08-09 00:43:04', -6.65659, 106.91631, 0, 107, 703, 9, 331822.4, 11, '00000000', '00000000', NULL, 0, NULL, 'Jalan Jogjogan, Cisarua, Indonesia', 0, 0, 7837149, 7837154, 1, NULL, 0.00, NULL, 0.00, NULL, NULL, '2012-08-09 07:43:04', '', '2011-06-03 07:42:58', 'OFF', 'OFF'),
(7837154, 89, '1009070080', NULL, '2012-08-09 00:43:05', -6.65659, 106.91631, 0, 107, 703, 9, 331822.4, 61, '00000000', '00000000', NULL, 0, NULL, 'Jalan Jogjogan, Cisarua, Indonesia', 0, 0, 7837153, 7837155, 1, NULL, 0.00, NULL, 0.00, NULL, NULL, '2012-08-09 07:43:05', '', '2011-06-03 07:43:01', 'OFF', 'OFF'),
(7837155, 89, '1009070080', NULL, '2012-08-09 00:43:07', -6.65659, 106.91631, 0, 107, 703, 9, 331822.4, 11, '00000001', '00000000', NULL, 0, NULL, 'Jalan Jogjogan, Cisarua, Indonesia', 0, 0, 7837154, 7837156, 1, NULL, 0.00, NULL, 0.00, NULL, NULL, '2012-08-09 07:43:07', '', '2011-06-03 07:43:04', 'OFF', 'ON'),
(7837156, 89, '1009070080', NULL, '2012-08-09 00:43:11', -6.65659, 106.91631, 0, 107, 703, 9, 331822.4, 11, '00000000', '00000000', NULL, 0, NULL, 'Jalan Jogjogan, Cisarua, Indonesia', 0, 0, 7837155, 7837189, 1, NULL, 0.00, NULL, 0.00, NULL, NULL, '2012-08-09 07:43:11', '', '2011-06-03 07:43:07', 'OFF', 'OFF'),
(7837157, 84, '1009070075', NULL, '2012-08-09 00:43:21', -7.793205, 110.356855, 32, 5, 142, 10, 153833.8, 2, '00000001', '00000000', NULL, 0, NULL, 'Jalan Letnan Jenderal Suprapto, Yogyakarta, Indonesia', 0, 1.89999999999418, 7837132, 7837176, 1, NULL, 0.00, NULL, 0.00, NULL, NULL, '2012-08-09 07:43:21', '', '2011-06-03 07:43:10', 'OFF', 'ON'),
(7837158, 73, '1009070064', NULL, '2012-08-09 00:43:24', -6.650057, 106.899653, 36, 84, 622, 9, 309134.6, 2, '00000001', '00000000', NULL, 0, NULL, 'Jalan Puncak Raya, Cisarua, Indonesia', 0, 1.29999999998836, 7837133, 7837177, 1, NULL, 0.00, NULL, 0.00, NULL, NULL, '2012-08-09 07:43:24', '', '2011-06-03 07:43:14', 'OFF', 'ON'),
(7837159, 33, '1009070023', NULL, '2012-08-09 00:43:44', -6.61954, 106.834218, 68, 158, 350, 10, 136439, 2, '00000001', '00000000', NULL, 0, NULL, 'Jalan Tol Jagorawi, Bogor, Indonesia', 0, 7.29999999998836, 7837134, 7837179, 1, NULL, 0.00, NULL, 0.00, NULL, NULL, '2012-08-09 07:43:44', '', '2011-06-03 07:43:30', 'OFF', 'ON'),
(7837160, 150, '1009070138', NULL, '2012-08-09 00:43:51', -6.381568, 106.896128, 59, 183, 97, 10, 105492.3, 2, '00000001', '00000000', NULL, 0, NULL, 'Jalan Tol Jagorawi, Depok, Indonesia', 0, 6, 7837135, 7837180, 1, NULL, 0.00, NULL, 0.00, NULL, NULL, '2012-08-09 07:43:51', '', '2011-06-03 07:43:42', 'OFF', 'ON'),
(7837161, 153, '1009070141', NULL, '2012-08-09 00:44:23', -6.376508, 106.918053, 45, 118, 93, 10, 109492.3, 2, '00000001', '00000000', NULL, 0, NULL, 'Jalan Trans Yogie, Depok, Indonesia', 0, 3.40000000000873, 7837136, 7837181, 1, NULL, 0.00, NULL, 0.00, NULL, NULL, '2012-08-09 07:44:23', '', '2011-06-03 07:44:08', 'OFF', 'ON'),
(7837162, 87, '1009070078', NULL, '2012-08-09 00:45:03', -6.189223, 106.64197, 29, 195, 41, 10, 1684.1, 2, '00000001', '00000000', NULL, 0, NULL, 'Jalan Jenderal Sudirman, Tangerang, Indonesia', 0, 2.09999999999991, 7837137, 7837182, 1, NULL, 0.00, NULL, 0.00, NULL, NULL, '2012-08-09 07:45:03', '', '2011-06-03 07:44:48', 'OFF', 'ON'),
(7837163, 81, '1009070072', NULL, '2012-08-09 00:45:05', -6.367252, 107.361548, 0, 159, 39, 10, 155854.3, 2, '00000001', '00000000', NULL, 0, NULL, 'Jalan Rest Area - Tol Cikampek, Telukjambe, Indonesia', 0, 0.299999999988358, 7837138, 7837195, 1, NULL, 0.00, NULL, 0.00, NULL, NULL, '2012-08-09 07:45:05', '', '2011-06-03 07:44:52', 'OFF', 'ON'),
(7837164, 58, '1009070049', NULL, '2012-08-09 00:45:12', -7.778547, 110.361013, 16, 5, 153, 9, 137183.7, 2, '00000001', '00000000', NULL, 0, NULL, 'Jalan Magelang, Yogyakarta, Indonesia', 0, 1.30000000001746, 7837139, 7837183, 1, NULL, 0.00, NULL, 0.00, NULL, NULL, '2012-08-09 07:45:12', '', '2011-06-03 07:44:57', 'OFF', 'ON'),
(7837165, 77, '1009070068', NULL, '2012-08-09 00:45:15', -6.196285, 106.655167, 0, 0, 42, 10, 291903.5, 2, '00000001', '00000000', NULL, 0, NULL, 'Jalan Wijaya Kusuma 1, Tangerang, Indonesia', 0, 0, 7837140, 7837213, 1, NULL, 0.00, NULL, 0.00, NULL, NULL, '2012-08-09 07:45:15', '', '2011-06-03 07:45:01', 'OFF', 'ON'),
(7837166, 296, '1009070283', NULL, '2012-08-09 00:45:49', -6.282687, 107.073127, 79, 107, 47, 10, 75977.7, 2, '00000001', '00000000', NULL, 0, NULL, 'Jalan Tol Jakarta - Cikampek, Bekasi, Indonesia', 0, 6.39999999999418, 7837141, 7837191, 1, NULL, 0.00, NULL, 0.00, NULL, NULL, '2012-08-09 07:45:49', '', '2011-06-03 07:45:34', 'OFF', 'ON'),
(7837167, 86, '1009070077', NULL, '2012-08-09 00:45:54', -6.38158, 106.92461, 48, 132, 95, 9, 222028.8, 2, '00000001', '00000000', NULL, 0, NULL, 'Jalan Trans Yogie, Gunung Putri, Indonesia', 0, 3.59999999997672, 7837142, 7837192, 1, NULL, 0.00, NULL, 0.00, NULL, NULL, '2012-08-09 07:45:54', '', '2011-06-03 07:45:40', 'OFF', 'ON'),
(7837168, 271, '1009070258', NULL, '2012-08-09 00:46:09', -6.247943, 106.89932, 61, 146, 32, 9, 77543.1, 2, '00000000', '00000000', NULL, 0, NULL, 'Jalan Tol Jakarta - Cikampek, Jakarta Capital Region 13620, Indonesia', 0, 0, 7837143, 7837193, 1, NULL, 0.00, NULL, 0.00, NULL, NULL, '2012-08-09 07:46:09', '', '2011-06-03 07:46:06', 'OFF', 'OFF'),
(7837169, 68, '1009070059', NULL, '2012-08-09 00:46:41', -6.246638, 106.898295, 76, 138, 43, 10, 323921.6, 2, '00000001', '00000000', NULL, 0, NULL, 'Jalan Tol Jakarta - Cikampek, Jakarta Capital Region 13620, Indonesia', 0, 3.59999999997672, 7837144, 7837194, 1, NULL, 0.00, NULL, 0.00, NULL, NULL, '2012-08-09 07:46:41', '', '2011-06-03 07:46:26', 'OFF', 'ON'),
(7837170, 151, '1009070139', NULL, '2012-08-09 00:46:43', -6.412888, 106.898002, 86, 185, 119, 10, 101579.3, 2, '00000001', '00000000', NULL, 0, NULL, 'Jalan Tol Jagorawi, Gunung Putri, Indonesia', 0, 6.19999999999709, 7837145, 7837196, 1, NULL, 0.00, NULL, 0.00, NULL, NULL, '2012-08-09 07:46:43', '', '2011-06-03 07:46:30', 'OFF', 'ON'),
(7837171, 80, '1009070071', NULL, '2012-08-09 00:46:53', -6.304227, 106.849052, 89, 93, 68, 10, 185791.5, 2, '00000001', '00000000', NULL, 0, NULL, 'Jalan Tol Lingkar Luar Jakarta, Jakarta Capital Region 12530, Indonesia', 0, 7.20000000001164, 7837146, 7837197, 1, NULL, 0.00, NULL, 0.00, NULL, NULL, '2012-08-09 07:46:53', '', '2011-06-03 07:46:38', 'OFF', 'ON'),
(7837172, 71, '1009070062', NULL, '2012-08-09 00:47:03', -6.419345, 106.897408, 97, 185, 97, 9, 182408.5, 2, '00000001', '00000000', NULL, 0, NULL, 'Jalan Tol Jagorawi, Gunung Putri, Indonesia', 0, 6.39999999999418, 7837148, 7837198, 1, NULL, 0.00, NULL, 0.00, NULL, NULL, '2012-08-09 07:47:03', '', '2011-06-03 07:46:48', 'OFF', 'ON'),
(7837173, 20, '1009070010', NULL, '2012-08-09 00:47:52', -6.56128, 106.803802, 52, 76, 218, 8, 165837.3, 2, '00000001', '00000000', NULL, 0, NULL, 'Jalan Kyai Haji Soleh Iskandar, Bogor, Indonesia', 0, 3.39999999999418, 7837150, 7837199, 1, NULL, 0.00, NULL, 0.00, NULL, NULL, '2012-08-09 07:47:52', '', '2011-06-03 07:47:37', 'OFF', 'ON'),
(7837174, 76, '1009070067', NULL, '2012-08-09 00:47:55', -6.36689, 106.889922, 0, 274, 79, 8, 176753.8, 2, '00000001', '00000000', NULL, 0, NULL, 'Jalan Karya Bakti, Jakarta Capital Region 13720, Indonesia', 0, 0, 7837151, 7837201, 1, NULL, 0.00, NULL, 0.00, NULL, NULL, '2012-08-09 07:47:55', '', '2011-06-03 07:47:41', 'OFF', 'ON'),
(7837175, 82, '1009070073', NULL, '2012-08-09 00:48:09', -6.713452, 106.947127, 0, 254, 1115, 9, 26684.8, 2, '00000001', '00000000', NULL, 0, NULL, 'Jalan Taman Safari Indonesia, Cisarua, Indonesia', 0, 0.0999999999985448, 7837152, 7837202, 1, NULL, 0.00, NULL, 0.00, NULL, NULL, '2012-08-09 07:48:09', '', '2011-06-03 07:47:54', 'OFF', 'ON'),
(7837176, 84, '1009070075', NULL, '2012-08-09 00:48:21', -7.783095, 110.357842, 0, 8, 144, 10, 153834.9, 2, '00000001', '00000000', NULL, 0, NULL, 'Jalan Tentara Rakyat Mataram, Yogyakarta, Indonesia', 0, 1.10000000000582, 7837157, 7837203, 1, NULL, 0.00, NULL, 0.00, NULL, NULL, '2012-08-09 07:48:21', '', '2011-06-03 07:48:07', 'OFF', 'ON'),
(7837177, 73, '1009070064', NULL, '2012-08-09 00:48:24', -6.661047, 106.916912, 42, 125, 737, 9, 309137, 2, '00000001', '00000000', NULL, 0, NULL, 'Jalan Puncak Raya, Cisarua, Indonesia', 0, 2.40000000002328, 7837158, 7837204, 1, NULL, 0.00, NULL, 0.00, NULL, NULL, '2012-08-09 07:48:24', '', '2011-06-03 07:48:11', 'OFF', 'ON'),
(7837178, 530, '1009080001', NULL, '2012-08-09 00:48:31', -6.52231, 106.8393, 0, 0, 313, 4, 139.7, 2, '00000001', '00000000', NULL, 0, NULL, 'Jalan Raya Alternative Sentul, Kedunghalang, Indonesia', 0, 0.0999999999999943, 7836686, 7837205, 1, NULL, 0.00, NULL, 0.00, NULL, NULL, '2012-08-09 07:48:31', 'Mega Sentul', '2011-06-03 07:48:16', 'DISABLE', 'ON'),
(7837179, 33, '1009070023', NULL, '2012-08-09 00:48:44', -6.650497, 106.852878, 67, 128, 448, 9, 136443.1, 2, '00000001', '00000000', NULL, 0, NULL, 'Jalan Tol Jagorawi, Ciawi, Indonesia', 0, 4.10000000000582, 7837159, 7837206, 1, NULL, 0.00, NULL, 0.00, NULL, NULL, '2012-08-09 07:48:44', '', '2011-06-03 07:48:29', 'OFF', 'ON'),
(7837180, 150, '1009070138', NULL, '2012-08-09 00:48:51', -6.439738, 106.893295, 44, 189, 134, 9, 105498.9, 2, '00000001', '00000000', NULL, 0, NULL, 'Jalan Tol Jagorawi, Gunung Putri, Indonesia', 0, 6.59999999999127, 7837160, 7837207, 1, NULL, 0.00, NULL, 0.00, NULL, NULL, '2012-08-09 07:48:51', '', '2011-06-03 07:48:37', 'OFF', 'ON'),
(7837181, 153, '1009070141', NULL, '2012-08-09 00:49:23', -6.390523, 106.949703, 51, 116, 90, 10, 109496.2, 2, '00000001', '00000000', NULL, 0, NULL, 'Jalan Trans Yogie, Cileungsi, Indonesia', 0, 3.89999999999418, 7837161, 7837209, 1, NULL, 0.00, NULL, 0.00, NULL, NULL, '2012-08-09 07:49:23', '', '2011-06-03 07:49:08', 'OFF', 'ON'),
(7837182, 87, '1009070078', NULL, '2012-08-09 00:50:03', -6.19732, 106.63005, 33, 206, 39, 9, 1685.8, 2, '00000001', '00000000', NULL, 0, NULL, 'Jalan Pahlawan Kemerdekaan, Tangerang, Indonesia', 0, 1.70000000000005, 7837162, 7837211, 1, NULL, 0.00, NULL, 0.00, NULL, NULL, '2012-08-09 07:50:03', '', '2011-06-03 07:49:48', 'OFF', 'ON'),
(7837183, 58, '1009070049', NULL, '2012-08-09 00:50:12', -7.750628, 110.362347, 36, 4, 192, 9, 137186.8, 2, '00000001', '00000000', NULL, 0, NULL, 'Jalan Magelang, Mlati, Indonesia', 0, 3.09999999997672, 7837164, 7837212, 1, NULL, 0.00, NULL, 0.00, NULL, NULL, '2012-08-09 07:50:12', '', '2011-06-03 07:49:57', 'OFF', 'ON'),
(7837184, 88, '1009070079', NULL, '2012-08-09 00:47:53', -6.568722, 106.766198, 0, 0, 202, 0, 204222.9, 41, '00000000', '00000000', NULL, 0, NULL, 'Jalan Brigadir Jenderal H Sapta Adjie Hadiprawira, Bogor, Indonesia', 0, 0, 7837116, 7837185, 1, NULL, 0.00, NULL, 0.00, NULL, NULL, '2012-08-09 07:47:53', 'Kerub Head Office', '2011-06-03 07:50:01', 'OFF', 'OFF'),
(7837185, 88, '1009070079', NULL, '2012-08-09 00:47:53', -6.56886, 106.766403, 0, 0, 153, 5, 204222.9, 2, '00000000', '00000000', NULL, 0, NULL, 'Jalan Brigadir Jenderal H Sapta Adjie Hadiprawira, Bogor, Indonesia', 0, 0, 7837184, 7837186, 1, NULL, 0.00, NULL, 0.00, NULL, NULL, '2012-08-09 07:47:53', 'Kerub Head Office', '2011-06-03 07:50:03', 'OFF', 'OFF'),
(7837186, 88, '1009070079', NULL, '2012-08-09 00:48:44', -6.568705, 106.76622, 0, 0, 202, 9, 204222.9, 11, '00000001', '00000000', NULL, 0, NULL, 'Jalan Brigadir Jenderal H Sapta Adjie Hadiprawira, Bogor, Indonesia', 0, 0, 7837185, 7837187, 1, NULL, 0.00, NULL, 0.00, NULL, NULL, '2012-08-09 07:48:44', 'Kerub Head Office', '2011-06-03 07:50:06', 'OFF', 'ON'),
(7837187, 88, '1009070079', NULL, '2012-08-09 00:48:46', -6.568705, 106.76622, 0, 0, 202, 9, 204222.9, 11, '00000000', '00000000', NULL, 0, NULL, 'Jalan Brigadir Jenderal H Sapta Adjie Hadiprawira, Bogor, Indonesia', 0, 0, 7837186, 7837188, 1, NULL, 0.00, NULL, 0.00, NULL, NULL, '2012-08-09 07:48:46', 'Kerub Head Office', '2011-06-03 07:50:09', 'OFF', 'OFF'),
(7837188, 88, '1009070079', NULL, '2012-08-09 00:48:46', -6.568705, 106.76622, 0, 0, 202, 9, 204222.9, 11, '00000001', '00000000', NULL, 0, NULL, 'Jalan Brigadir Jenderal H Sapta Adjie Hadiprawira, Bogor, Indonesia', 0, 0, 7837187, 7837200, 1, NULL, 0.00, NULL, 0.00, NULL, NULL, '2012-08-09 07:48:46', 'Kerub Head Office', '2011-06-03 07:50:12', 'OFF', 'ON'),
(7837189, 89, '1009070080', NULL, '2012-08-09 00:50:37', -6.65659, 106.91631, 0, 107, 703, 0, 331822.4, 11, '00000001', '00000000', NULL, 0, NULL, 'Jalan Jogjogan, Cisarua, Indonesia', 0, 0, 7837156, 7837190, 1, NULL, 0.00, NULL, 0.00, NULL, NULL, '2012-08-09 07:50:37', '', '2011-06-03 07:50:23', 'OFF', 'ON'),
(7837190, 89, '1009070080', NULL, '2012-08-09 00:50:37', -6.656653, 106.91612, 0, 0, 708, 7, 331822.5, 2, '00000001', '00000000', NULL, 0, NULL, 'Jalan Puncak Raya, Cisarua, Indonesia', 0, 0.099999999976717, 7837189, 7837214, 1, NULL, 0.00, NULL, 0.00, NULL, NULL, '2012-08-09 07:50:37', '', '2011-06-03 07:50:26', 'OFF', 'ON'),
(7837191, 296, '1009070283', NULL, '2012-08-09 00:50:49', -6.303265, 107.121318, 20, 129, 64, 9, 75983.6, 2, '00000001', '00000000', NULL, 0, NULL, 'Jalan Tol Jakarta - Cikampek, Bekasi, Indonesia', 0, 5.90000000000873, 7837166, 7837215, 1, NULL, 0.00, NULL, 0.00, NULL, NULL, '2012-08-09 07:50:49', '', '2011-06-03 07:50:34', 'OFF', 'ON'),
(7837192, 86, '1009070077', NULL, '2012-08-09 00:50:54', -6.392065, 106.955527, 38, 85, 82, 9, 222032.4, 2, '00000001', '00000000', NULL, 0, NULL, 'Jalan Trans Yogie, Cileungsi, Indonesia', 0, 3.60000000000582, 7837167, 7837216, 1, NULL, 0.00, NULL, 0.00, NULL, NULL, '2012-08-09 07:50:54', '', '2011-06-03 07:50:39', 'OFF', 'ON'),
(7837193, 271, '1009070258', NULL, '2012-08-09 00:51:09', -6.257068, 106.9444, 37, 92, 40, 10, 77543.1, 2, '00000000', '00000000', NULL, 0, NULL, 'Jalan Tol Jakarta - Cikampek, 13450, Indonesia', 0, 0, 7837168, 7837218, 1, NULL, 0.00, NULL, 0.00, NULL, NULL, '2012-08-09 07:51:09', '', '2011-06-03 07:50:55', 'OFF', 'OFF'),
(7837194, 68, '1009070059', NULL, '2012-08-09 00:51:41', -6.256945, 106.946722, 58, 87, 42, 9, 323927.5, 2, '00000001', '00000000', NULL, 0, NULL, 'Jalan Tol Jakarta - Cikampek, 13450, Indonesia', 0, 5.90000000002328, 7837169, 7837219, 1, NULL, 0.00, NULL, 0.00, NULL, NULL, '2012-08-09 07:51:41', '', '2011-06-03 07:51:26', 'OFF', 'ON'),
(7837195, 81, '1009070072', NULL, '2012-08-09 00:51:41', -6.367252, 107.361548, 0, 159, 39, 8, 155854.3, 60, '00000001', '00000000', NULL, 0, NULL, 'Jalan Rest Area - Tol Cikampek, Telukjambe, Indonesia', 0, 0, 7837163, 7837210, 1, NULL, 0.00, NULL, 0.00, NULL, NULL, '2012-08-09 07:51:41', '', '2011-06-03 07:51:30', 'OFF', 'ON'),
(7837196, 151, '1009070139', NULL, '2012-08-09 00:51:43', -6.47016, 106.880388, 82, 207, 117, 8, 101586.1, 2, '00000001', '00000000', NULL, 0, NULL, 'Jalan Tol Jagorawi, Citeureup, Indonesia', 0, 6.80000000000291, 7837170, 7837220, 1, NULL, 0.00, NULL, 0.00, NULL, NULL, '2012-08-09 07:51:43', '', '2011-06-03 07:51:37', 'OFF', 'ON'),
(7837197, 80, '1009070071', NULL, '2012-08-09 00:51:53', -6.316897, 106.886652, 75, 169, 67, 9, 185797.2, 2, '00000001', '00000000', NULL, 0, NULL, 'Jalan Tol Jagorawi, Jakarta Capital Region 13740, Indonesia', 0, 5.70000000001164, 7837171, 7837221, 1, NULL, 0.00, NULL, 0.00, NULL, NULL, '2012-08-09 07:51:53', '', '2011-06-03 07:51:40', 'OFF', 'ON'),
(7837198, 71, '1009070062', NULL, '2012-08-09 00:52:03', -6.47451, 106.878155, 92, 206, 142, 9, 182415.1, 2, '00000001', '00000000', NULL, 0, NULL, 'Jalan Tol Jagorawi, Citeureup, Indonesia', 0, 6.60000000000582, 7837172, 7837222, 1, NULL, 0.00, NULL, 0.00, NULL, NULL, '2012-08-09 07:52:03', '', '2011-06-03 07:51:48', 'OFF', 'ON'),
(7837199, 20, '1009070010', NULL, '2012-08-09 00:52:52', -6.567412, 106.830582, 72, 50, 206, 8, 165840.6, 2, '00000001', '00000000', NULL, 0, NULL, 'Jalan Tol Lingkar Luar Bogor, Kedunghalang, Indonesia', 0, 3.30000000001746, 7837173, 7837225, 1, NULL, 0.00, NULL, 0.00, NULL, NULL, '2012-08-09 07:52:52', '', '2011-06-03 07:52:37', 'OFF', 'ON'),
(7837200, 88, '1009070079', NULL, '2012-08-09 00:52:53', -6.568705, 106.76622, 0, 0, 202, 8, 204222.9, 2, '00000001', '00000000', NULL, 0, NULL, 'Jalan Brigadir Jenderal H Sapta Adjie Hadiprawira, Bogor, Indonesia', 0, 0, 7837188, 7837223, 1, NULL, 0.00, NULL, 0.00, NULL, NULL, '2012-08-09 07:52:53', 'Kerub Head Office', '2011-06-03 07:52:40', 'OFF', 'ON'),
(7837201, 76, '1009070067', NULL, '2012-08-09 00:52:55', -6.36689, 106.889922, 0, 274, 79, 5, 176753.8, 2, '00000001', '00000000', NULL, 0, NULL, 'Jalan Karya Bakti, Jakarta Capital Region 13720, Indonesia', 0, 0, 7837174, 7837224, 1, NULL, 0.00, NULL, 0.00, NULL, NULL, '2012-08-09 07:52:55', '', '2011-06-03 07:52:43', 'OFF', 'ON'),
(7837202, 82, '1009070073', NULL, '2012-08-09 00:53:09', -6.713452, 106.947127, 0, 254, 1115, 8, 26684.8, 2, '00000001', '00000000', NULL, 0, NULL, 'Jalan Taman Safari Indonesia, Cisarua, Indonesia', 0, 0, 7837175, 7837208, 1, NULL, 0.00, NULL, 0.00, NULL, NULL, '2012-08-09 07:53:09', '', '2011-06-03 07:52:54', 'OFF', 'ON'),
(7837203, 84, '1009070075', NULL, '2012-08-09 00:53:21', -7.773698, 110.361182, 43, 5, 165, 8, 153836.2, 2, '00000001', '00000000', NULL, 0, NULL, 'Jalan Magelang, Yogyakarta, Indonesia', 0, 1.30000000001746, 7837176, 7837227, 1, NULL, 0.00, NULL, 0.00, NULL, NULL, '2012-08-09 07:53:21', '', '2011-06-03 07:53:06', 'OFF', 'ON'),
(7837204, 73, '1009070064', NULL, '2012-08-09 00:53:24', -6.676363, 106.929075, 0, 143, 837, 9, 309139.2, 2, '00000001', '00000000', NULL, 0, NULL, 'Jalan Puncak Raya, Cisarua, Indonesia', 0, 2.20000000001164, 7837177, 7837228, 1, NULL, 0.00, NULL, 0.00, NULL, NULL, '2012-08-09 07:53:24', '', '2011-06-03 07:53:10', 'OFF', 'ON'),
(7837205, 530, '1009080001', NULL, '2012-08-09 00:53:31', -6.522495, 106.839272, 0, 282, 163, 7, 139.7, 2, '00000001', '00000000', NULL, 0, NULL, 'Jalan Raya Alternative Sentul, Kedunghalang, Indonesia', 0, 0, 7837178, 7837229, 1, NULL, 0.00, NULL, 0.00, NULL, NULL, '2012-08-09 07:53:31', 'Mega Sentul', '2011-06-03 07:53:16', 'DISABLE', 'ON'),
(7837206, 33, '1009070023', NULL, '2012-08-09 00:53:44', -6.652605, 106.870305, 31, 105, 487, 9, 136445.2, 2, '00000001', '00000000', NULL, 0, NULL, 'Jalan Puncak Raya, Megamendung, Indonesia', 0, 2.10000000000582, 7837179, 7837230, 1, NULL, 0.00, NULL, 0.00, NULL, NULL, '2012-08-09 07:53:44', '', '2011-06-03 07:53:29', 'OFF', 'ON'),
(7837207, 150, '1009070138', NULL, '2012-08-09 00:53:51', -6.499305, 106.867995, 89, 197, 153, 9, 105506.2, 2, '00000001', '00000000', NULL, 0, NULL, 'Jalan Tol Jagorawi, Citeureup, Indonesia', 0, 7.30000000000291, 7837180, 7837231, 1, NULL, 0.00, NULL, 0.00, NULL, NULL, '2012-08-09 07:53:51', '', '2011-06-03 07:53:38', 'OFF', 'ON'),
(7837208, 82, '1009070073', NULL, '2012-08-09 00:54:17', -6.713452, 106.947127, 0, 254, 1115, 9, 26684.8, 60, '00000001', '00000000', NULL, 0, NULL, 'Jalan Taman Safari Indonesia, Cisarua, Indonesia', 0, 0, 7837202, 7837226, 1, NULL, 0.00, NULL, 0.00, NULL, NULL, '2012-08-09 07:54:17', '', '2011-06-03 07:54:03', 'OFF', 'ON'),
(7837209, 153, '1009070141', NULL, '2012-08-09 00:54:23', -6.406697, 106.968475, 14, 113, 96, 9, 109499.3, 2, '00000001', '00000000', NULL, 0, NULL, 'Jalan Cileungsi - Jonggol, Cileungsi, Indonesia', 0, 3.10000000000582, 7837181, 7837232, 1, NULL, 0.00, NULL, 0.00, NULL, NULL, '2012-08-09 07:54:23', '', '2011-06-03 07:54:09', 'OFF', 'ON'),
(7837210, 81, '1009070072', NULL, '2012-08-09 00:55:05', -6.367252, 107.361548, 0, 159, 39, 9, 155854.3, 2, '00000001', '00000000', NULL, 0, NULL, 'Jalan Rest Area - Tol Cikampek, Telukjambe, Indonesia', 0, 0, 7837195, 7837217, 1, NULL, 0.00, NULL, 0.00, NULL, NULL, '2012-08-09 07:55:05', '', '2011-06-03 07:54:51', 'OFF', 'ON'),
(7837211, 87, '1009070078', NULL, '2012-08-09 00:55:03', -6.22014, 106.63474, 45, 91, 45, 9, 1688.6, 2, '00000001', '00000000', NULL, 0, NULL, 'Jalan Serpong Raya - Pakulonan, Curug, Indonesia', 0, 2.79999999999995, 7837182, 7837237, 1, NULL, 0.00, NULL, 0.00, NULL, NULL, '2012-08-09 07:55:03', '', '2011-06-03 07:54:55', 'OFF', 'ON'),
(7837212, 58, '1009070049', NULL, '2012-08-09 00:55:12', -7.730432, 110.363427, 46, 4, 198, 9, 137189, 2, '00000001', '00000000', NULL, 0, NULL, 'Jalan Magelang, Mlati, Indonesia', 0, 2.20000000001164, 7837183, 7837244, 1, NULL, 0.00, NULL, 0.00, NULL, NULL, '2012-08-09 07:55:12', '', '2011-06-03 07:54:59', 'OFF', 'ON');
INSERT INTO `gps_track` (`id`, `device_id`, `unit_id`, `tag`, `gps_time`, `latitude`, `longitude`, `speed`, `heading`, `altitude`, `satellite`, `mileage`, `report_id`, `input_flags`, `output_flags`, `device_status`, `is_from_sms`, `driver_id`, `location`, `initial_mileage`, `mileage_distance`, `prev_id`, `next_id`, `reverse_geo_attempt`, `analog_input1`, `analog_input1_value`, `analog_input2`, `analog_input2_value`, `rfid_tag`, `barcode`, `local_time`, `landmark_name`, `created_date`, `sos_status`, `acc_status`) VALUES
(7837213, 77, '1009070068', NULL, '2012-08-09 00:55:15', -6.196285, 106.655167, 0, 0, 42, 9, 291903.5, 2, '00000001', '00000000', NULL, 0, NULL, 'Jalan Wijaya Kusuma 1, Tangerang, Indonesia', 0, 0, 7837165, 7837243, 1, NULL, 0.00, NULL, 0.00, NULL, NULL, '2012-08-09 07:55:15', '', '2011-06-03 07:55:02', 'OFF', 'ON'),
(7837214, 89, '1009070080', NULL, '2012-08-09 00:55:37', -6.656607, 106.916163, 0, 0, 676, 9, 331822.5, 2, '00000001', '00000000', NULL, 0, NULL, 'Jalan Puncak Raya, Cisarua, Indonesia', 0, 0, 7837190, 7837250, 1, NULL, 0.00, NULL, 0.00, NULL, NULL, '2012-08-09 07:55:37', '', '2011-06-03 07:55:22', 'OFF', 'ON'),
(7837215, 296, '1009070283', NULL, '2012-08-09 00:55:49', -6.333052, 107.176208, 92, 109, 40, 8, 75990.6, 2, '00000001', '00000000', NULL, 0, NULL, 'Jalan Tol Jakarta - Cikampek, Bekasi, Indonesia', 0, 7, 7837191, 7837240, 1, NULL, 0.00, NULL, 0.00, NULL, NULL, '2012-08-09 07:55:49', '', '2011-06-03 07:55:34', 'OFF', 'ON'),
(7837216, 86, '1009070077', NULL, '2012-08-09 00:55:54', -6.40699, 106.969938, 0, 88, 94, 9, 222035, 2, '00000001', '00000000', NULL, 0, NULL, 'Jalan Cileungsi - Jonggol, Cileungsi, Indonesia', 0, 2.60000000000582, 7837192, 7837246, 1, NULL, 0.00, NULL, 0.00, NULL, NULL, '2012-08-09 07:55:54', '', '2011-06-03 07:55:39', 'OFF', 'ON'),
(7837217, 81, '1009070072', NULL, '2012-08-09 00:55:54', -6.367123, 107.361668, 12, 109, 50, 10, 155854.3, 61, '00000001', '00000000', NULL, 0, NULL, 'Jalan Rest Area - Tol Cikampek, Telukjambe, Indonesia', 0, 0, 7837210, 7837256, 1, NULL, 0.00, NULL, 0.00, NULL, NULL, '2012-08-09 07:55:54', '', '2011-06-03 07:55:43', 'OFF', 'ON'),
(7837218, 271, '1009070258', NULL, '2012-08-09 00:56:09', -6.254612, 106.994107, 69, 109, 42, 9, 77543.1, 2, '00000000', '00000000', NULL, 0, NULL, 'Jalan Tol Jakarta - Cikampek, Bekasi, Indonesia', 0, 0, 7837193, 7837255, 1, NULL, 0.00, NULL, 0.00, NULL, NULL, '2012-08-09 07:56:09', '', '2011-06-03 07:55:54', 'OFF', 'OFF'),
(7837219, 68, '1009070059', NULL, '2012-08-09 00:56:41', -6.256218, 106.998655, 71, 109, 48, 9, 323933.6, 2, '00000001', '00000000', NULL, 0, NULL, 'Jalan Tol Jakarta - Cikampek, Bekasi, Indonesia', 0, 6.09999999997672, 7837194, 7837252, 1, NULL, 0.00, NULL, 0.00, NULL, NULL, '2012-08-09 07:56:41', '', '2011-06-03 07:56:26', 'OFF', 'ON'),
(7837220, 151, '1009070139', NULL, '2012-08-09 00:56:43', -6.532985, 106.852488, 82, 197, 185, 9, 101593.8, 2, '00000001', '00000000', NULL, 0, NULL, 'Jalan Tol Jagorawi, Citeureup, Indonesia', 0, 7.69999999999709, 7837196, 7837238, 1, NULL, 0.00, NULL, 0.00, NULL, NULL, '2012-08-09 07:56:43', '', '2011-06-03 07:56:30', 'OFF', 'ON'),
(7837221, 80, '1009070071', NULL, '2012-08-09 00:56:53', -6.37081, 106.89574, 20, 174, 93, 7, 185803.3, 2, '00000001', '00000000', NULL, 0, NULL, 'Jalan Tol Jagorawi, 13720, Indonesia', 0, 6.09999999997672, 7837197, 7837242, 1, NULL, 0.00, NULL, 0.00, NULL, NULL, '2012-08-09 07:56:53', '', '2011-06-03 07:56:38', 'OFF', 'ON'),
(7837222, 71, '1009070062', NULL, '2012-08-09 00:57:03', -6.537533, 106.851542, 88, 187, 191, 9, 182422.8, 2, '00000001', '00000000', NULL, 0, NULL, 'Jalan Tol Jagorawi, Citeureup, Indonesia', 0, 7.69999999998254, 7837198, 7837236, 1, NULL, 0.00, NULL, 0.00, NULL, NULL, '2012-08-09 07:57:03', '', '2011-06-03 07:56:48', 'OFF', 'ON'),
(7837223, 88, '1009070079', NULL, '2012-08-09 00:57:53', -6.56873, 106.766617, 0, 78, 228, 9, 204223, 2, '00000001', '00000000', NULL, 0, NULL, 'Jalan Brigadir Jenderal H Sapta Adjie Hadiprawira, Bogor, Indonesia', 0, 0.100000000005821, 7837200, 7837234, 1, NULL, 0.00, NULL, 0.00, NULL, NULL, '2012-08-09 07:57:53', 'Kerub Head Office', '2011-06-03 07:57:39', 'OFF', 'ON'),
(7837224, 76, '1009070067', NULL, '2012-08-09 00:57:55', -6.36689, 106.889922, 0, 274, 79, 7, 176753.8, 2, '00000001', '00000000', NULL, 0, NULL, 'Jalan Karya Bakti, Jakarta Capital Region 13720, Indonesia', 0, 0, 7837201, 7837235, 1, NULL, 0.00, NULL, 0.00, NULL, NULL, '2012-08-09 07:57:55', '', '2011-06-03 07:57:42', 'OFF', 'ON'),
(7837225, 20, '1009070010', NULL, '2012-08-09 00:57:53', -6.578307, 106.838702, 89, 199, 241, 8, 165844.7, 2, '00000001', '00000000', NULL, 0, NULL, 'Jalan Tol Jagorawi, Kedunghalang, Indonesia', 0, 4.10000000000582, 7837199, 7837247, 1, NULL, 0.00, NULL, 0.00, NULL, NULL, '2012-08-09 07:57:53', '', '2011-06-03 07:57:45', 'OFF', 'ON'),
(7837226, 82, '1009070073', NULL, '2012-08-09 00:58:09', -6.713452, 106.947127, 0, 254, 1115, 9, 26684.8, 2, '00000001', '00000000', NULL, 0, NULL, 'Jalan Taman Safari Indonesia, Cisarua, Indonesia', 0, 0, 7837208, 7837245, 1, NULL, 0.00, NULL, 0.00, NULL, NULL, '2012-08-09 07:58:09', '', '2011-06-03 07:57:54', 'OFF', 'ON'),
(7837227, 84, '1009070075', NULL, '2012-08-09 00:58:21', -7.747562, 110.362463, 18, 1, 184, 10, 153839.1, 2, '00000001', '00000000', NULL, 0, NULL, 'Jalan Magelang, Mlati, Indonesia', 0, 2.89999999999418, 7837203, 7837239, 1, NULL, 0.00, NULL, 0.00, NULL, NULL, '2012-08-09 07:58:21', '', '2011-06-03 07:58:06', 'OFF', 'ON'),
(7837228, 73, '1009070064', NULL, '2012-08-09 00:58:24', -6.677282, 106.929452, 0, 148, 843, 9, 309139.3, 2, '00000001', '00000000', NULL, 0, NULL, 'Jalan Puncak Raya, Cisarua, Indonesia', 0, 0.099999999976717, 7837204, 7837254, 1, NULL, 0.00, NULL, 0.00, NULL, NULL, '2012-08-09 07:58:24', '', '2011-06-03 07:58:10', 'OFF', 'ON'),
(7837229, 530, '1009080001', NULL, '2012-08-09 00:58:31', -6.522237, 106.839355, 0, 27, 174, 9, 139.8, 2, '00000001', '00000000', NULL, 0, NULL, 'Jalan Raya Alternative Sentul, Kedunghalang, Indonesia', 0, 0.100000000000023, 7837205, 7837233, 1, NULL, 0.00, NULL, 0.00, NULL, NULL, '2012-08-09 07:58:31', 'Mega Sentul', '2011-06-03 07:58:16', 'DISABLE', 'ON'),
(7837230, 33, '1009070023', NULL, '2012-08-09 00:58:44', -6.651263, 106.889873, 22, 80, 609, 9, 136447.4, 2, '00000001', '00000000', NULL, 0, NULL, 'Jalan Puncak Raya, Cisarua, Indonesia', 0, 2.19999999998254, 7837206, 7837249, 1, NULL, 0.00, NULL, 0.00, NULL, NULL, '2012-08-09 07:58:44', '', '2011-06-03 07:58:29', 'OFF', 'ON'),
(7837231, 150, '1009070138', NULL, '2012-08-09 00:58:51', -6.548077, 106.849628, 0, 195, 202, 9, 105512.1, 2, '00000001', '00000000', NULL, 0, NULL, 'Outbound Adventure Jagorawi, Citeureup, Indonesia', 0, 5.90000000000873, 7837207, 7837248, 1, NULL, 0.00, NULL, 0.00, NULL, NULL, '2012-08-09 07:58:51', '', '2011-06-03 07:58:36', 'OFF', 'ON'),
(7837232, 153, '1009070141', NULL, '2012-08-09 00:59:23', -6.409903, 106.986537, 28, 90, 95, 9, 109501.3, 2, '00000001', '00000000', NULL, 0, NULL, 'Jalan Cileungsi - Jonggol, Cileungsi, Indonesia', 0, 2, 7837209, 7837251, 1, NULL, 0.00, NULL, 0.00, NULL, NULL, '2012-08-09 07:59:23', 'Taman Rekreasi & Olahraga, Cileungsi-Jonggol', '2011-06-03 07:59:08', 'OFF', 'ON'),
(7837233, 530, '1009080001', NULL, '2012-08-09 00:59:28', -6.522237, 106.839355, 0, 27, 174, 9, 139.8, 60, '00000001', '00000000', NULL, 0, NULL, 'Jalan Raya Alternative Sentul, Kedunghalang, Indonesia', 0, 0, 7837229, 7837241, 1, NULL, 0.00, NULL, 0.00, NULL, NULL, '2012-08-09 07:59:28', 'Mega Sentul', '2011-06-03 07:59:16', 'DISABLE', 'ON'),
(7837234, 88, '1009070079', NULL, '2012-08-09 00:59:44', -6.56873, 106.766617, 0, 78, 228, 9, 204223, 60, '00000001', '00000000', NULL, 0, NULL, 'Jalan Brigadir Jenderal H Sapta Adjie Hadiprawira, Bogor, Indonesia', 0, 0, 7837223, 7837253, 1, NULL, 0.00, NULL, 0.00, NULL, NULL, '2012-08-09 07:59:44', 'Kerub Head Office', '2011-06-03 07:59:31', 'OFF', 'ON'),
(7837235, 76, '1009070067', NULL, '2012-08-09 01:00:00', -6.36689, 106.889922, 0, 274, 79, 6, 176753.8, 3, '00000001', '00000000', NULL, 0, NULL, 'Jalan Karya Bakti, Jakarta Capital Region 13720, Indonesia', 0, 0, 7837224, 7837272, 1, NULL, 0.00, NULL, 0.00, NULL, NULL, '2012-08-09 08:00:00', '', '2011-06-03 07:59:45', 'OFF', 'ON'),
(7837236, 71, '1009070062', NULL, '2012-08-09 01:00:00', -6.547858, 106.849697, 0, 193, 204, 9, 182424, 3, '00000001', '00000000', NULL, 0, NULL, 'Outbound Adventure Jagorawi, Citeureup, Indonesia', 0, 1.20000000001164, 7837222, 7837269, 1, NULL, 0.00, NULL, 0.00, NULL, NULL, '2012-08-09 08:00:00', '', '2011-06-03 07:59:48', 'OFF', 'ON'),
(7837237, 87, '1009070078', NULL, '2012-08-09 01:00:00', -6.214388, 106.679658, 46, 74, 12, 9, 1693.7, 3, '00000001', '00000000', NULL, 0, NULL, 'Jalan Tol Jakarta - Merak, Tangerang, Indonesia', 0, 5.10000000000014, 7837211, 7837257, 1, NULL, 0.00, NULL, 0.00, NULL, NULL, '2012-08-09 08:00:00', '', '2011-06-03 07:59:51', 'OFF', 'ON'),
(7837238, 151, '1009070139', NULL, '2012-08-09 01:00:00', -6.547895, 106.849633, 0, 212, 197, 9, 101595.5, 3, '00000001', '00000000', NULL, 0, NULL, 'Jalan Tol Jagorawi, Citeureup, Indonesia', 0, 1.69999999999709, 7837220, 7837267, 1, NULL, 0.00, NULL, 0.00, NULL, NULL, '2012-08-09 08:00:00', '', '2011-06-03 07:59:54', 'OFF', 'ON'),
(7837239, 84, '1009070075', NULL, '2012-08-09 01:00:00', -7.741423, 110.362742, 0, 19, 196, 8, 153839.7, 3, '00000001', '00000000', NULL, 0, NULL, 'Jalan Magelang, Mlati, Indonesia', 0, 0.600000000005821, 7837227, 7837276, 1, NULL, 0.00, NULL, 0.00, NULL, NULL, '2012-08-09 08:00:00', '', '2011-06-03 07:59:57', 'OFF', 'ON'),
(7837240, 296, '1009070283', NULL, '2012-08-09 01:00:00', -6.353645, 107.225703, 67, 101, 46, 9, 75996.6, 3, '00000001', '00000000', NULL, 0, NULL, 'Jalan Tol Jakarta - Cikampek, Telukjambe, Indonesia', 0, 6, 7837215, 7837262, 1, NULL, 0.00, NULL, 0.00, NULL, NULL, '2012-08-09 08:00:00', '', '2011-06-03 08:00:00', 'OFF', 'ON'),
(7837241, 530, '1009080001', NULL, '2012-08-09 01:00:00', -6.522237, 106.839355, 0, 27, 174, 9, 139.8, 3, '00000001', '00000000', NULL, 0, NULL, 'Jalan Raya Alternative Sentul, Kedunghalang, Indonesia', 0, 0, 7837233, 7837285, 1, NULL, 0.00, NULL, 0.00, NULL, NULL, '2012-08-09 08:00:00', 'Mega Sentul', '2011-06-03 08:00:03', 'DISABLE', 'ON'),
(7837242, 80, '1009070071', NULL, '2012-08-09 01:00:00', -6.405753, 106.898532, 85, 177, 112, 9, 185807.2, 3, '00000001', '00000000', NULL, 0, NULL, 'Jalan Tol Jagorawi, Gunung Putri, Indonesia', 0, 3.90000000002328, 7837221, 7837268, 1, NULL, 0.00, NULL, 0.00, NULL, NULL, '2012-08-09 08:00:00', '', '2011-06-03 08:00:06', 'OFF', 'ON'),
(7837243, 77, '1009070068', NULL, '2012-08-09 01:00:00', -6.196277, 106.65599, 11, 85, 31, 8, 291903.6, 3, '00000001', '00000000', NULL, 0, NULL, 'Jalan Wijaya Kusuma 1, Tangerang, Indonesia', 0, 0.099999999976717, 7837213, 7837260, 1, NULL, 0.00, NULL, 0.00, NULL, NULL, '2012-08-09 08:00:00', '', '2011-06-03 08:00:09', 'OFF', 'ON'),
(7837244, 58, '1009070049', NULL, '2012-08-09 01:00:00', -7.709228, 110.355072, 31, 313, 241, 10, 137191.6, 3, '00000001', '00000000', NULL, 0, NULL, 'Jalan Magelang, Sleman, Indonesia', 0, 2.60000000000582, 7837212, 7837259, 1, NULL, 0.00, NULL, 0.00, NULL, NULL, '2012-08-09 08:00:00', '', '2011-06-03 08:00:12', 'OFF', 'ON'),
(7837245, 82, '1009070073', NULL, '2012-08-09 01:00:00', -6.713452, 106.947127, 0, 254, 1115, 9, 26684.8, 3, '00000001', '00000000', NULL, 0, NULL, 'Jalan Taman Safari Indonesia, Cisarua, Indonesia', 0, 0, 7837226, 7837273, 1, NULL, 0.00, NULL, 0.00, NULL, NULL, '2012-08-09 08:00:00', '', '2011-06-03 08:00:15', 'OFF', 'ON'),
(7837246, 86, '1009070077', NULL, '2012-08-09 01:00:00', -6.40985, 106.98542, 29, 98, 95, 9, 222036.8, 3, '00000001', '00000000', NULL, 0, NULL, 'Jalan Cileungsi - Jonggol, Cileungsi, Indonesia', 0, 1.79999999998836, 7837216, 7837263, 1, NULL, 0.00, NULL, 0.00, NULL, NULL, '2012-08-09 08:00:00', 'Taman Rekreasi & Olahraga, Cileungsi-Jonggol', '2011-06-03 08:00:18', 'OFF', 'ON'),
(7837247, 20, '1009070010', NULL, '2012-08-09 01:00:00', -6.59646, 106.823498, 94, 266, 218, 9, 165847.9, 3, '00000001', '00000000', NULL, 0, NULL, 'Jalan Tol Jagorawi, Kedunghalang, Indonesia', 0, 3.19999999998254, 7837225, 7837271, 1, NULL, 0.00, NULL, 0.00, NULL, NULL, '2012-08-09 08:00:00', '', '2011-06-03 08:00:21', 'OFF', 'ON'),
(7837248, 150, '1009070138', NULL, '2012-08-09 01:00:00', -6.54852, 106.849483, 0, 201, 198, 9, 105512.1, 3, '00000001', '00000000', NULL, 0, NULL, 'Jalan Tol Jagorawi, Citeureup, Indonesia', 0, 0, 7837231, 7837279, 1, NULL, 0.00, NULL, 0.00, NULL, NULL, '2012-08-09 08:00:00', '', '2011-06-03 08:00:24', 'OFF', 'ON'),
(7837249, 33, '1009070023', NULL, '2012-08-09 01:00:00', -6.650298, 106.896805, 44, 84, 608, 8, 136448.2, 3, '00000001', '00000000', NULL, 0, NULL, 'Jalan Puncak Raya, Cisarua, Indonesia', 0, 0.800000000017462, 7837230, 7837278, 1, NULL, 0.00, NULL, 0.00, NULL, NULL, '2012-08-09 08:00:00', '', '2011-06-03 08:00:27', 'OFF', 'ON'),
(7837250, 89, '1009070080', NULL, '2012-08-09 01:00:00', -6.656607, 106.916163, 0, 0, 676, 9, 331822.5, 3, '00000001', '00000000', NULL, 0, NULL, 'Jalan Puncak Raya, Cisarua, Indonesia', 0, 0, 7837214, 7837261, 1, NULL, 0.00, NULL, 0.00, NULL, NULL, '2012-08-09 08:00:00', '', '2011-06-03 08:00:30', 'OFF', 'ON'),
(7837251, 153, '1009070141', NULL, '2012-08-09 01:00:00', -6.410382, 106.988115, 0, 194, 93, 9, 109501.5, 3, '00000001', '00000000', NULL, 0, NULL, 'Jalan Cileungsi - Jonggol, Cileungsi, Indonesia', 0, 0.19999999999709, 7837232, 7837280, 1, NULL, 0.00, NULL, 0.00, NULL, NULL, '2012-08-09 08:00:00', 'Taman Rekreasi & Olahraga, Cileungsi-Jonggol', '2011-06-03 08:00:33', 'OFF', 'ON'),
(7837252, 68, '1009070059', NULL, '2012-08-09 01:00:00', -6.267598, 107.031298, 78, 108, 52, 9, 323937.4, 3, '00000001', '00000000', NULL, 0, NULL, 'Jalan Tol Jakarta - Cikampek, Bekasi, Indonesia', 0, 3.80000000004657, 7837219, 7837266, 1, NULL, 0.00, NULL, 0.00, NULL, NULL, '2012-08-09 08:00:00', '', '2011-06-03 08:00:36', 'OFF', 'ON'),
(7837253, 88, '1009070079', NULL, '2012-08-09 01:00:00', -6.56873, 106.766617, 0, 78, 228, 9, 204223, 3, '00000001', '00000000', NULL, 0, NULL, 'Jalan Brigadir Jenderal H Sapta Adjie Hadiprawira, Bogor, Indonesia', 0, 0, 7837234, 7837270, 1, NULL, 0.00, NULL, 0.00, NULL, NULL, '2012-08-09 08:00:00', 'Kerub Head Office', '2011-06-03 08:00:40', 'OFF', 'ON'),
(7837254, 73, '1009070064', NULL, '2012-08-09 01:00:00', -6.677282, 106.929452, 0, 148, 843, 9, 309139.3, 3, '00000001', '00000000', NULL, 0, NULL, 'Jalan Puncak Raya, Cisarua, Indonesia', 0, 0, 7837228, 7837277, 1, NULL, 0.00, NULL, 0.00, NULL, NULL, '2012-08-09 08:00:00', '', '2011-06-03 08:00:43', 'OFF', 'ON'),
(7837255, 271, '1009070258', NULL, '2012-08-09 01:00:00', -6.267883, 107.032188, 76, 109, 37, 9, 77543.1, 3, '00000000', '00000000', NULL, 0, NULL, 'Jalan Tol Jakarta - Cikampek, Bekasi, Indonesia', 0, 0, 7837218, 7837264, 1, NULL, 0.00, NULL, 0.00, NULL, NULL, '2012-08-09 08:00:00', '', '2011-06-03 08:00:46', 'OFF', 'OFF'),
(7837256, 81, '1009070072', NULL, '2012-08-09 01:00:00', -6.382962, 107.385582, 90, 120, 51, 9, 155857.8, 3, '00000001', '00000000', NULL, 0, NULL, 'Jalan Tol Jakarta - Cikampek, Klari, Indonesia', 0, 3.5, 7837217, 7837258, 1, NULL, 0.00, NULL, 0.00, NULL, NULL, '2012-08-09 08:00:00', '', '2011-06-03 08:00:49', 'OFF', 'ON'),
(7837257, 87, '1009070078', NULL, '2012-08-09 01:00:03', -6.214297, 106.679993, 45, 74, 11, 9, 1693.8, 2, '00000001', '00000000', NULL, 0, NULL, 'Jalan Tol Jakarta - Merak, Tangerang, Indonesia', 0, 0.0999999999999091, 7837237, 7837281, 1, NULL, 0.00, NULL, 0.00, NULL, NULL, '2012-08-09 08:00:03', '', '2011-06-03 08:00:52', 'OFF', 'ON'),
(7837258, 81, '1009070072', NULL, '2012-08-09 01:00:05', -6.383542, 107.386553, 88, 120, 52, 7, 155857.9, 2, '00000001', '00000000', NULL, 0, NULL, 'Jalan Tol Jakarta - Cikampek, Klari, Indonesia', 0, 0.100000000005821, 7837256, 7837282, 1, NULL, 0.00, NULL, 0.00, NULL, NULL, '2012-08-09 08:00:05', '', '2011-06-03 08:00:55', 'OFF', 'ON'),
(7837259, 58, '1009070049', NULL, '2012-08-09 01:00:12', -7.70838, 110.35421, 45, 312, 242, 10, 137191.7, 2, '00000001', '00000000', NULL, 0, NULL, 'Jalan Magelang, Sleman, Indonesia', 0, 0.100000000005821, 7837244, 7837283, 1, NULL, 0.00, NULL, 0.00, NULL, NULL, '2012-08-09 08:00:12', '', '2011-06-03 08:00:57', 'OFF', 'ON'),
(7837260, 77, '1009070068', NULL, '2012-08-09 01:00:15', -6.196277, 106.656345, 4, 90, 30, 9, 291903.6, 2, '00000001', '00000000', NULL, 0, NULL, 'Jalan Wijaya Kusuma 1, Tangerang, Indonesia', 0, 0, 7837243, 7837284, 1, NULL, 0.00, NULL, 0.00, NULL, NULL, '2012-08-09 08:00:15', '', '2011-06-03 08:01:00', 'OFF', 'ON'),
(7837261, 89, '1009070080', NULL, '2012-08-09 01:00:37', -6.656607, 106.916163, 0, 0, 676, 9, 331822.5, 2, '00000001', '00000000', NULL, 0, NULL, 'Jalan Puncak Raya, Cisarua, Indonesia', 0, 0, 7837250, 7837265, 1, NULL, 0.00, NULL, 0.00, NULL, NULL, '2012-08-09 08:00:37', '', '2011-06-03 08:01:03', 'OFF', 'ON'),
(7837262, 296, '1009070283', NULL, '2012-08-09 01:00:49', -6.355053, 107.234048, 74, 92, 50, 8, 75997.6, 2, '00000001', '00000000', NULL, 0, NULL, 'Jalan Tol Jakarta - Cikampek, Telukjambe, Indonesia', 0, 1, 7837240, 7837288, 1, NULL, 0.00, NULL, 0.00, NULL, NULL, '2012-08-09 08:00:49', '', '2011-06-03 08:01:06', 'OFF', 'ON'),
(7837263, 86, '1009070077', NULL, '2012-08-09 01:00:54', -6.410253, 106.988133, 0, 180, 88, 9, 222037.1, 2, '00000001', '00000000', NULL, 0, NULL, 'Jalan Cileungsi - Jonggol, Cileungsi, Indonesia', 0, 0.300000000017462, 7837246, 7837289, 1, NULL, 0.00, NULL, 0.00, NULL, NULL, '2012-08-09 08:00:54', 'Taman Rekreasi & Olahraga, Cileungsi-Jonggol', '2011-06-03 08:01:10', 'OFF', 'ON'),
(7837264, 271, '1009070258', NULL, '2012-08-09 01:01:09', -6.271748, 107.042762, 53, 112, 41, 9, 77543.1, 2, '00000000', '00000000', NULL, 0, NULL, 'Jalan Tol Jakarta - Cikampek, Bekasi, Indonesia', 0, 0, 7837255, 7837318, 1, NULL, 0.00, NULL, 0.00, NULL, NULL, '2012-08-09 08:01:09', '', '2011-06-03 08:01:13', 'OFF', 'OFF'),
(7837265, 89, '1009070080', NULL, '2012-08-09 01:01:34', -6.656607, 106.916163, 0, 0, 676, 9, 331822.5, 60, '00000001', '00000000', NULL, 0, NULL, 'Jalan Puncak Raya, Cisarua, Indonesia', 0, 0, 7837261, 7837287, 1, NULL, 0.00, NULL, 0.00, NULL, NULL, '2012-08-09 08:01:34', '', '2011-06-03 08:01:20', 'OFF', 'ON'),
(7837266, 68, '1009070059', NULL, '2012-08-09 01:01:41', -6.273102, 107.04587, 65, 114, 32, 8, 323939.2, 2, '00000001', '00000000', NULL, 0, NULL, 'Jalan Tol Jakarta - Cikampek, Bekasi, Indonesia', 0, 1.79999999998836, 7837252, 7837291, 1, NULL, 0.00, NULL, 0.00, NULL, NULL, '2012-08-09 08:01:41', '', '2011-06-03 08:01:27', 'OFF', 'ON'),
(7837267, 151, '1009070139', NULL, '2012-08-09 01:01:43', -6.547895, 106.849633, 0, 212, 197, 9, 101595.5, 2, '00000001', '00000000', NULL, 0, NULL, 'Jalan Tol Jagorawi, Citeureup, Indonesia', 0, 0, 7837238, 7837292, 1, NULL, 0.00, NULL, 0.00, NULL, NULL, '2012-08-09 08:01:43', '', '2011-06-03 08:01:30', 'OFF', 'ON'),
(7837268, 80, '1009070071', NULL, '2012-08-09 01:01:53', -6.429188, 106.895635, 76, 197, 110, 8, 185809.9, 2, '00000001', '00000000', NULL, 0, NULL, 'Jalan Tol Jagorawi, Gunung Putri, Indonesia', 0, 2.69999999998254, 7837242, 7837293, 1, NULL, 0.00, NULL, 0.00, NULL, NULL, '2012-08-09 08:01:53', '', '2011-06-03 08:01:38', 'OFF', 'ON'),
(7837269, 71, '1009070062', NULL, '2012-08-09 01:02:03', -6.548088, 106.849615, 0, 200, 203, 8, 182424, 2, '00000001', '00000000', NULL, 0, NULL, 'Outbound Adventure Jagorawi, Citeureup, Indonesia', 0, 0, 7837236, 7837294, 1, NULL, 0.00, NULL, 0.00, NULL, NULL, '2012-08-09 08:02:03', '', '2011-06-03 08:01:48', 'OFF', 'ON'),
(7837270, 88, '1009070079', NULL, '2012-08-09 01:02:53', -6.56873, 106.766617, 0, 78, 228, 9, 204223, 2, '00000001', '00000000', NULL, 0, NULL, 'Jalan Brigadir Jenderal H Sapta Adjie Hadiprawira, Bogor, Indonesia', 0, 0, 7837253, 7837274, 1, NULL, 0.00, NULL, 0.00, NULL, NULL, '2012-08-09 08:02:53', 'Kerub Head Office', '2011-06-03 08:02:38', 'OFF', 'ON'),
(7837271, 20, '1009070010', NULL, '2012-08-09 01:02:53', -6.605072, 106.807372, 29, 140, 301, 9, 165850, 2, '00000001', '00000000', NULL, 0, NULL, 'Jalan Raya Pajajaran, Bogor, Indonesia', 0, 2.10000000000582, 7837247, 7837295, 1, NULL, 0.00, NULL, 0.00, NULL, NULL, '2012-08-09 08:02:53', '', '2011-06-03 08:02:41', 'OFF', 'ON'),
(7837272, 76, '1009070067', NULL, '2012-08-09 01:02:55', -6.36689, 106.889922, 0, 274, 79, 7, 176753.8, 2, '00000001', '00000000', NULL, 0, NULL, 'Jalan Karya Bakti, Jakarta Capital Region 13720, Indonesia', 0, 0, 7837235, 7837290, 1, NULL, 0.00, NULL, 0.00, NULL, NULL, '2012-08-09 08:02:55', '', '2011-06-03 08:02:44', 'OFF', 'ON'),
(7837273, 82, '1009070073', NULL, '2012-08-09 01:03:09', -6.713452, 106.947127, 0, 254, 1115, 9, 26684.8, 2, '00000001', '00000000', NULL, 0, NULL, 'Jalan Taman Safari Indonesia, Cisarua, Indonesia', 0, 0, 7837245, 7837297, 1, NULL, 0.00, NULL, 0.00, NULL, NULL, '2012-08-09 08:03:09', '', '2011-06-03 08:02:54', 'OFF', 'ON'),
(7837274, 88, '1009070079', NULL, '2012-08-09 01:03:10', -6.56873, 106.766617, 0, 78, 228, 9, 204223, 11, '00000000', '00000000', NULL, 0, NULL, 'Jalan Brigadir Jenderal H Sapta Adjie Hadiprawira, Bogor, Indonesia', 0, 0, 7837270, 7837275, 1, NULL, 0.00, NULL, 0.00, NULL, NULL, '2012-08-09 08:03:10', 'Kerub Head Office', '2011-06-03 08:02:58', 'OFF', 'OFF'),
(7837275, 88, '1009070079', NULL, '2012-08-09 01:03:11', -6.56873, 106.766617, 0, 78, 228, 9, 204223, 61, '00000000', '00000000', NULL, 0, NULL, 'Jalan Brigadir Jenderal H Sapta Adjie Hadiprawira, Bogor, Indonesia', 0, 0, 7837274, 7837597, 1, NULL, 0.00, NULL, 0.00, NULL, NULL, '2012-08-09 08:03:11', 'Kerub Head Office', '2011-06-03 08:03:01', 'OFF', 'OFF'),
(7837276, 84, '1009070075', NULL, '2012-08-09 01:03:21', -7.722003, 110.361463, 0, 348, 232, 8, 153841.9, 2, '00000001', '00000000', NULL, 0, NULL, 'Jalan Magelang, Sleman, Indonesia', 0, 2.19999999998254, 7837239, 7837298, 1, NULL, 0.00, NULL, 0.00, NULL, NULL, '2012-08-09 08:03:21', '', '2011-06-03 08:03:08', 'OFF', 'ON'),
(7837277, 73, '1009070064', NULL, '2012-08-09 01:03:24', -6.678368, 106.929883, 0, 146, 845, 9, 309139.4, 2, '00000001', '00000000', NULL, 0, NULL, 'Jalan Puncak Raya, Cisarua, Indonesia', 0, 0.100000000034925, 7837254, 7837299, 1, NULL, 0.00, NULL, 0.00, NULL, NULL, '2012-08-09 08:03:24', '', '2011-06-03 08:03:12', 'OFF', 'ON'),
(7837278, 33, '1009070023', NULL, '2012-08-09 01:03:44', -6.650055, 106.90348, 6, 109, 643, 9, 136448.9, 2, '00000001', '00000000', NULL, 0, NULL, 'Jalan Puncak Raya, Cisarua, Indonesia', 0, 0.699999999982538, 7837249, 7837302, 1, NULL, 0.00, NULL, 0.00, NULL, NULL, '2012-08-09 08:03:44', '', '2011-06-03 08:03:29', 'OFF', 'ON'),
(7837279, 150, '1009070138', NULL, '2012-08-09 01:03:51', -6.54852, 106.849483, 0, 201, 198, 9, 105512.1, 2, '00000001', '00000000', NULL, 0, NULL, 'Jalan Tol Jagorawi, Citeureup, Indonesia', 0, 0, 7837248, 7837303, 1, NULL, 0.00, NULL, 0.00, NULL, NULL, '2012-08-09 08:03:51', '', '2011-06-03 08:03:36', 'OFF', 'ON'),
(7837280, 153, '1009070141', NULL, '2012-08-09 01:04:23', -6.410382, 106.988115, 0, 194, 93, 9, 109501.5, 2, '00000001', '00000000', NULL, 0, NULL, 'Jalan Cileungsi - Jonggol, Cileungsi, Indonesia', 0, 0, 7837251, 7837305, 1, NULL, 0.00, NULL, 0.00, NULL, NULL, '2012-08-09 08:04:23', 'Taman Rekreasi & Olahraga, Cileungsi-Jonggol', '2011-06-03 08:04:08', 'OFF', 'ON'),
(7837281, 87, '1009070078', NULL, '2012-08-09 01:05:03', -6.195193, 106.71474, 45, 52, 34, 9, 1698.2, 2, '00000001', '00000000', NULL, 0, NULL, 'Jalan Tol Jakarta - Merak, Tangerang, Indonesia', 0, 4.40000000000009, 7837257, 7837309, 1, NULL, 0.00, NULL, 0.00, NULL, NULL, '2012-08-09 08:05:03', '', '2011-06-03 08:04:48', 'OFF', 'ON'),
(7837282, 81, '1009070072', NULL, '2012-08-09 01:05:05', -6.421288, 107.423737, 62, 144, 75, 8, 155864.1, 2, '00000001', '00000000', NULL, 0, NULL, 'Jalan Tol Jakarta - Cikampek, Klari, Indonesia', 0, 6.20000000001164, 7837258, 7837308, 1, NULL, 0.00, NULL, 0.00, NULL, NULL, '2012-08-09 08:05:05', '', '2011-06-03 08:04:52', 'OFF', 'ON'),
(7837283, 58, '1009070049', NULL, '2012-08-09 01:05:12', -7.672003, 110.335122, 68, 329, 315, 10, 137196.3, 2, '00000001', '00000000', NULL, 0, NULL, 'Jalan Magelang, Sleman, Indonesia', 0, 4.59999999997672, 7837259, 7837310, 1, NULL, 0.00, NULL, 0.00, NULL, NULL, '2012-08-09 08:05:12', '', '2011-06-03 08:04:57', 'OFF', 'ON'),
(7837284, 77, '1009070068', NULL, '2012-08-09 01:05:15', -6.18715, 106.658767, 5, 12, 42, 9, 291904.6, 2, '00000001', '00000000', NULL, 0, NULL, 'Jalan Wijaya Kusuma, Tangerang, Indonesia', 0, 1, 7837260, 7837311, 1, NULL, 0.00, NULL, 0.00, NULL, NULL, '2012-08-09 08:05:15', '', '2011-06-03 08:05:01', 'OFF', 'ON'),
(7837285, 530, '1009080001', NULL, '2012-08-09 01:05:22', -6.522237, 106.839355, 0, 27, 174, 9, 139.8, 11, '00000000', '00000000', NULL, 0, NULL, 'Jalan Raya Alternative Sentul, Kedunghalang, Indonesia', 0, 0, 7837241, 7837286, 1, NULL, 0.00, NULL, 0.00, NULL, NULL, '2012-08-09 08:05:22', 'Mega Sentul', '2011-06-03 08:05:09', 'DISABLE', 'OFF'),
(7837286, 530, '1009080001', NULL, '2012-08-09 01:05:22', -6.522237, 106.839355, 0, 27, 174, 9, 139.8, 61, '00000000', '00000000', NULL, 0, NULL, 'Jalan Raya Alternative Sentul, Kedunghalang, Indonesia', 0, 0, 7837285, 7837300, 1, NULL, 0.00, NULL, 0.00, NULL, NULL, '2012-08-09 08:05:22', 'Mega Sentul', '2011-06-03 08:05:12', 'DISABLE', 'OFF'),
(7837287, 89, '1009070080', NULL, '2012-08-09 01:05:37', -6.656607, 106.916163, 0, 0, 676, 9, 331822.5, 2, '00000001', '00000000', NULL, 0, NULL, 'Jalan Puncak Raya, Cisarua, Indonesia', 0, 0, 7837265, 7837301, 1, NULL, 0.00, NULL, 0.00, NULL, NULL, '2012-08-09 08:05:37', '', '2011-06-03 08:05:22', 'OFF', 'ON'),
(7837288, 296, '1009070283', NULL, '2012-08-09 01:05:49', -6.350117, 107.292262, 73, 92, 63, 9, 76004.2, 2, '00000001', '00000000', NULL, 0, NULL, 'Jalan Tol Jakarta - Cikampek, Telukjambe, Indonesia', 0, 6.59999999999127, 7837262, 7837324, 1, NULL, 0.00, NULL, 0.00, NULL, NULL, '2012-08-09 08:05:49', '', '2011-06-03 08:05:35', 'OFF', 'ON'),
(7837289, 86, '1009070077', NULL, '2012-08-09 01:05:54', -6.410253, 106.988133, 0, 180, 88, 9, 222037.1, 2, '00000001', '00000000', NULL, 0, NULL, 'Jalan Cileungsi - Jonggol, Cileungsi, Indonesia', 0, 0, 7837263, 7837317, 1, NULL, 0.00, NULL, 0.00, NULL, NULL, '2012-08-09 08:05:54', 'Taman Rekreasi & Olahraga, Cileungsi-Jonggol', '2011-06-03 08:05:39', 'OFF', 'ON'),
(7837290, 76, '1009070067', NULL, '2012-08-09 01:06:05', -6.366627, 106.889492, 11, 296, 107, 5, 176753.9, 61, '00000001', '00000000', NULL, 0, NULL, 'Jalan Karya Bakti, Jakarta Capital Region 13720, Indonesia', 0, 0.100000000005821, 7837272, 7837296, 1, NULL, 0.00, NULL, 0.00, NULL, NULL, '2012-08-09 08:06:05', '', '2011-06-03 08:05:51', 'OFF', 'ON'),
(7837291, 68, '1009070059', NULL, '2012-08-09 01:06:41', -6.291022, 107.097922, 77, 113, 25, 7, 323945.3, 2, '00000001', '00000000', NULL, 0, NULL, 'Jalan Tol Jakarta - Cikampek, Bekasi, Indonesia', 0, 6.09999999997672, 7837266, 7837322, 1, NULL, 0.00, NULL, 0.00, NULL, NULL, '2012-08-09 08:06:41', '', '2011-06-03 08:06:26', 'OFF', 'ON'),
(7837292, 151, '1009070139', NULL, '2012-08-09 01:06:43', -6.547895, 106.849633, 0, 212, 197, 9, 101595.5, 2, '00000001', '00000000', NULL, 0, NULL, 'Jalan Tol Jagorawi, Citeureup, Indonesia', 0, 0, 7837267, 7837304, 1, NULL, 0.00, NULL, 0.00, NULL, NULL, '2012-08-09 08:06:43', '', '2011-06-03 08:06:30', 'OFF', 'ON'),
(7837293, 80, '1009070071', NULL, '2012-08-09 01:06:53', -6.485588, 106.872578, 93, 206, 155, 7, 185816.8, 2, '00000001', '00000000', NULL, 0, NULL, 'Jalan Tol Jagorawi, Citeureup, Indonesia', 0, 6.89999999999418, 7837268, 7837325, 1, NULL, 0.00, NULL, 0.00, NULL, NULL, '2012-08-09 08:06:53', '', '2011-06-03 08:06:39', 'OFF', 'ON'),
(7837294, 71, '1009070062', NULL, '2012-08-09 01:07:03', -6.548088, 106.849615, 0, 200, 203, 8, 182424, 2, '00000001', '00000000', NULL, 0, NULL, 'Outbound Adventure Jagorawi, Citeureup, Indonesia', 0, 0, 7837269, 7837306, 1, NULL, 0.00, NULL, 0.00, NULL, NULL, '2012-08-09 08:07:03', '', '2011-06-03 08:06:48', 'OFF', 'ON'),
(7837295, 20, '1009070010', NULL, '2012-08-09 01:07:53', -6.620227, 106.81422, 24, 232, 333, 8, 165852.4, 2, '00000001', '00000000', NULL, 0, NULL, 'Jalan Lawang Gintung, Bogor, Indonesia', 0, 2.39999999999418, 7837271, 7837328, 1, NULL, 0.00, NULL, 0.00, NULL, NULL, '2012-08-09 08:07:53', '', '2011-06-03 08:07:40', 'OFF', 'ON'),
(7837296, 76, '1009070067', NULL, '2012-08-09 01:07:55', -6.367902, 106.88932, 18, 157, 97, 6, 176754.1, 2, '00000001', '00000000', NULL, 0, NULL, 'Jalan Taman Bunga, Depok, Indonesia', 0, 0.200000000011642, 7837290, 7837329, 1, NULL, 0.00, NULL, 0.00, NULL, NULL, '2012-08-09 08:07:55', '', '2011-06-03 08:07:43', 'OFF', 'ON'),
(7837297, 82, '1009070073', NULL, '2012-08-09 01:08:09', -6.713452, 106.947127, 0, 254, 1115, 9, 26684.8, 2, '00000001', '00000000', NULL, 0, NULL, 'Jalan Taman Safari Indonesia, Cisarua, Indonesia', 0, 0, 7837273, 7837331, 1, NULL, 0.00, NULL, 0.00, NULL, NULL, '2012-08-09 08:08:09', '', '2011-06-03 08:07:54', 'OFF', 'ON'),
(7837298, 84, '1009070075', NULL, '2012-08-09 01:08:21', -7.705538, 110.35135, 53, 318, 246, 8, 153844.1, 2, '00000001', '00000000', NULL, 0, NULL, 'Jalan Magelang, Sleman, Indonesia', 0, 2.20000000001164, 7837276, 7837332, 1, NULL, 0.00, NULL, 0.00, NULL, NULL, '2012-08-09 08:08:21', '', '2011-06-03 08:08:06', 'OFF', 'ON'),
(7837299, 73, '1009070064', NULL, '2012-08-09 01:08:24', -6.687868, 106.940107, 11, 168, 931, 9, 309141, 2, '00000001', '00000000', NULL, 0, NULL, 'Jalan Puncak Raya - Cibeureum, Cisarua, Indonesia', 0, 1.59999999997672, 7837277, 7837333, 1, NULL, 0.00, NULL, 0.00, NULL, NULL, '2012-08-09 08:08:24', '', '2011-06-03 08:08:10', 'OFF', 'ON'),
(7837300, 530, '1009080001', NULL, '2012-08-09 01:08:31', -6.522237, 106.839355, 0, 27, 174, 9, 139.8, 2, '00000000', '00000000', NULL, 0, NULL, 'Jalan Raya Alternative Sentul, Kedunghalang, Indonesia', 0, 0, 7837286, 7837414, 1, NULL, 0.00, NULL, 0.00, NULL, NULL, '2012-08-09 08:08:31', 'Mega Sentul', '2011-06-03 08:08:16', 'DISABLE', 'OFF'),
(7837301, 89, '1009070080', NULL, '2012-08-09 01:08:42', -6.656848, 106.916125, 14, 211, 684, 8, 331822.5, 61, '00000001', '00000000', NULL, 0, NULL, 'Jalan Puncak Raya, Cisarua, Indonesia', 0, 0, 7837287, 7837312, 1, NULL, 0.00, NULL, 0.00, NULL, NULL, '2012-08-09 08:08:42', '', '2011-06-03 08:08:28', 'OFF', 'ON'),
(7837302, 33, '1009070023', NULL, '2012-08-09 01:08:44', -6.659173, 106.914482, 23, 129, 711, 9, 136450.5, 2, '00000001', '00000000', NULL, 0, NULL, 'Jalan Puncak Raya, Cisarua, Indonesia', 0, 1.60000000000582, 7837278, 7837334, 1, NULL, 0.00, NULL, 0.00, NULL, NULL, '2012-08-09 08:08:44', '', '2011-06-03 08:08:32', 'OFF', 'ON'),
(7837303, 150, '1009070138', NULL, '2012-08-09 01:08:51', -6.54852, 106.849483, 0, 201, 198, 8, 105512.1, 2, '00000001', '00000000', NULL, 0, NULL, 'Jalan Tol Jagorawi, Citeureup, Indonesia', 0, 0, 7837279, 7837307, 1, NULL, 0.00, NULL, 0.00, NULL, NULL, '2012-08-09 08:08:51', '', '2011-06-03 08:08:36', 'OFF', 'ON'),
(7837304, 151, '1009070139', NULL, '2012-08-09 01:09:18', -6.547895, 106.849633, 0, 212, 197, 8, 101595.5, 60, '00000001', '00000000', NULL, 0, NULL, 'Jalan Tol Jagorawi, Citeureup, Indonesia', 0, 0, 7837292, 7837323, 1, NULL, 0.00, NULL, 0.00, NULL, NULL, '2012-08-09 08:09:18', '', '2011-06-03 08:09:03', 'OFF', 'ON'),
(7837305, 153, '1009070141', NULL, '2012-08-09 01:09:23', -6.410382, 106.988115, 0, 194, 93, 9, 109501.5, 2, '00000001', '00000000', NULL, 0, NULL, 'Jalan Cileungsi - Jonggol, Cileungsi, Indonesia', 0, 0, 7837280, 7837316, 1, NULL, 0.00, NULL, 0.00, NULL, NULL, '2012-08-09 08:09:23', 'Taman Rekreasi & Olahraga, Cileungsi-Jonggol', '2011-06-03 08:09:08', 'OFF', 'ON'),
(7837306, 71, '1009070062', NULL, '2012-08-09 01:09:34', -6.548088, 106.849615, 0, 200, 203, 7, 182424, 60, '00000001', '00000000', NULL, 0, NULL, 'Outbound Adventure Jagorawi, Citeureup, Indonesia', 0, 0, 7837294, 7837326, 1, NULL, 0.00, NULL, 0.00, NULL, NULL, '2012-08-09 08:09:34', '', '2011-06-03 08:09:20', 'OFF', 'ON'),
(7837307, 150, '1009070138', NULL, '2012-08-09 01:09:59', -6.54852, 106.849483, 0, 201, 198, 8, 105512.1, 60, '00000001', '00000000', NULL, 0, NULL, 'Jalan Tol Jagorawi, Citeureup, Indonesia', 0, 0, 7837303, 7837335, 1, NULL, 0.00, NULL, 0.00, NULL, NULL, '2012-08-09 08:09:59', '', '2011-06-03 08:09:45', 'OFF', 'ON'),
(7837308, 81, '1009070072', NULL, '2012-08-09 01:10:05', -6.471173, 107.44617, 78, 162, 106, 9, 155870.5, 2, '00000001', '00000000', NULL, 0, NULL, 'Jalan Tol Cipularang, Campaka, Indonesia', 0, 6.39999999999418, 7837282, 7837338, 1, NULL, 0.00, NULL, 0.00, NULL, NULL, '2012-08-09 08:10:05', '', '2011-06-03 08:09:50', 'OFF', 'ON'),
(7837309, 87, '1009070078', NULL, '2012-08-09 01:10:03', -6.19001, 106.76669, 55, 89, 25, 9, 1704.1, 2, '00000001', '00000000', NULL, 0, NULL, 'Jalan Tol Jakarta - Merak, Jakarta Capital Region 11520, Indonesia', 0, 5.89999999999986, 7837281, 7837337, 1, NULL, 0.00, NULL, 0.00, NULL, NULL, '2012-08-09 08:10:03', '', '2011-06-03 08:09:54', 'OFF', 'ON'),
(7837310, 58, '1009070049', NULL, '2012-08-09 01:10:12', -7.639497, 110.321917, 45, 332, 365, 10, 137200.2, 2, '00000001', '00000000', NULL, 0, NULL, 'Jalan Magelang, Salam, Indonesia', 0, 3.90000000002328, 7837283, 7837339, 1, NULL, 0.00, NULL, 0.00, NULL, NULL, '2012-08-09 08:10:12', '', '2011-06-03 08:09:57', 'OFF', 'ON'),
(7837311, 77, '1009070068', NULL, '2012-08-09 01:10:15', -6.181767, 106.643355, 43, 14, 38, 9, 291906.8, 2, '00000001', '00000000', NULL, 0, NULL, 'Jalan Jenderal Sudirman, Tangerang, Indonesia', 0, 2.20000000001164, 7837284, 7837340, 1, NULL, 0.00, NULL, 0.00, NULL, NULL, '2012-08-09 08:10:15', '', '2011-06-03 08:10:01', 'OFF', 'ON'),
(7837312, 89, '1009070080', NULL, '2012-08-09 01:10:37', -6.658163, 106.915377, 0, 156, 704, 8, 331822.7, 2, '00000001', '00000000', NULL, 0, NULL, 'Jalan Puncak Raya, Cisarua, Indonesia', 0, 0.200000000011642, 7837301, 7837341, 1, NULL, 0.00, NULL, 0.00, NULL, NULL, '2012-08-09 08:10:37', '', '2011-06-03 08:10:22', 'OFF', 'ON'),
(7837313, 529, '1009070400', NULL, '2012-08-09 01:10:37', -6.568575, 106.76664, 0, 81, 229, 0, 284553.1, 11, '00000001', '00000000', NULL, 0, NULL, 'Jalan Brigadir Jenderal H Sapta Adjie Hadiprawira, Bogor, Indonesia', 0, 0, 7837108, 7837314, 1, NULL, 0.00, NULL, 0.00, NULL, NULL, '2012-08-09 08:10:37', 'Kerub Head Office', '2011-06-03 08:10:26', 'OFF', 'ON'),
(7837314, 529, '1009070400', NULL, '2012-08-09 01:10:37', -6.568553, 106.766705, 0, 0, 229, 6, 284553.2, 2, '00000001', '00000000', NULL, 0, NULL, 'Jalan Brigadir Jenderal H Sapta Adjie Hadiprawira, Bogor, Indonesia', 0, 0.100000000034925, 7837313, 7837315, 1, NULL, 0.00, NULL, 0.00, NULL, NULL, '2012-08-09 08:10:37', 'Kerub Head Office', '2011-06-03 08:10:28', 'OFF', 'ON'),
(7837315, 529, '1009070400', NULL, '2012-08-09 01:10:48', -6.568607, 106.766638, 0, 0, 228, 9, 284553.2, 11, '00000000', '00000000', NULL, 0, NULL, 'Jalan Brigadir Jenderal H Sapta Adjie Hadiprawira, Bogor, Indonesia', 0, 0, 7837314, 7837419, 1, NULL, 0.00, NULL, 0.00, NULL, NULL, '2012-08-09 08:10:48', 'Kerub Head Office', '2011-06-03 08:10:34', 'OFF', 'OFF'),
(7837316, 153, '1009070141', NULL, '2012-08-09 01:10:51', -6.410382, 106.988115, 0, 194, 93, 9, 109501.5, 60, '00000001', '00000000', NULL, 0, NULL, 'Jalan Cileungsi - Jonggol, Cileungsi, Indonesia', 0, 0, 7837305, 7837336, 1, NULL, 0.00, NULL, 0.00, NULL, NULL, '2012-08-09 08:10:51', 'Taman Rekreasi & Olahraga, Cileungsi-Jonggol', '2011-06-03 08:10:38', 'OFF', 'ON'),
(7837317, 86, '1009070077', NULL, '2012-08-09 01:10:54', -6.410253, 106.988133, 0, 180, 88, 9, 222037.1, 2, '00000001', '00000000', NULL, 0, NULL, 'Jalan Cileungsi - Jonggol, Cileungsi, Indonesia', 0, 0, 7837289, 7837321, 1, NULL, 0.00, NULL, 0.00, NULL, NULL, '2012-08-09 08:10:54', 'Taman Rekreasi & Olahraga, Cileungsi-Jonggol', '2011-06-03 08:10:41', 'OFF', 'ON'),
(7837318, 271, '1009070258', NULL, '2012-08-09 01:11:09', -6.311965, 107.13585, 19, 79, 55, 9, 77543.1, 2, '00000000', '00000000', NULL, 0, NULL, 'Jalan Tol Jakarta - Cikampek, Bekasi, Indonesia', 0, 0, 7837264, 7837344, 1, NULL, 0.00, NULL, 0.00, NULL, NULL, '2012-08-09 08:11:09', '', '2011-06-03 08:10:54', 'OFF', 'OFF'),
(7837319, 525, '1009070396', NULL, '2012-08-09 01:11:16', -6.5686, 106.766612, 0, 87, 228, 0, 807.4, 11, '00000001', '00000000', NULL, 0, NULL, 'Jalan Brigadir Jenderal H Sapta Adjie Hadiprawira, Bogor, Indonesia', 0, 0, 7837093, 7837320, 1, NULL, 0.00, NULL, 0.00, NULL, NULL, '2012-08-09 08:11:16', 'Kerub Head Office', '2011-06-03 08:11:03', 'OFF', 'ON'),
(7837320, 525, '1009070396', NULL, '2012-08-09 01:11:16', -6.568352, 106.766245, 0, 0, 228, 5, 807.4, 2, '00000001', '00000000', NULL, 0, NULL, 'Jalan Brigadir Jenderal H Sapta Adjie Hadiprawira, Bogor, Indonesia', 0, 0, 7837319, 7837345, 1, NULL, 0.00, NULL, 0.00, NULL, NULL, '2012-08-09 08:11:16', '', '2011-06-03 08:11:06', 'OFF', 'ON'),
(7837321, 86, '1009070077', NULL, '2012-08-09 01:11:31', -6.410253, 106.988133, 0, 180, 88, 7, 222037.1, 60, '00000001', '00000000', NULL, 0, NULL, 'Jalan Cileungsi - Jonggol, Cileungsi, Indonesia', 0, 0, 7837317, 7837343, 1, NULL, 0.00, NULL, 0.00, NULL, NULL, '2012-08-09 08:11:31', 'Taman Rekreasi & Olahraga, Cileungsi-Jonggol', '2011-06-03 08:11:17', 'OFF', 'ON'),
(7837322, 68, '1009070059', NULL, '2012-08-09 01:11:41', -6.311942, 107.136203, 10, 78, 58, 9, 323950.2, 2, '00000001', '00000000', NULL, 0, NULL, 'Jalan Tol Jakarta - Cikampek, Bekasi, Indonesia', 0, 4.90000000002328, 7837291, 7837348, 1, NULL, 0.00, NULL, 0.00, NULL, NULL, '2012-08-09 08:11:41', '', '2011-06-03 08:11:26', 'OFF', 'ON'),
(7837323, 151, '1009070139', NULL, '2012-08-09 01:11:43', -6.547895, 106.849633, 0, 212, 197, 8, 101595.5, 2, '00000001', '00000000', NULL, 0, NULL, 'Jalan Tol Jagorawi, Citeureup, Indonesia', 0, 0, 7837304, 7837349, 1, NULL, 0.00, NULL, 0.00, NULL, NULL, '2012-08-09 08:11:43', '', '2011-06-03 08:11:30', 'OFF', 'ON'),
(7837324, 296, '1009070283', NULL, '2012-08-09 01:10:49', -6.366467, 107.356343, 97, 119, 57, 8, 76011.7, 2, '00000001', '00000000', NULL, 0, NULL, 'Jalan Tol Jakarta - Cikampek, Telukjambe, Indonesia', 0, 7.5, 7837288, 7837342, 1, NULL, 0.00, NULL, 0.00, NULL, NULL, '2012-08-09 08:10:49', '', '2011-06-03 08:11:33', 'OFF', 'ON'),
(7837325, 80, '1009070071', NULL, '2012-08-09 01:11:53', -6.545778, 106.849835, 84, 198, 205, 8, 185824.1, 2, '00000001', '00000000', NULL, 0, NULL, 'Jalan Tol Jagorawi, Citeureup, Indonesia', 0, 7.30000000001746, 7837293, 7837350, 1, NULL, 0.00, NULL, 0.00, NULL, NULL, '2012-08-09 08:11:53', '', '2011-06-03 08:11:38', 'OFF', 'ON'),
(7837326, 71, '1009070062', NULL, '2012-08-09 01:12:03', -6.548088, 106.849615, 0, 200, 203, 9, 182424, 2, '00000001', '00000000', NULL, 0, NULL, 'Outbound Adventure Jagorawi, Citeureup, Indonesia', 0, 0, 7837306, 7837351, 1, NULL, 0.00, NULL, 0.00, NULL, NULL, '2012-08-09 08:12:03', '', '2011-06-03 08:11:48', 'OFF', 'ON'),
(7837327, 277, '1009070264', NULL, '2012-08-09 01:12:21', -6.568593, 106.766663, 0, 0, 243, 9, 2247.7, 2, '00000000', '00000000', NULL, 0, NULL, 'Jalan Brigadir Jenderal H Sapta Adjie Hadiprawira, Bogor, Indonesia', 0, 0.0999999999999091, 7837124, NULL, 1, NULL, 0.00, NULL, 0.00, NULL, NULL, '2012-08-09 08:12:21', 'Kerub Head Office', '2011-06-03 08:12:06', 'OFF', 'OFF'),
(7837328, 20, '1009070010', NULL, '2012-08-09 01:12:53', -6.615892, 106.804243, 25, 340, 317, 7, 165854.5, 2, '00000001', '00000000', NULL, 0, NULL, 'Jalan Pahlawan, Bogor, Indonesia', 0, 2.10000000000582, 7837295, 7837352, 1, NULL, 0.00, NULL, 0.00, NULL, NULL, '2012-08-09 08:12:53', '', '2011-06-03 08:12:38', 'OFF', 'ON'),
(7837329, 76, '1009070067', NULL, '2012-08-09 01:12:55', -6.39048, 106.8956, 84, 178, 95, 6, 176757.4, 2, '00000001', '00000000', NULL, 0, NULL, 'Jalan Tol Jagorawi, Depok, Indonesia', 0, 3.29999999998836, 7837296, 7837353, 1, NULL, 0.00, NULL, 0.00, NULL, NULL, '2012-08-09 08:12:55', '', '2011-06-03 08:12:42', 'OFF', 'ON'),
(7837330, 527, '1009070398', NULL, '2012-08-09 01:12:58', -7.56788, 110.815058, 0, 0, 116, 5, 345113.7, 2, '00000000', '00000000', NULL, 0, NULL, 'Jalan Brigadir Jenderal Slamet Riyadi, Surakarta, Indonesia', 0, 0, 7836688, 7837354, 1, NULL, 0.00, NULL, 0.00, NULL, NULL, '2012-08-09 08:12:58', '', '2011-06-03 08:12:45', 'OFF', 'OFF'),
(7837331, 82, '1009070073', NULL, '2012-08-09 01:13:09', -6.713452, 106.947127, 0, 254, 1115, 9, 26684.8, 2, '00000001', '00000000', NULL, 0, NULL, 'Jalan Taman Safari Indonesia, Cisarua, Indonesia', 0, 0, 7837297, 7837355, 1, NULL, 0.00, NULL, 0.00, NULL, NULL, '2012-08-09 08:13:09', '', '2011-06-03 08:12:54', 'OFF', 'ON'),
(7837332, 84, '1009070075', NULL, '2012-08-09 01:13:21', -7.670088, 110.333965, 55, 328, 324, 5, 153848.5, 2, '00000001', '00000000', NULL, 0, NULL, 'Jalan Magelang, Tempel, Indonesia', 0, 4.39999999999418, 7837298, 7837356, 1, NULL, 0.00, NULL, 0.00, NULL, NULL, '2012-08-09 08:13:21', '', '2011-06-03 08:13:06', 'OFF', 'ON'),
(7837333, 73, '1009070064', NULL, '2012-08-09 01:13:24', -6.708297, 106.94642, 32, 168, 1069, 8, 309143.4, 2, '00000001', '00000000', NULL, 0, NULL, 'Jalan Cibeureum - Alun Alun, Cisarua, Indonesia', 0, 2.40000000002328, 7837299, 7837357, 1, NULL, 0.00, NULL, 0.00, NULL, NULL, '2012-08-09 08:13:24', '', '2011-06-03 08:13:10', 'OFF', 'ON'),
(7837334, 33, '1009070023', NULL, '2012-08-09 01:13:44', -6.656612, 106.916222, 0, 29, 684, 8, 136450.8, 2, '00000001', '00000000', NULL, 0, NULL, 'Jalan Puncak Raya, Cisarua, Indonesia', 0, 0.299999999988358, 7837302, 7837358, 1, NULL, 0.00, NULL, 0.00, NULL, NULL, '2012-08-09 08:13:44', '', '2011-06-03 08:13:29', 'OFF', 'ON'),
(7837335, 150, '1009070138', NULL, '2012-08-09 01:13:51', -6.54852, 106.849483, 0, 201, 198, 9, 105512.1, 2, '00000001', '00000000', NULL, 0, NULL, 'Jalan Tol Jagorawi, Citeureup, Indonesia', 0, 0, 7837307, 7837359, 1, NULL, 0.00, NULL, 0.00, NULL, NULL, '2012-08-09 08:13:51', '', '2011-06-03 08:13:36', 'OFF', 'ON'),
(7837336, 153, '1009070141', NULL, '2012-08-09 01:14:23', -6.410382, 106.988115, 0, 194, 93, 9, 109501.5, 2, '00000001', '00000000', NULL, 0, NULL, 'Jalan Cileungsi - Jonggol, Cileungsi, Indonesia', 0, 0, 7837316, 7837347, 1, NULL, 0.00, NULL, 0.00, NULL, NULL, '2012-08-09 08:14:23', 'Taman Rekreasi & Olahraga, Cileungsi-Jonggol', '2011-06-03 08:14:08', 'OFF', 'ON'),
(7837337, 87, '1009070078', NULL, '2012-08-09 01:15:03', -6.18293, 106.796998, 42, 177, 27, 6, 1708, 2, '00000001', '00000000', NULL, 0, NULL, 'Jalan Letnan Jenderal S Parman, Jakarta Capital Region 11480, Indonesia', 0, 3.90000000000009, 7837309, 7837363, 1, NULL, 0.00, NULL, 0.00, NULL, NULL, '2012-08-09 08:15:03', '', '2011-06-03 08:14:48', 'OFF', 'ON'),
(7837338, 81, '1009070072', NULL, '2012-08-09 01:15:05', -6.521643, 107.43487, 0, 203, 97, 8, 155876.4, 2, '00000001', '00000000', NULL, 0, NULL, 'Jalan Tol Cipularang, Purwakarta, Indonesia', 0, 5.89999999999418, 7837308, 7837364, 1, NULL, 0.00, NULL, 0.00, NULL, NULL, '2012-08-09 08:15:05', '', '2011-06-03 08:14:52', 'OFF', 'ON'),
(7837339, 58, '1009070049', NULL, '2012-08-09 01:15:12', -7.618965, 110.310333, 51, 326, 390, 10, 137203.3, 2, '00000001', '00000000', NULL, 0, NULL, 'Jalan Magelang, Salam, Indonesia', 0, 3.09999999997672, 7837310, 7837365, 1, NULL, 0.00, NULL, 0.00, NULL, NULL, '2012-08-09 08:15:12', '', '2011-06-03 08:14:57', 'OFF', 'ON'),
(7837340, 77, '1009070068', NULL, '2012-08-09 01:15:15', -6.164873, 106.644077, 31, 354, 34, 9, 291908.6, 2, '00000001', '00000000', NULL, 0, NULL, 'Jalan Pembangunan 3, Tangerang, Indonesia', 0, 1.79999999998836, 7837311, 7837366, 1, NULL, 0.00, NULL, 0.00, NULL, NULL, '2012-08-09 08:15:15', '', '2011-06-03 08:15:01', 'OFF', 'ON'),
(7837341, 89, '1009070080', NULL, '2012-08-09 01:15:37', -6.6582, 106.915368, 0, 118, 695, 8, 331822.8, 2, '00000001', '00000000', NULL, 0, NULL, 'Jalan Puncak Raya, Cisarua, Indonesia', 0, 0.099999999976717, 7837312, 7837367, 1, NULL, 0.00, NULL, 0.00, NULL, NULL, '2012-08-09 08:15:37', '', '2011-06-03 08:15:22', 'OFF', 'ON'),
(7837342, 296, '1009070283', NULL, '2012-08-09 01:15:49', -6.404453, 107.411345, 85, 161, 82, 9, 76019.3, 2, '00000001', '00000000', NULL, 0, NULL, 'Jalan Tol Jakarta - Cikampek, Klari, Indonesia', 0, 7.60000000000582, 7837324, 7837369, 1, NULL, 0.00, NULL, 0.00, NULL, NULL, '2012-08-09 08:15:49', '', '2011-06-03 08:15:34', 'OFF', 'ON'),
(7837343, 86, '1009070077', NULL, '2012-08-09 01:15:54', -6.410253, 106.988133, 0, 180, 88, 8, 222037.1, 2, '00000001', '00000000', NULL, 0, NULL, 'Jalan Cileungsi - Jonggol, Cileungsi, Indonesia', 0, 0, 7837321, 7837346, 1, NULL, 0.00, NULL, 0.00, NULL, NULL, '2012-08-09 08:15:54', 'Taman Rekreasi & Olahraga, Cileungsi-Jonggol', '2011-06-03 08:15:40', 'OFF', 'ON'),
(7837344, 271, '1009070258', NULL, '2012-08-09 01:16:09', -6.321057, 107.13215, 33, 229, 72, 10, 77543.1, 2, '00000000', '00000000', NULL, 0, NULL, 'Jalan Raya Cibarusah - Cikarang, Bekasi, Indonesia', 0, 0, 7837318, 7837372, 1, NULL, 0.00, NULL, 0.00, NULL, NULL, '2012-08-09 08:16:09', '', '2011-06-03 08:15:54', 'OFF', 'OFF'),
(7837345, 525, '1009070396', NULL, '2012-08-09 01:16:16', -6.568625, 106.766788, 0, 51, 226, 9, 807.5, 2, '00000001', '00000000', NULL, 0, NULL, 'Jalan Brigadir Jenderal H Sapta Adjie Hadiprawira, Bogor, Indonesia', 0, 0.100000000000023, 7837320, 7837373, 1, NULL, 0.00, NULL, 0.00, NULL, NULL, '2012-08-09 08:16:16', 'Kerub Head Office', '2011-06-03 08:16:01', 'OFF', 'ON'),
(7837346, 86, '1009070077', NULL, '2012-08-09 01:16:36', -6.410683, 106.987953, 11, 203, 96, 9, 222037.1, 61, '00000001', '00000000', NULL, 0, NULL, 'Jalan Cileungsi - Jonggol, Cileungsi, Indonesia', 0, 0, 7837343, 7837370, 1, NULL, 0.00, NULL, 0.00, NULL, NULL, '2012-08-09 08:16:36', 'Taman Rekreasi & Olahraga, Cileungsi-Jonggol', '2011-06-03 08:16:22', 'OFF', 'ON'),
(7837347, 153, '1009070141', NULL, '2012-08-09 01:16:36', -6.410903, 106.987933, 11, 191, 94, 9, 109501.6, 61, '00000001', '00000000', NULL, 0, NULL, 'Jalan Cileungsi - Jonggol, Cileungsi, Indonesia', 0, 0.100000000005821, 7837336, 7837360, 1, NULL, 0.00, NULL, 0.00, NULL, NULL, '2012-08-09 08:16:36', 'Taman Rekreasi & Olahraga, Cileungsi-Jonggol', '2011-06-03 08:16:26', 'OFF', 'ON'),
(7837348, 68, '1009070059', NULL, '2012-08-09 01:16:41', -6.321682, 107.13135, 37, 247, 63, 9, 323952.5, 2, '00000001', '00000000', NULL, 0, NULL, 'Jalan Raya Cibarusah - Cikarang, Bekasi, Indonesia', 0, 2.29999999998836, 7837322, 7837374, 1, NULL, 0.00, NULL, 0.00, NULL, NULL, '2012-08-09 08:16:41', '', '2011-06-03 08:16:29', 'OFF', 'ON'),
(7837349, 151, '1009070139', NULL, '2012-08-09 01:16:43', -6.547895, 106.849633, 0, 212, 197, 9, 101595.5, 2, '00000001', '00000000', NULL, 0, NULL, 'Jalan Tol Jagorawi, Citeureup, Indonesia', 0, 0, 7837323, 7837375, 1, NULL, 0.00, NULL, 0.00, NULL, NULL, '2012-08-09 08:16:43', '', '2011-06-03 08:16:33', 'OFF', 'ON'),
(7837350, 80, '1009070071', NULL, '2012-08-09 01:16:53', -6.6123, 106.831895, 83, 173, 311, 7, 185831.9, 2, '00000001', '00000000', NULL, 0, NULL, 'Jalan Tol Jagorawi, Kedunghalang, Indonesia', 0, 7.79999999998836, 7837325, 7837376, 1, NULL, 0.00, NULL, 0.00, NULL, NULL, '2012-08-09 08:16:53', '', '2011-06-03 08:16:38', 'OFF', 'ON'),
(7837351, 71, '1009070062', NULL, '2012-08-09 01:17:03', -6.548088, 106.849615, 0, 200, 203, 9, 182424, 2, '00000001', '00000000', NULL, 0, NULL, 'Outbound Adventure Jagorawi, Citeureup, Indonesia', 0, 0, 7837326, 7837377, 1, NULL, 0.00, NULL, 0.00, NULL, NULL, '2012-08-09 08:17:03', '', '2011-06-03 08:16:48', 'OFF', 'ON'),
(7837352, 20, '1009070010', NULL, '2012-08-09 01:17:53', -6.623242, 106.797727, 16, 242, 303, 7, 165856.2, 2, '00000001', '00000000', NULL, 0, NULL, 'Jalan Ranggamekar, Bogor, Indonesia', 0, 1.70000000001164, 7837328, 7837380, 1, NULL, 0.00, NULL, 0.00, NULL, NULL, '2012-08-09 08:17:53', '', '2011-06-03 08:17:39', 'OFF', 'ON'),
(7837353, 76, '1009070067', NULL, '2012-08-09 01:17:55', -6.451962, 106.889637, 93, 206, 135, 8, 176764.5, 2, '00000001', '00000000', NULL, 0, NULL, 'Jalan Tol Jagorawi, Gunung Putri, Indonesia', 0, 7.10000000000582, 7837329, 7837381, 1, NULL, 0.00, NULL, 0.00, NULL, NULL, '2012-08-09 08:17:55', '', '2011-06-03 08:17:43', 'OFF', 'ON'),
(7837354, 527, '1009070398', NULL, '2012-08-09 01:17:58', -7.567883, 110.815058, 0, 0, 106, 9, 345113.7, 2, '00000000', '00000000', NULL, 0, NULL, 'Jalan Brigadir Jenderal Slamet Riyadi, Surakarta, Indonesia', 0, 0, 7837330, 7837382, 1, NULL, 0.00, NULL, 0.00, NULL, NULL, '2012-08-09 08:17:58', '', '2011-06-03 08:17:46', 'OFF', 'OFF'),
(7837355, 82, '1009070073', NULL, '2012-08-09 01:18:09', -6.713452, 106.947127, 0, 254, 1115, 8, 26684.8, 2, '00000001', '00000000', NULL, 0, NULL, 'Jalan Taman Safari Indonesia, Cisarua, Indonesia', 0, 0, 7837331, 7837383, 1, NULL, 0.00, NULL, 0.00, NULL, NULL, '2012-08-09 08:18:09', '', '2011-06-03 08:17:54', 'OFF', 'ON'),
(7837356, 84, '1009070075', NULL, '2012-08-09 01:18:21', -7.6344, 110.319383, 54, 336, 379, 5, 153852.8, 2, '00000001', '00000000', NULL, 0, NULL, 'Jalan Magelang, Salam, Indonesia', 0, 4.29999999998836, 7837332, 7837384, 1, NULL, 0.00, NULL, 0.00, NULL, NULL, '2012-08-09 08:18:21', '', '2011-06-03 08:18:06', 'OFF', 'ON'),
(7837357, 73, '1009070064', NULL, '2012-08-09 01:18:24', -6.713457, 106.947188, 0, 249, 1119, 7, 309144.1, 2, '00000001', '00000000', NULL, 0, NULL, 'Jalan Taman Safari Indonesia, Cisarua, Indonesia', 0, 0.699999999953434, 7837333, 7837385, 1, NULL, 0.00, NULL, 0.00, NULL, NULL, '2012-08-09 08:18:24', '', '2011-06-03 08:18:10', 'OFF', 'ON'),
(7837358, 33, '1009070023', NULL, '2012-08-09 01:18:44', -6.656612, 106.916222, 0, 29, 684, 8, 136450.8, 2, '00000001', '00000000', NULL, 0, NULL, 'Jalan Puncak Raya, Cisarua, Indonesia', 0, 0, 7837334, 7837379, 1, NULL, 0.00, NULL, 0.00, NULL, NULL, '2012-08-09 08:18:44', '', '2011-06-03 08:18:29', 'OFF', 'ON'),
(7837359, 150, '1009070138', NULL, '2012-08-09 01:18:51', -6.54852, 106.849483, 0, 201, 198, 7, 105512.1, 2, '00000001', '00000000', NULL, 0, NULL, 'Jalan Tol Jagorawi, Citeureup, Indonesia', 0, 0, 7837335, 7837391, 1, NULL, 0.00, NULL, 0.00, NULL, NULL, '2012-08-09 08:18:51', '', '2011-06-03 08:18:37', 'OFF', 'ON');
INSERT INTO `gps_track` (`id`, `device_id`, `unit_id`, `tag`, `gps_time`, `latitude`, `longitude`, `speed`, `heading`, `altitude`, `satellite`, `mileage`, `report_id`, `input_flags`, `output_flags`, `device_status`, `is_from_sms`, `driver_id`, `location`, `initial_mileage`, `mileage_distance`, `prev_id`, `next_id`, `reverse_geo_attempt`, `analog_input1`, `analog_input1_value`, `analog_input2`, `analog_input2_value`, `rfid_tag`, `barcode`, `local_time`, `landmark_name`, `created_date`, `sos_status`, `acc_status`) VALUES
(7837360, 153, '1009070141', NULL, '2012-08-09 01:19:23', -6.410965, 106.986575, 15, 281, 99, 8, 109501.7, 2, '00000001', '00000000', NULL, 0, NULL, 'Jalan Cileungsi - Jonggol, Cileungsi, Indonesia', 0, 0.0999999999912689, 7837347, 7837392, 1, NULL, 0.00, NULL, 0.00, NULL, NULL, '2012-08-09 08:19:23', 'Taman Rekreasi & Olahraga, Cileungsi-Jonggol', '2011-06-03 08:19:08', 'OFF', 'ON'),
(7837361, 79, '1009070070', NULL, '2012-08-09 01:19:37', -6.56862, 106.766737, 0, 0, 248, 0, 239619.5, 11, '00000001', '00000000', NULL, 0, NULL, 'Jalan Brigadir Jenderal H Sapta Adjie Hadiprawira, Bogor, Indonesia', 0, 0, 7837110, 7837362, 1, NULL, 0.00, NULL, 0.00, NULL, NULL, '2012-08-09 08:19:37', 'Kerub Head Office', '2011-06-03 08:19:25', 'OFF', 'ON'),
(7837362, 79, '1009070070', NULL, '2012-08-09 01:19:37', -6.568983, 106.76666, 0, 0, 268, 6, 239619.5, 2, '00000001', '00000000', NULL, 0, NULL, 'Jalan Brigadir Jenderal H Sapta Adjie Hadiprawira, Bogor, Indonesia', 0, 0, 7837361, 7837371, 1, NULL, 0.00, NULL, 0.00, NULL, NULL, '2012-08-09 08:19:37', 'Kerub Head Office', '2011-06-03 08:19:28', 'OFF', 'ON'),
(7837363, 87, '1009070078', NULL, '2012-08-09 01:20:03', -6.230503, 106.819958, 77, 145, 36, 7, 1714.1, 2, '00000001', '00000000', NULL, 0, NULL, 'Jalan Tol Jenderal Gatot Subroto, Jakarta Capital Region 12190, Indonesia', 0, 6.09999999999991, 7837337, 7837396, 1, NULL, 0.00, NULL, 0.00, NULL, NULL, '2012-08-09 08:20:03', '', '2011-06-03 08:19:48', 'OFF', 'ON'),
(7837364, 81, '1009070072', NULL, '2012-08-09 01:20:05', -6.525073, 107.43313, 0, 213, 96, 8, 155876.8, 2, '00000001', '00000000', NULL, 0, NULL, 'Jalan Tol Cipularang, Purwakarta, Indonesia', 0, 0.399999999994179, 7837338, 7837397, 1, NULL, 0.00, NULL, 0.00, NULL, NULL, '2012-08-09 08:20:05', '', '2011-06-03 08:19:52', 'OFF', 'ON'),
(7837365, 58, '1009070049', NULL, '2012-08-09 01:20:12', -7.591728, 110.291913, 59, 325, 377, 9, 137206.9, 2, '00000001', '00000000', NULL, 0, NULL, 'Jalan Magelang, Muntilan, Indonesia', 0, 3.60000000000582, 7837339, 7837398, 1, NULL, 0.00, NULL, 0.00, NULL, NULL, '2012-08-09 08:20:12', '', '2011-06-03 08:19:57', 'OFF', 'ON'),
(7837366, 77, '1009070068', NULL, '2012-08-09 01:20:15', -6.15354, 106.632417, 16, 358, 33, 9, 291911.2, 2, '00000001', '00000000', NULL, 0, NULL, 'Jalan Marsekal Surya Darma, Tangerang, Indonesia', 0, 2.60000000003492, 7837340, 7837399, 1, NULL, 0.00, NULL, 0.00, NULL, NULL, '2012-08-09 08:20:15', '', '2011-06-03 08:20:01', 'OFF', 'ON'),
(7837367, 89, '1009070080', NULL, '2012-08-09 01:20:37', -6.6582, 106.915368, 0, 118, 695, 9, 331822.8, 2, '00000001', '00000000', NULL, 0, NULL, 'Jalan Puncak Raya, Cisarua, Indonesia', 0, 0, 7837341, 7837368, 1, NULL, 0.00, NULL, 0.00, NULL, NULL, '2012-08-09 08:20:37', '', '2011-06-03 08:20:22', 'OFF', 'ON'),
(7837368, 89, '1009070080', NULL, '2012-08-09 01:20:44', -6.6582, 106.915368, 0, 118, 695, 9, 331822.8, 60, '00000001', '00000000', NULL, 0, NULL, 'Jalan Puncak Raya, Cisarua, Indonesia', 0, 0, 7837367, 7837386, 1, NULL, 0.00, NULL, 0.00, NULL, NULL, '2012-08-09 08:20:44', '', '2011-06-03 08:20:30', 'OFF', 'ON'),
(7837369, 296, '1009070283', NULL, '2012-08-09 01:20:49', -6.455575, 107.434613, 47, 148, 91, 8, 76025.9, 2, '00000001', '00000000', NULL, 0, NULL, 'Jalan Tol Cipularang, Campaka, Indonesia', 0, 6.59999999999127, 7837342, 7837402, 1, NULL, 0.00, NULL, 0.00, NULL, NULL, '2012-08-09 08:20:49', '', '2011-06-03 08:20:34', 'OFF', 'ON'),
(7837370, 86, '1009070077', NULL, '2012-08-09 01:20:54', -6.410853, 106.986227, 24, 284, 95, 6, 222037.4, 2, '00000001', '00000000', NULL, 0, NULL, 'Jalan Cileungsi - Jonggol, Cileungsi, Indonesia', 0, 0.299999999988358, 7837346, 7837403, 1, NULL, 0.00, NULL, 0.00, NULL, NULL, '2012-08-09 08:20:54', 'Taman Rekreasi & Olahraga, Cileungsi-Jonggol', '2011-06-03 08:20:39', 'OFF', 'ON'),
(7837371, 79, '1009070070', NULL, '2012-08-09 01:20:54', -6.568842, 106.766817, 0, 0, 214, 6, 239619.6, 11, '00000000', '00000000', NULL, 0, NULL, 'Jalan Brigadir Jenderal H Sapta Adjie Hadiprawira, Bogor, Indonesia', 0, 0.100000000005821, 7837362, 7837881, 1, NULL, 0.00, NULL, 0.00, NULL, NULL, '2012-08-09 08:20:54', 'Kerub Head Office', '2011-06-03 08:20:42', 'OFF', 'OFF'),
(7837372, 271, '1009070258', NULL, '2012-08-09 01:21:09', -6.337677, 107.120095, 12, 185, 72, 9, 77543.1, 2, '00000000', '00000000', NULL, 0, NULL, 'Jalan Raya Cibarusah - Cikarang, Bekasi, Indonesia', 0, 0, 7837344, 7837404, 1, NULL, 0.00, NULL, 0.00, NULL, NULL, '2012-08-09 08:21:09', '', '2011-06-03 08:20:54', 'OFF', 'OFF'),
(7837373, 525, '1009070396', NULL, '2012-08-09 01:21:16', -6.568625, 106.766788, 0, 51, 226, 8, 807.5, 2, '00000001', '00000000', NULL, 0, NULL, 'Jalan Brigadir Jenderal H Sapta Adjie Hadiprawira, Bogor, Indonesia', 0, 0, 7837345, 7837378, 1, NULL, 0.00, NULL, 0.00, NULL, NULL, '2012-08-09 08:21:16', 'Kerub Head Office', '2011-06-03 08:21:02', 'OFF', 'ON'),
(7837374, 68, '1009070059', NULL, '2012-08-09 01:21:41', -6.338232, 107.120085, 6, 185, 79, 8, 323954.8, 2, '00000001', '00000000', NULL, 0, NULL, 'Jalan Raya Cibarusah - Cikarang, Bekasi, Indonesia', 0, 2.29999999998836, 7837348, 7837430, 1, NULL, 0.00, NULL, 0.00, NULL, NULL, '2012-08-09 08:21:41', '', '2011-06-03 08:21:26', 'OFF', 'ON'),
(7837375, 151, '1009070139', NULL, '2012-08-09 01:21:43', -6.547895, 106.849633, 0, 212, 197, 8, 101595.5, 2, '00000001', '00000000', NULL, 0, NULL, 'Jalan Tol Jagorawi, Citeureup, Indonesia', 0, 0, 7837349, 7837395, 1, NULL, 0.00, NULL, 0.00, NULL, NULL, '2012-08-09 08:21:43', '', '2011-06-03 08:21:30', 'OFF', 'ON'),
(7837376, 80, '1009070071', NULL, '2012-08-09 01:21:53', -6.650428, 106.852775, 72, 127, 459, 8, 185836.8, 2, '00000001', '00000000', NULL, 0, NULL, 'Jalan Tol Jagorawi, Ciawi, Indonesia', 0, 4.89999999999418, 7837350, 7837407, 1, NULL, 0.00, NULL, 0.00, NULL, NULL, '2012-08-09 08:21:53', '', '2011-06-03 08:21:38', 'OFF', 'ON'),
(7837377, 71, '1009070062', NULL, '2012-08-09 01:22:03', -6.548088, 106.849615, 0, 200, 203, 7, 182424, 2, '00000001', '00000000', NULL, 0, NULL, 'Outbound Adventure Jagorawi, Citeureup, Indonesia', 0, 0, 7837351, 7837394, 1, NULL, 0.00, NULL, 0.00, NULL, NULL, '2012-08-09 08:22:03', '', '2011-06-03 08:21:48', 'OFF', 'ON'),
(7837378, 525, '1009070396', NULL, '2012-08-09 01:22:14', -6.568625, 106.766788, 0, 51, 226, 9, 807.5, 60, '00000001', '00000000', NULL, 0, NULL, 'Jalan Brigadir Jenderal H Sapta Adjie Hadiprawira, Bogor, Indonesia', 0, 0, 7837373, 7837405, 1, NULL, 0.00, NULL, 0.00, NULL, NULL, '2012-08-09 08:22:14', 'Kerub Head Office', '2011-06-03 08:22:00', 'OFF', 'ON'),
(7837379, 33, '1009070023', NULL, '2012-08-09 01:22:35', -6.656612, 106.916222, 0, 29, 684, 8, 136450.8, 60, '00000001', '00000000', NULL, 0, NULL, 'Jalan Puncak Raya, Cisarua, Indonesia', 0, 0, 7837358, 7837390, 1, NULL, 0.00, NULL, 0.00, NULL, NULL, '2012-08-09 08:22:35', '', '2011-06-03 08:22:20', 'OFF', 'ON'),
(7837380, 20, '1009070010', NULL, '2012-08-09 01:22:53', -6.635563, 106.793202, 2, 339, 350, 5, 165858, 2, '00000001', '00000000', NULL, 0, NULL, 'Jalan Pamoyanan, Bogor, Indonesia', 0, 1.79999999998836, 7837352, 7837409, 1, NULL, 0.00, NULL, 0.00, NULL, NULL, '2012-08-09 08:22:53', '', '2011-06-03 08:22:38', 'OFF', 'ON'),
(7837381, 76, '1009070067', NULL, '2012-08-09 01:22:55', -6.516617, 106.860607, 98, 204, 174, 6, 176772.5, 2, '00000001', '00000000', NULL, 0, NULL, 'Jalan Tol Jagorawi, Citeureup, Indonesia', 0, 8, 7837353, 7837410, 1, NULL, 0.00, NULL, 0.00, NULL, NULL, '2012-08-09 08:22:55', '', '2011-06-03 08:22:42', 'OFF', 'ON'),
(7837382, 527, '1009070398', NULL, '2012-08-09 01:22:58', -7.567883, 110.815058, 0, 0, 106, 8, 345113.7, 2, '00000000', '00000000', NULL, 0, NULL, 'Jalan Brigadir Jenderal Slamet Riyadi, Surakarta, Indonesia', 0, 0, 7837354, 7837879, 1, NULL, 0.00, NULL, 0.00, NULL, NULL, '2012-08-09 08:22:58', '', '2011-06-03 08:22:45', 'OFF', 'OFF'),
(7837383, 82, '1009070073', NULL, '2012-08-09 01:23:09', -6.713452, 106.947127, 0, 254, 1115, 8, 26684.8, 2, '00000001', '00000000', NULL, 0, NULL, 'Jalan Taman Safari Indonesia, Cisarua, Indonesia', 0, 0, 7837355, 7837411, 1, NULL, 0.00, NULL, 0.00, NULL, NULL, '2012-08-09 08:23:09', '', '2011-06-03 08:22:54', 'OFF', 'ON'),
(7837384, 84, '1009070075', NULL, '2012-08-09 01:23:21', -7.607152, 110.302342, 50, 325, 391, 8, 153856.8, 2, '00000001', '00000000', NULL, 0, NULL, 'Jalan Magelang, Salam, Indonesia', 0, 4, 7837356, 7837412, 1, NULL, 0.00, NULL, 0.00, NULL, NULL, '2012-08-09 08:23:21', '', '2011-06-03 08:23:06', 'OFF', 'ON'),
(7837385, 73, '1009070064', NULL, '2012-08-09 01:23:24', -6.713457, 106.947188, 0, 249, 1119, 8, 309144.1, 2, '00000001', '00000000', NULL, 0, NULL, 'Jalan Taman Safari Indonesia, Cisarua, Indonesia', 0, 0, 7837357, 7837401, 1, NULL, 0.00, NULL, 0.00, NULL, NULL, '2012-08-09 08:23:24', '', '2011-06-03 08:23:10', 'OFF', 'ON'),
(7837386, 89, '1009070080', NULL, '2012-08-09 01:23:27', -6.6582, 106.915368, 0, 118, 695, 8, 331822.8, 61, '00000000', '00000000', NULL, 0, NULL, 'Jalan Puncak Raya, Cisarua, Indonesia', 0, 0, 7837368, 7837387, 1, NULL, 0.00, NULL, 0.00, NULL, NULL, '2012-08-09 08:23:27', '', '2011-06-03 08:23:14', 'OFF', 'OFF'),
(7837387, 89, '1009070080', NULL, '2012-08-09 01:23:27', -6.6582, 106.915368, 0, 118, 695, 8, 331822.8, 11, '00000000', '00000000', NULL, 0, NULL, 'Jalan Puncak Raya, Cisarua, Indonesia', 0, 0, 7837386, 7837388, 1, NULL, 0.00, NULL, 0.00, NULL, NULL, '2012-08-09 08:23:27', '', '2011-06-03 08:23:17', 'OFF', 'OFF'),
(7837388, 89, '1009070080', NULL, '2012-08-09 01:23:37', -6.6582, 106.915368, 0, 118, 695, 8, 331822.8, 11, '00000001', '00000000', NULL, 0, NULL, 'Jalan Puncak Raya, Cisarua, Indonesia', 0, 0, 7837387, 7837389, 1, NULL, 0.00, NULL, 0.00, NULL, NULL, '2012-08-09 08:23:37', '', '2011-06-03 08:23:23', 'OFF', 'ON'),
(7837389, 89, '1009070080', NULL, '2012-08-09 01:23:41', -6.6582, 106.915368, 0, 118, 695, 9, 331822.8, 11, '00000000', '00000000', NULL, 0, NULL, 'Jalan Puncak Raya, Cisarua, Indonesia', 0, 0, 7837388, 7837400, 1, NULL, 0.00, NULL, 0.00, NULL, NULL, '2012-08-09 08:23:41', '', '2011-06-03 08:23:27', 'OFF', 'OFF'),
(7837390, 33, '1009070023', NULL, '2012-08-09 01:23:44', -6.656612, 106.916222, 0, 29, 684, 9, 136450.8, 2, '00000001', '00000000', NULL, 0, NULL, 'Jalan Puncak Raya, Cisarua, Indonesia', 0, 0, 7837379, 7837416, 1, NULL, 0.00, NULL, 0.00, NULL, NULL, '2012-08-09 08:23:44', '', '2011-06-03 08:23:30', 'OFF', 'ON'),
(7837391, 150, '1009070138', NULL, '2012-08-09 01:23:51', -6.54852, 106.849483, 0, 201, 198, 7, 105512.1, 2, '00000001', '00000000', NULL, 0, NULL, 'Jalan Tol Jagorawi, Citeureup, Indonesia', 0, 0, 7837359, 7837393, 1, NULL, 0.00, NULL, 0.00, NULL, NULL, '2012-08-09 08:23:51', '', '2011-06-03 08:23:36', 'OFF', 'ON'),
(7837392, 153, '1009070141', NULL, '2012-08-09 01:24:23', -6.41133, 106.985668, 22, 86, 100, 8, 109502.2, 2, '00000001', '00000000', NULL, 0, NULL, 'Jalan Cileungsi - Jonggol, Cileungsi, Indonesia', 0, 0.5, 7837360, 7837418, 1, NULL, 0.00, NULL, 0.00, NULL, NULL, '2012-08-09 08:24:23', 'Taman Rekreasi & Olahraga, Cileungsi-Jonggol', '2011-06-03 08:24:08', 'OFF', 'ON'),
(7837393, 150, '1009070138', NULL, '2012-08-09 01:24:24', -6.54891, 106.849133, 11, 262, 205, 8, 105512.2, 61, '00000001', '00000000', NULL, 0, NULL, 'Jalan Tol Jagorawi, Citeureup, Indonesia', 0, 0.0999999999912689, 7837391, 7837417, 1, NULL, 0.00, NULL, 0.00, NULL, NULL, '2012-08-09 08:24:24', '', '2011-06-03 08:24:12', 'OFF', 'ON'),
(7837394, 71, '1009070062', NULL, '2012-08-09 01:24:25', -6.548257, 106.849547, 11, 194, 203, 8, 182424.1, 61, '00000001', '00000000', NULL, 0, NULL, 'Jalan Tol Jagorawi, Citeureup, Indonesia', 0, 0.100000000005821, 7837377, 7837408, 1, NULL, 0.00, NULL, 0.00, NULL, NULL, '2012-08-09 08:24:25', '', '2011-06-03 08:24:15', 'OFF', 'ON'),
(7837395, 151, '1009070139', NULL, '2012-08-09 01:24:29', -6.548597, 106.849362, 11, 207, 192, 8, 101595.6, 61, '00000001', '00000000', NULL, 0, NULL, 'Jalan Tol Jagorawi, Citeureup, Indonesia', 0, 0.100000000005821, 7837375, 7837406, 1, NULL, 0.00, NULL, 0.00, NULL, NULL, '2012-08-09 08:24:29', '', '2011-06-03 08:24:18', 'OFF', 'ON'),
(7837396, 87, '1009070078', NULL, '2012-08-09 01:25:03', -6.246577, 106.876117, 74, 102, 43, 8, 1720.8, 2, '00000001', '00000000', NULL, 0, NULL, 'Jalan Tol Letnan Jenderal MT Haryono, Jakarta Capital Region 13330, Indonesia', 0, 6.70000000000005, 7837363, 7837421, 1, NULL, 0.00, NULL, 0.00, NULL, NULL, '2012-08-09 08:25:03', '', '2011-06-03 08:24:48', 'OFF', 'ON'),
(7837397, 81, '1009070072', NULL, '2012-08-09 01:25:05', -6.527567, 107.432567, 0, 185, 98, 7, 155877, 2, '00000001', '00000000', NULL, 0, NULL, 'Jalan Tol Cipularang, Purwakarta, Indonesia', 0, 0.200000000011642, 7837364, 7837422, 1, NULL, 0.00, NULL, 0.00, NULL, NULL, '2012-08-09 08:25:05', '', '2011-06-03 08:24:51', 'OFF', 'ON'),
(7837398, 58, '1009070049', NULL, '2012-08-09 01:25:12', -7.576897, 110.265752, 24, 249, 341, 9, 137210.5, 2, '00000001', '00000000', NULL, 0, NULL, 'Jalan Magelang, Muntilan, Indonesia', 0, 3.60000000000582, 7837365, 7837424, 1, NULL, 0.00, NULL, 0.00, NULL, NULL, '2012-08-09 08:25:12', '', '2011-06-03 08:24:57', 'OFF', 'ON'),
(7837399, 77, '1009070068', NULL, '2012-08-09 01:25:15', -6.133033, 106.638122, 44, 68, 34, 9, 291913.8, 2, '00000001', '00000000', NULL, 0, NULL, 'Jalan Raya Bandara, Jakarta Airport (CGK), Tangerang, Indonesia', 0, 2.59999999997672, 7837366, 7837425, 1, NULL, 0.00, NULL, 0.00, NULL, NULL, '2012-08-09 08:25:15', 'Gudang Kargo Bandara Soetta - Cengkareng', '2011-06-03 08:25:01', 'OFF', 'ON'),
(7837400, 89, '1009070080', NULL, '2012-08-09 01:25:37', -6.6582, 106.915368, 0, 118, 695, 9, 331822.8, 2, '00000000', '00000000', NULL, 0, NULL, 'Jalan Puncak Raya, Cisarua, Indonesia', 0, 0, 7837389, 7837737, 1, NULL, 0.00, NULL, 0.00, NULL, NULL, '2012-08-09 08:25:37', '', '2011-06-03 08:25:22', 'OFF', 'OFF'),
(7837401, 73, '1009070064', NULL, '2012-08-09 01:25:40', -6.713457, 106.947188, 0, 249, 1119, 7, 309144.1, 60, '00000001', '00000000', NULL, 0, NULL, 'Jalan Taman Safari Indonesia, Cisarua, Indonesia', 0, 0, 7837385, 7837413, 1, NULL, 0.00, NULL, 0.00, NULL, NULL, '2012-08-09 08:25:40', '', '2011-06-03 08:25:26', 'OFF', 'ON'),
(7837402, 296, '1009070283', NULL, '2012-08-09 01:25:49', -6.51233, 107.436543, 85, 195, 87, 7, 76033, 2, '00000001', '00000000', NULL, 0, NULL, 'Jalan Tol Cipularang, Purwakarta, Indonesia', 0, 7.10000000000582, 7837369, 7837426, 1, NULL, 0.00, NULL, 0.00, NULL, NULL, '2012-08-09 08:25:49', '', '2011-06-03 08:25:34', 'OFF', 'ON'),
(7837403, 86, '1009070077', NULL, '2012-08-09 01:25:54', -6.41058, 106.986152, 9, 61, 96, 9, 222037.8, 2, '00000001', '00000000', NULL, 0, NULL, 'Jalan Cileungsi - Jonggol, Cileungsi, Indonesia', 0, 0.399999999994179, 7837370, 7837427, 1, NULL, 0.00, NULL, 0.00, NULL, NULL, '2012-08-09 08:25:54', 'Taman Rekreasi & Olahraga, Cileungsi-Jonggol', '2011-06-03 08:25:39', 'OFF', 'ON'),
(7837404, 271, '1009070258', NULL, '2012-08-09 01:26:09', -6.33351, 107.127957, 24, 33, 61, 9, 77543.1, 2, '00000000', '00000000', NULL, 0, NULL, 'Jalan Sukaresmi Raya, Bekasi, Indonesia', 0, 0, 7837372, 7837428, 1, NULL, 0.00, NULL, 0.00, NULL, NULL, '2012-08-09 08:26:09', '', '2011-06-03 08:25:54', 'OFF', 'OFF'),
(7837405, 525, '1009070396', NULL, '2012-08-09 01:26:16', -6.568625, 106.766788, 0, 51, 226, 9, 807.5, 2, '00000001', '00000000', NULL, 0, NULL, 'Jalan Brigadir Jenderal H Sapta Adjie Hadiprawira, Bogor, Indonesia', 0, 0, 7837378, 7837429, 1, NULL, 0.00, NULL, 0.00, NULL, NULL, '2012-08-09 08:26:16', 'Kerub Head Office', '2011-06-03 08:26:01', 'OFF', 'ON'),
(7837406, 151, '1009070139', NULL, '2012-08-09 01:26:43', -6.567905, 106.842293, 106, 198, 213, 8, 101597.9, 2, '00000001', '00000000', NULL, 0, NULL, 'Jalan Tol Jagorawi, Kedunghalang, Indonesia', 0, 2.29999999998836, 7837395, 7837431, 1, NULL, 0.00, NULL, 0.00, NULL, NULL, '2012-08-09 08:26:43', '', '2011-06-03 08:26:30', 'OFF', 'ON'),
(7837407, 80, '1009070071', NULL, '2012-08-09 01:26:53', -6.65329, 106.868062, 5, 61, 484, 8, 185838.7, 2, '00000001', '00000000', NULL, 0, NULL, 'Jalan Puncak Raya, Megamendung, Indonesia', 0, 1.90000000002328, 7837376, 7837432, 1, NULL, 0.00, NULL, 0.00, NULL, NULL, '2012-08-09 08:26:53', '', '2011-06-03 08:26:40', 'OFF', 'ON'),
(7837408, 71, '1009070062', NULL, '2012-08-09 01:27:03', -6.570108, 106.841503, 97, 198, 218, 9, 182426.6, 2, '00000001', '00000000', NULL, 0, NULL, 'Jalan Tol Jagorawi, Kedunghalang, Indonesia', 0, 2.5, 7837394, 7837433, 1, NULL, 0.00, NULL, 0.00, NULL, NULL, '2012-08-09 08:27:03', '', '2011-06-03 08:26:48', 'OFF', 'ON'),
(7837409, 20, '1009070010', NULL, '2012-08-09 01:27:53', -6.635565, 106.793195, 0, 339, 350, 6, 165858, 2, '00000001', '00000000', NULL, 0, NULL, 'Jalan Pamoyanan, Bogor, Indonesia', 0, 0, 7837380, 7837435, 1, NULL, 0.00, NULL, 0.00, NULL, NULL, '2012-08-09 08:27:53', '', '2011-06-03 08:27:39', 'OFF', 'ON'),
(7837410, 76, '1009070067', NULL, '2012-08-09 01:27:55', -6.585005, 106.836438, 90, 198, 244, 8, 176780.7, 2, '00000001', '00000000', NULL, 0, NULL, 'Jalan Tol Jagorawi, Kedunghalang, Indonesia', 0, 8.20000000001164, 7837381, 7837436, 1, NULL, 0.00, NULL, 0.00, NULL, NULL, '2012-08-09 08:27:55', '', '2011-06-03 08:27:42', 'OFF', 'ON'),
(7837411, 82, '1009070073', NULL, '2012-08-09 01:28:09', -6.713452, 106.947127, 0, 254, 1115, 8, 26684.8, 2, '00000001', '00000000', NULL, 0, NULL, 'Jalan Taman Safari Indonesia, Cisarua, Indonesia', 0, 0, 7837383, 7837437, 1, NULL, 0.00, NULL, 0.00, NULL, NULL, '2012-08-09 08:28:09', '', '2011-06-03 08:27:54', 'OFF', 'ON'),
(7837412, 84, '1009070075', NULL, '2012-08-09 01:28:21', -7.579857, 110.283377, 33, 283, 378, 7, 153860.5, 2, '00000001', '00000000', NULL, 0, NULL, 'Jalan Pemuda, Muntilan, Indonesia', 0, 3.70000000001164, 7837384, 7837438, 1, NULL, 0.00, NULL, 0.00, NULL, NULL, '2012-08-09 08:28:21', '', '2011-06-03 08:28:06', 'OFF', 'ON'),
(7837413, 73, '1009070064', NULL, '2012-08-09 01:28:24', -6.713457, 106.947188, 0, 249, 1119, 8, 309144.1, 2, '00000001', '00000000', NULL, 0, NULL, 'Jalan Taman Safari Indonesia, Cisarua, Indonesia', 0, 0, 7837401, 7837439, 1, NULL, 0.00, NULL, 0.00, NULL, NULL, '2012-08-09 08:28:24', '', '2011-06-03 08:28:10', 'OFF', 'ON'),
(7837414, 530, '1009080001', NULL, '2012-08-09 01:28:31', -6.522237, 106.839355, 0, 27, 174, 0, 139.8, 11, '00000001', '00000000', NULL, 0, NULL, 'Jalan Raya Alternative Sentul, Kedunghalang, Indonesia', 0, 0, 7837300, 7837415, 1, NULL, 0.00, NULL, 0.00, NULL, NULL, '2012-08-09 08:28:31', 'Mega Sentul', '2011-06-03 08:28:17', 'DISABLE', 'ON'),
(7837415, 530, '1009080001', NULL, '2012-08-09 01:28:31', -6.522012, 106.839497, 0, 0, 233, 5, 139.8, 2, '00000001', '00000000', NULL, 0, NULL, 'Jalan Raya Alternative Sentul, Kedunghalang, Indonesia', 0, 0, 7837414, 7837440, 1, NULL, 0.00, NULL, 0.00, NULL, NULL, '2012-08-09 08:28:31', 'Mega Sentul', '2011-06-03 08:28:20', 'DISABLE', 'ON'),
(7837416, 33, '1009070023', NULL, '2012-08-09 01:28:44', -6.656612, 106.916222, 0, 29, 684, 9, 136450.8, 2, '00000001', '00000000', NULL, 0, NULL, 'Jalan Puncak Raya, Cisarua, Indonesia', 0, 0, 7837390, 7837442, 1, NULL, 0.00, NULL, 0.00, NULL, NULL, '2012-08-09 08:28:44', '', '2011-06-03 08:28:29', 'OFF', 'ON'),
(7837417, 150, '1009070138', NULL, '2012-08-09 01:28:51', -6.597697, 106.832213, 91, 197, 260, 8, 105517.9, 2, '00000001', '00000000', NULL, 0, NULL, 'Jalan Tol Jagorawi, Kedunghalang, Indonesia', 0, 5.69999999999709, 7837393, 7837445, 1, NULL, 0.00, NULL, 0.00, NULL, NULL, '2012-08-09 08:28:51', '', '2011-06-03 08:28:40', 'OFF', 'ON'),
(7837418, 153, '1009070141', NULL, '2012-08-09 01:29:23', -6.41025, 106.98651, 0, 346, 97, 9, 109502.3, 2, '00000001', '00000000', NULL, 0, NULL, 'Jalan Cileungsi - Jonggol, Cileungsi, Indonesia', 0, 0.100000000005821, 7837392, 7837434, 1, NULL, 0.00, NULL, 0.00, NULL, NULL, '2012-08-09 08:29:23', 'Taman Rekreasi & Olahraga, Cileungsi-Jonggol', '2011-06-03 08:29:08', 'OFF', 'ON'),
(7837419, 529, '1009070400', NULL, '2012-08-09 01:29:58', -6.568607, 106.766638, 0, 0, 228, 0, 284553.2, 11, '00000001', '00000000', NULL, 0, NULL, 'Jalan Brigadir Jenderal H Sapta Adjie Hadiprawira, Bogor, Indonesia', 0, 0, 7837315, 7837420, 1, NULL, 0.00, NULL, 0.00, NULL, NULL, '2012-08-09 08:29:58', 'Kerub Head Office', '2011-06-03 08:29:45', 'OFF', 'ON'),
(7837420, 529, '1009070400', NULL, '2012-08-09 01:29:58', -6.568498, 106.7668, 0, 0, 193, 5, 284553.2, 2, '00000001', '00000000', NULL, 0, NULL, 'Jalan Brigadir Jenderal H Sapta Adjie Hadiprawira, Bogor, Indonesia', 0, 0, 7837419, 7837423, 1, NULL, 0.00, NULL, 0.00, NULL, NULL, '2012-08-09 08:29:58', '', '2011-06-03 08:29:48', 'OFF', 'ON'),
(7837421, 87, '1009070078', NULL, '2012-08-09 01:30:03', -6.257473, 106.936833, 73, 88, 35, 8, 1728.4, 2, '00000001', '00000000', NULL, 0, NULL, 'Jalan Tol Jakarta - Cikampek, Jakarta Capital Region 13450, Indonesia', 0, 7.60000000000014, 7837396, 7837468, 1, NULL, 0.00, NULL, 0.00, NULL, NULL, '2012-08-09 08:30:03', '', '2011-06-03 08:29:51', 'OFF', 'ON'),
(7837422, 81, '1009070072', NULL, '2012-08-09 01:30:05', -6.530482, 107.432507, 6, 183, 87, 8, 155877.3, 2, '00000001', '00000000', NULL, 0, NULL, 'Jalan Tol Cipularang, Purwakarta, Indonesia', 0, 0.299999999988358, 7837397, 7837448, 1, NULL, 0.00, NULL, 0.00, NULL, NULL, '2012-08-09 08:30:05', '', '2011-06-03 08:29:54', 'OFF', 'ON'),
(7837423, 529, '1009070400', NULL, '2012-08-09 01:30:09', -6.56862, 106.766678, 0, 0, 216, 8, 284553.2, 11, '00000000', '00000000', NULL, 0, NULL, 'Jalan Brigadir Jenderal H Sapta Adjie Hadiprawira, Bogor, Indonesia', 0, 0, 7837420, 7837910, 1, NULL, 0.00, NULL, 0.00, NULL, NULL, '2012-08-09 08:30:09', 'Kerub Head Office', '2011-06-03 08:29:58', 'OFF', 'OFF'),
(7837424, 58, '1009070049', NULL, '2012-08-09 01:30:12', -7.584552, 110.2443, 61, 220, 289, 9, 137214.3, 2, '00000001', '00000000', NULL, 0, NULL, 'Jalan Raya Borobudur, Mungkid, Indonesia', 0, 3.79999999998836, 7837398, 7837449, 1, NULL, 0.00, NULL, 0.00, NULL, NULL, '2012-08-09 08:30:12', '', '2011-06-03 08:30:01', 'OFF', 'ON'),
(7837425, 77, '1009070068', NULL, '2012-08-09 01:30:15', -6.122642, 106.662932, 42, 68, 25, 9, 291916.8, 2, '00000001', '00000000', NULL, 0, NULL, 'Jalan Raya Bandara, Jakarta Airport (CGK), Tangerang, Indonesia', 0, 3, 7837399, 7837450, 1, NULL, 0.00, NULL, 0.00, NULL, NULL, '2012-08-09 08:30:15', 'Bandara Soekarno Hatta - Cengkareng', '2011-06-03 08:30:04', 'OFF', 'ON'),
(7837426, 296, '1009070283', NULL, '2012-08-09 01:30:49', -6.520732, 107.43531, 0, 202, 93, 7, 76033.9, 2, '00000001', '00000000', NULL, 0, NULL, 'Jalan Tol Cipularang, Purwakarta, Indonesia', 0, 0.899999999994179, 7837402, 7837451, 1, NULL, 0.00, NULL, 0.00, NULL, NULL, '2012-08-09 08:30:49', '', '2011-06-03 08:30:34', 'OFF', 'ON'),
(7837427, 86, '1009070077', NULL, '2012-08-09 01:30:54', -6.41025, 106.986502, 0, 7, 95, 9, 222037.9, 2, '00000001', '00000000', NULL, 0, NULL, 'Jalan Cileungsi - Jonggol, Cileungsi, Indonesia', 0, 0.100000000005821, 7837403, 7837452, 1, NULL, 0.00, NULL, 0.00, NULL, NULL, '2012-08-09 08:30:54', 'Taman Rekreasi & Olahraga, Cileungsi-Jonggol', '2011-06-03 08:30:39', 'OFF', 'ON'),
(7837428, 271, '1009070258', NULL, '2012-08-09 01:31:09', -6.331062, 107.139297, 0, 359, 48, 8, 77543.1, 2, '00000000', '00000000', NULL, 0, NULL, 'Jalan Menteng Raya, Bekasi, Indonesia', 0, 0, 7837404, 7837453, 1, NULL, 0.00, NULL, 0.00, NULL, NULL, '2012-08-09 08:31:09', '', '2011-06-03 08:30:54', 'OFF', 'OFF'),
(7837429, 525, '1009070396', NULL, '2012-08-09 01:31:16', -6.568625, 106.766788, 0, 51, 226, 9, 807.5, 2, '00000001', '00000000', NULL, 0, NULL, NULL, 0, 0, 7837405, 7837454, 1, NULL, 0.00, NULL, 0.00, NULL, NULL, '2012-08-09 08:31:16', 'Kerub Head Office', '2011-06-03 08:31:01', 'OFF', 'ON'),
(7837430, 68, '1009070059', NULL, '2012-08-09 01:31:41', -6.331227, 107.139318, 0, 344, 54, 8, 323957.8, 2, '00000001', '00000000', NULL, 0, NULL, NULL, 0, 3, 7837374, 7837455, 1, NULL, 0.00, NULL, 0.00, NULL, NULL, '2012-08-09 08:31:41', '', '2011-06-03 08:31:26', 'OFF', 'ON'),
(7837431, 151, '1009070139', NULL, '2012-08-09 01:31:43', -6.626668, 106.83706, 80, 158, 361, 9, 101604.8, 2, '00000001', '00000000', NULL, 0, NULL, NULL, 0, 6.90000000000873, 7837406, 7837456, 1, NULL, 0.00, NULL, 0.00, NULL, NULL, '2012-08-09 08:31:43', '', '2011-06-03 08:31:30', 'OFF', 'ON'),
(7837432, 80, '1009070071', NULL, '2012-08-09 01:31:53', -6.651153, 106.890312, 22, 78, 616, 8, 185841.3, 2, '00000001', '00000000', NULL, 0, NULL, NULL, 0, 2.59999999997672, 7837407, 7837457, 1, NULL, 0.00, NULL, 0.00, NULL, NULL, '2012-08-09 08:31:53', '', '2011-06-03 08:31:38', 'OFF', 'ON'),
(7837433, 71, '1009070062', NULL, '2012-08-09 01:32:03', -6.627477, 106.837348, 74, 157, 365, 9, 182433.4, 2, '00000001', '00000000', NULL, 0, NULL, NULL, 0, 6.79999999998836, 7837408, 7837458, 1, NULL, 0.00, NULL, 0.00, NULL, NULL, '2012-08-09 08:32:03', '', '2011-06-03 08:31:48', 'OFF', 'ON'),
(7837434, 153, '1009070141', NULL, '2012-08-09 01:32:08', -6.41025, 106.98651, 0, 346, 97, 9, 109502.3, 11, '00000000', '00000000', NULL, 0, NULL, NULL, 0, 0, 7837418, 7837446, 1, NULL, 0.00, NULL, 0.00, NULL, NULL, '2012-08-09 08:32:08', 'Taman Rekreasi & Olahraga, Cileungsi-Jonggol', '2011-06-03 08:31:54', 'OFF', 'OFF'),
(7837435, 20, '1009070010', NULL, '2012-08-09 01:32:53', -6.63566, 106.793212, 0, 124, 346, 8, 165858.1, 2, '00000001', '00000000', NULL, 0, NULL, NULL, 0, 0.100000000005821, 7837409, 7837441, 1, NULL, 0.00, NULL, 0.00, NULL, NULL, '2012-08-09 08:32:53', '', '2011-06-03 08:32:38', 'OFF', 'ON'),
(7837436, 76, '1009070067', NULL, '2012-08-09 01:32:55', -6.630492, 106.838952, 0, 142, 375, 8, 176786, 2, '00000001', '00000000', NULL, 0, NULL, NULL, 0, 5.29999999998836, 7837410, 7837486, 1, NULL, 0.00, NULL, 0.00, NULL, NULL, '2012-08-09 08:32:55', '', '2011-06-03 08:32:42', 'OFF', 'ON'),
(7837437, 82, '1009070073', NULL, '2012-08-09 01:33:09', -6.713452, 106.947127, 0, 254, 1115, 8, 26684.8, 2, '00000001', '00000000', NULL, 0, NULL, NULL, 0, 0, 7837411, 7837462, 1, NULL, 0.00, NULL, 0.00, NULL, NULL, '2012-08-09 08:33:09', '', '2011-06-03 08:32:54', 'OFF', 'ON'),
(7837438, 84, '1009070075', NULL, '2012-08-09 01:33:21', -7.569002, 110.257455, 48, 222, 337, 8, 153864.1, 2, '00000001', '00000000', NULL, 0, NULL, NULL, 0, 3.60000000000582, 7837412, 7837463, 1, NULL, 0.00, NULL, 0.00, NULL, NULL, '2012-08-09 08:33:21', '', '2011-06-03 08:33:06', 'OFF', 'ON'),
(7837439, 73, '1009070064', NULL, '2012-08-09 01:33:24', -6.713457, 106.947188, 0, 249, 1119, 7, 309144.1, 2, '00000001', '00000000', NULL, 0, NULL, NULL, 0, 0, 7837413, 7837464, 1, NULL, 0.00, NULL, 0.00, NULL, NULL, '2012-08-09 08:33:24', '', '2011-06-03 08:33:10', 'OFF', 'ON'),
(7837440, 530, '1009080001', NULL, '2012-08-09 01:33:31', -6.52258, 106.8431, 29, 110, 170, 9, 140.7, 2, '00000001', '00000000', NULL, 0, NULL, NULL, 0, 0.899999999999977, 7837415, 7837465, 1, NULL, 0.00, NULL, 0.00, NULL, NULL, '2012-08-09 08:33:31', '', '2011-06-03 08:33:16', 'DISABLE', 'ON'),
(7837441, 20, '1009070010', NULL, '2012-08-09 01:33:42', -6.63566, 106.793212, 0, 124, 346, 8, 165858.1, 60, '00000001', '00000000', NULL, 0, NULL, NULL, 0, 0, 7837435, 7837460, 1, NULL, 0.00, NULL, 0.00, NULL, NULL, '2012-08-09 08:33:42', '', '2011-06-03 08:33:28', 'OFF', 'ON'),
(7837442, 33, '1009070023', NULL, '2012-08-09 01:33:44', -6.656612, 106.916222, 0, 29, 684, 9, 136450.8, 2, '00000001', '00000000', NULL, 0, NULL, NULL, 0, 0, 7837416, 7837461, 1, NULL, 0.00, NULL, 0.00, NULL, NULL, '2012-08-09 08:33:44', '', '2011-06-03 08:33:32', 'OFF', 'ON'),
(7837443, 272, '1009070259', NULL, '2012-08-09 01:33:45', -6.568695, 106.766582, 0, 84, 230, 0, 93755.8, 11, '00000001', '00000000', NULL, 0, NULL, NULL, 0, 0, 7837112, 7837444, 1, NULL, 0.00, NULL, 0.00, NULL, NULL, '2012-08-09 08:33:45', 'Kerub Head Office', '2011-06-03 08:33:35', 'OFF', 'ON'),
(7837444, 272, '1009070259', NULL, '2012-08-09 01:33:45', -6.568838, 106.766582, 0, 0, 262, 7, 93755.8, 2, '00000001', '00000000', NULL, 0, NULL, NULL, 0, 0, 7837443, 7837447, 1, NULL, 0.00, NULL, 0.00, NULL, NULL, '2012-08-09 08:33:45', 'Kerub Head Office', '2011-06-03 08:33:38', 'OFF', 'ON'),
(7837445, 150, '1009070138', NULL, '2012-08-09 01:33:51', -6.630557, 106.838827, 0, 152, 373, 9, 105521.8, 2, '00000001', '00000000', NULL, 0, NULL, NULL, 0, 3.90000000000873, 7837417, 7837467, 1, NULL, 0.00, NULL, 0.00, NULL, NULL, '2012-08-09 08:33:51', '', '2011-06-03 08:33:41', 'OFF', 'ON'),
(7837446, 153, '1009070141', NULL, '2012-08-09 01:34:23', -6.41025, 106.98651, 0, 346, 97, 9, 109502.3, 2, '00000000', '00000000', NULL, 0, NULL, NULL, 0, 0, 7837434, NULL, 1, NULL, 0.00, NULL, 0.00, NULL, NULL, '2012-08-09 08:34:23', 'Taman Rekreasi & Olahraga, Cileungsi-Jonggol', '2011-06-03 08:34:10', 'OFF', 'OFF'),
(7837447, 272, '1009070259', NULL, '2012-08-09 01:34:28', -6.568713, 106.766613, 0, 0, 229, 9, 93755.8, 11, '00000000', '00000000', NULL, 0, NULL, NULL, 0, 0, 7837444, 7837906, 1, NULL, 0.00, NULL, 0.00, NULL, NULL, '2012-08-09 08:34:28', 'Kerub Head Office', '2011-06-03 08:34:14', 'OFF', 'OFF'),
(7837448, 81, '1009070072', NULL, '2012-08-09 01:35:05', -6.542732, 107.431018, 64, 206, 77, 7, 155878.6, 2, '00000001', '00000000', NULL, 0, NULL, NULL, 0, 1.30000000001746, 7837422, 7837469, 1, NULL, 0.00, NULL, 0.00, NULL, NULL, '2012-08-09 08:35:05', '', '2011-06-03 08:34:50', 'OFF', 'ON'),
(7837449, 58, '1009070049', NULL, '2012-08-09 01:35:12', -7.601838, 110.224612, 39, 331, 267, 9, 137218.1, 2, '00000001', '00000000', NULL, 0, NULL, NULL, 0, 3.80000000001746, 7837424, 7837470, 0, NULL, 0.00, NULL, 0.00, NULL, NULL, '2012-08-09 08:35:12', '', '2011-06-03 08:34:57', 'OFF', 'ON'),
(7837450, 77, '1009070068', NULL, '2012-08-09 01:35:15', -6.095858, 106.713033, 79, 87, 22, 9, 291923.2, 2, '00000001', '00000000', NULL, 0, NULL, NULL, 0, 6.40000000002328, 7837425, 7837471, 0, NULL, 0.00, NULL, 0.00, NULL, NULL, '2012-08-09 08:35:15', '', '2011-06-03 08:35:01', 'OFF', 'ON'),
(7837451, 296, '1009070283', NULL, '2012-08-09 01:35:49', -6.525357, 107.433085, 0, 185, 98, 8, 76034.4, 2, '00000001', '00000000', NULL, 0, NULL, NULL, 0, 0.5, 7837426, 7837472, 0, NULL, 0.00, NULL, 0.00, NULL, NULL, '2012-08-09 08:35:49', '', '2011-06-03 08:35:34', 'OFF', 'ON'),
(7837452, 86, '1009070077', NULL, '2012-08-09 01:35:54', -6.41025, 106.986502, 0, 7, 95, 9, 222037.9, 2, '00000001', '00000000', NULL, 0, NULL, NULL, 0, 0, 7837427, 7837459, 0, NULL, 0.00, NULL, 0.00, NULL, NULL, '2012-08-09 08:35:54', 'Taman Rekreasi & Olahraga, Cileungsi-Jonggol', '2011-06-03 08:35:39', 'OFF', 'ON'),
(7837453, 271, '1009070258', NULL, '2012-08-09 01:36:09', -6.332015, 107.139622, 0, 176, 51, 9, 77543.1, 2, '00000000', '00000000', NULL, 0, NULL, NULL, 0, 0, 7837428, 7837474, 0, NULL, 0.00, NULL, 0.00, NULL, NULL, '2012-08-09 08:36:09', '', '2011-06-03 08:35:54', 'OFF', 'OFF'),
(7837454, 525, '1009070396', NULL, '2012-08-09 01:36:16', -6.568625, 106.766788, 0, 51, 226, 9, 807.5, 2, '00000001', '00000000', NULL, 0, NULL, NULL, 0, 0, 7837429, 7837475, 0, NULL, 0.00, NULL, 0.00, NULL, NULL, '2012-08-09 08:36:16', 'Kerub Head Office', '2011-06-03 08:36:01', 'OFF', 'ON'),
(7837455, 68, '1009070059', NULL, '2012-08-09 01:36:41', -6.330615, 107.139468, 0, 108, 62, 8, 323957.9, 2, '00000001', '00000000', NULL, 0, NULL, NULL, 0, 0.100000000034925, 7837430, 7837476, 0, NULL, 0.00, NULL, 0.00, NULL, NULL, '2012-08-09 08:36:41', '', '2011-06-03 08:36:26', 'OFF', 'ON'),
(7837456, 151, '1009070139', NULL, '2012-08-09 01:36:43', -6.647035, 106.84883, 43, 165, 443, 9, 101607.4, 2, '00000001', '00000000', NULL, 0, NULL, NULL, 0, 2.59999999999127, 7837431, 7837477, 0, NULL, 0.00, NULL, 0.00, NULL, NULL, '2012-08-09 08:36:43', '', '2011-06-03 08:36:30', 'OFF', 'ON'),
(7837457, 80, '1009070071', NULL, '2012-08-09 01:36:53', -6.650125, 106.898792, 0, 80, 626, 8, 185842.1, 2, '00000001', '00000000', NULL, 0, NULL, NULL, 0, 0.800000000017462, 7837432, 7837478, 0, NULL, 0.00, NULL, 0.00, NULL, NULL, '2012-08-09 08:36:53', '', '2011-06-03 08:36:38', 'OFF', 'ON'),
(7837458, 71, '1009070062', NULL, '2012-08-09 01:37:03', -6.645078, 106.84822, 52, 158, 436, 9, 182435.6, 2, '00000001', '00000000', NULL, 0, NULL, NULL, 0, 2.20000000001164, 7837433, 7837502, 0, NULL, 0.00, NULL, 0.00, NULL, NULL, '2012-08-09 08:37:03', '', '2011-06-03 08:36:48', 'OFF', 'ON'),
(7837459, 86, '1009070077', NULL, '2012-08-09 01:37:08', -6.41025, 106.986502, 0, 7, 95, 9, 222037.9, 60, '00000001', '00000000', NULL, 0, NULL, NULL, 0, 0, 7837452, 7837473, 0, NULL, 0.00, NULL, 0.00, NULL, NULL, '2012-08-09 08:37:08', 'Taman Rekreasi & Olahraga, Cileungsi-Jonggol', '2011-06-03 08:36:54', 'OFF', 'ON'),
(7837460, 20, '1009070010', NULL, '2012-08-09 01:37:53', -6.63566, 106.793212, 0, 124, 346, 9, 165858.1, 2, '00000001', '00000000', NULL, 0, NULL, NULL, 0, 0, 7837441, 7837485, 0, NULL, 0.00, NULL, 0.00, NULL, NULL, '2012-08-09 08:37:53', '', '2011-06-03 08:37:38', 'OFF', 'ON'),
(7837461, 33, '1009070023', NULL, '2012-08-09 01:37:53', -6.656612, 106.916222, 0, 29, 684, 8, 136450.8, 61, '00000000', '00000000', NULL, 0, NULL, NULL, 0, 0, 7837442, 7837466, 0, NULL, 0.00, NULL, 0.00, NULL, NULL, '2012-08-09 08:37:53', '', '2011-06-03 08:37:41', 'OFF', 'OFF'),
(7837462, 82, '1009070073', NULL, '2012-08-09 01:38:09', -6.713452, 106.947127, 0, 254, 1115, 9, 26684.8, 2, '00000001', '00000000', NULL, 0, NULL, NULL, 0, 0, 7837437, 7837487, 0, NULL, 0.00, NULL, 0.00, NULL, NULL, '2012-08-09 08:38:09', '', '2011-06-03 08:37:54', 'OFF', 'ON'),
(7837463, 84, '1009070075', NULL, '2012-08-09 01:38:21', -7.600162, 110.232818, 66, 212, 260, 6, 153868.5, 2, '00000001', '00000000', NULL, 0, NULL, NULL, 0, 4.39999999999418, 7837438, 7837488, 0, NULL, 0.00, NULL, 0.00, NULL, NULL, '2012-08-09 08:38:21', '', '2011-06-03 08:38:06', 'OFF', 'ON'),
(7837464, 73, '1009070064', NULL, '2012-08-09 01:38:24', -6.713457, 106.947188, 0, 249, 1119, 8, 309144.1, 2, '00000001', '00000000', NULL, 0, NULL, NULL, 0, 0, 7837439, 7837489, 0, NULL, 0.00, NULL, 0.00, NULL, NULL, '2012-08-09 08:38:24', '', '2011-06-03 08:38:09', 'OFF', 'ON'),
(7837465, 530, '1009080001', NULL, '2012-08-09 01:38:31', -6.523548, 106.856187, 53, 32, 185, 8, 143.2, 2, '00000001', '00000000', NULL, 0, NULL, NULL, 0, 2.5, 7837440, 7837490, 0, NULL, 0.00, NULL, 0.00, NULL, NULL, '2012-08-09 08:38:31', '', '2011-06-03 08:38:16', 'DISABLE', 'ON'),
(7837466, 33, '1009070023', NULL, '2012-08-09 01:38:44', -6.656612, 106.916222, 0, 29, 684, 9, 136450.8, 2, '00000000', '00000000', NULL, 0, NULL, NULL, 0, 0, 7837461, 7837937, 0, NULL, 0.00, NULL, 0.00, NULL, NULL, '2012-08-09 08:38:44', '', '2011-06-03 08:38:29', 'OFF', 'OFF'),
(7837467, 150, '1009070138', NULL, '2012-08-09 01:38:51', -6.655367, 106.858903, 16, 90, 486, 9, 105525.4, 2, '00000001', '00000000', NULL, 0, NULL, NULL, 0, 3.59999999999127, 7837445, 7837491, 0, NULL, 0.00, NULL, 0.00, NULL, NULL, '2012-08-09 08:38:51', '', '2011-06-03 08:38:36', 'OFF', 'ON'),
(7837468, 87, '1009070078', NULL, '2012-08-09 01:40:03', -6.27475, 107.049292, 86, 113, 41, 9, 1741.6, 2, '00000001', '00000000', NULL, 0, NULL, NULL, 0, 13.1999999999998, 7837421, 7837492, 0, NULL, 0.00, NULL, 0.00, NULL, NULL, '2012-08-09 08:40:03', '', '2011-06-03 08:39:48', 'OFF', 'ON'),
(7837469, 81, '1009070072', NULL, '2012-08-09 01:40:05', -6.585427, 107.432028, 44, 197, 190, 8, 155883.9, 2, '00000001', '00000000', NULL, 0, NULL, NULL, 0, 5.29999999998836, 7837448, 7837493, 0, NULL, 0.00, NULL, 0.00, NULL, NULL, '2012-08-09 08:40:05', '', '2011-06-03 08:39:52', 'OFF', 'ON'),
(7837470, 58, '1009070049', NULL, '2012-08-09 01:40:12', -7.606743, 110.212143, 48, 263, 266, 9, 137219.7, 2, '00000001', '00000000', NULL, 0, NULL, NULL, 0, 1.60000000000582, 7837449, 7837494, 0, NULL, 0.00, NULL, 0.00, NULL, NULL, '2012-08-09 08:40:12', '', '2011-06-03 08:39:59', 'OFF', 'ON'),
(7837471, 77, '1009070068', NULL, '2012-08-09 01:40:15', -6.122032, 106.767223, 51, 83, 24, 9, 291930.4, 2, '00000001', '00000000', NULL, 0, NULL, NULL, 0, 7.20000000001164, 7837450, 7837495, 0, NULL, 0.00, NULL, 0.00, NULL, NULL, '2012-08-09 08:40:15', '', '2011-06-03 08:40:03', 'OFF', 'ON'),
(7837472, 296, '1009070283', NULL, '2012-08-09 01:40:49', -6.53223, 107.432468, 4, 183, 79, 9, 76035.1, 2, '00000001', '00000000', NULL, 0, NULL, NULL, 0, 0.700000000011641, 7837451, 7837496, 0, NULL, 0.00, NULL, 0.00, NULL, NULL, '2012-08-09 08:40:49', '', '2011-06-03 08:40:34', 'OFF', 'ON'),
(7837473, 86, '1009070077', NULL, '2012-08-09 01:40:54', -6.41025, 106.986502, 0, 7, 95, 9, 222037.9, 2, '00000001', '00000000', NULL, 0, NULL, NULL, 0, 0, 7837459, 7837479, 0, NULL, 0.00, NULL, 0.00, NULL, NULL, '2012-08-09 08:40:54', 'Taman Rekreasi & Olahraga, Cileungsi-Jonggol', '2011-06-03 08:40:42', 'OFF', 'ON'),
(7837474, 271, '1009070258', NULL, '2012-08-09 01:41:09', -6.332015, 107.139622, 0, 176, 51, 9, 77543.1, 2, '00000000', '00000000', NULL, 0, NULL, NULL, 0, 0, 7837453, 7837497, 0, NULL, 0.00, NULL, 0.00, NULL, NULL, '2012-08-09 08:41:09', '', '2011-06-03 08:40:54', 'OFF', 'OFF'),
(7837475, 525, '1009070396', NULL, '2012-08-09 01:41:16', -6.568625, 106.766788, 0, 51, 226, 9, 807.5, 2, '00000001', '00000000', NULL, 0, NULL, NULL, 0, 0, 7837454, 7837498, 0, NULL, 0.00, NULL, 0.00, NULL, NULL, '2012-08-09 08:41:16', 'Kerub Head Office', '2011-06-03 08:41:01', 'OFF', 'ON'),
(7837476, 68, '1009070059', NULL, '2012-08-09 01:41:41', -6.331885, 107.139655, 0, 164, 54, 9, 323958, 2, '00000001', '00000000', NULL, 0, NULL, NULL, 0, 0.099999999976717, 7837455, 7837499, 0, NULL, 0.00, NULL, 0.00, NULL, NULL, '2012-08-09 08:41:41', '', '2011-06-03 08:41:26', 'OFF', 'ON'),
(7837477, 151, '1009070139', NULL, '2012-08-09 01:41:43', -6.655087, 106.860952, 9, 72, 496, 9, 101609.1, 2, '00000001', '00000000', NULL, 0, NULL, NULL, 0, 1.70000000001164, 7837456, 7837500, 0, NULL, 0.00, NULL, 0.00, NULL, NULL, '2012-08-09 08:41:43', '', '2011-06-03 08:41:30', 'OFF', 'ON'),
(7837478, 80, '1009070071', NULL, '2012-08-09 01:41:53', -6.650885, 106.905593, 8, 104, 647, 8, 185842.8, 2, '00000001', '00000000', NULL, 0, NULL, NULL, 0, 0.699999999982538, 7837457, 7837501, 0, NULL, 0.00, NULL, 0.00, NULL, NULL, '2012-08-09 08:41:53', '', '2011-06-03 08:41:38', 'OFF', 'ON'),
(7837479, 86, '1009070077', NULL, '2012-08-09 01:42:08', -6.41025, 106.986502, 0, 7, 95, 8, 222037.9, 11, '00000000', '00000000', NULL, 0, NULL, NULL, 0, 0, 7837473, 7837480, 0, NULL, 0.00, NULL, 0.00, NULL, NULL, '2012-08-09 08:42:08', 'Taman Rekreasi & Olahraga, Cileungsi-Jonggol', '2011-06-03 08:41:54', 'OFF', 'OFF'),
(7837480, 86, '1009070077', NULL, '2012-08-09 01:42:09', -6.41025, 106.986502, 0, 7, 95, 8, 222037.9, 61, '00000000', '00000000', NULL, 0, NULL, NULL, 0, 0, 7837479, 7837481, 0, NULL, 0.00, NULL, 0.00, NULL, NULL, '2012-08-09 08:42:09', 'Taman Rekreasi & Olahraga, Cileungsi-Jonggol', '2011-06-03 08:41:57', 'OFF', 'OFF'),
(7837481, 86, '1009070077', NULL, '2012-08-09 01:42:11', -6.41025, 106.986502, 0, 7, 95, 8, 222037.9, 11, '00000001', '00000000', NULL, 0, NULL, NULL, 0, 0, 7837480, 7837482, 0, NULL, 0.00, NULL, 0.00, NULL, NULL, '2012-08-09 08:42:11', 'Taman Rekreasi & Olahraga, Cileungsi-Jonggol', '2011-06-03 08:42:01', 'OFF', 'ON'),
(7837482, 86, '1009070077', NULL, '2012-08-09 01:42:15', -6.41025, 106.986502, 0, 7, 95, 8, 222037.9, 11, '00000000', '00000000', NULL, 0, NULL, NULL, 0, 0, 7837481, 7837483, 0, NULL, 0.00, NULL, 0.00, NULL, NULL, '2012-08-09 08:42:15', 'Taman Rekreasi & Olahraga, Cileungsi-Jonggol', '2011-06-03 08:42:04', 'OFF', 'OFF'),
(7837483, 86, '1009070077', NULL, '2012-08-09 01:42:20', -6.41025, 106.986502, 0, 7, 95, 8, 222037.9, 11, '00000001', '00000000', NULL, 0, NULL, NULL, 0, 0, 7837482, 7837484, 0, NULL, 0.00, NULL, 0.00, NULL, NULL, '2012-08-09 08:42:20', 'Taman Rekreasi & Olahraga, Cileungsi-Jonggol', '2011-06-03 08:42:10', 'OFF', 'ON'),
(7837484, 86, '1009070077', NULL, '2012-08-09 01:42:24', -6.41025, 106.986502, 0, 7, 95, 8, 222037.9, 11, '00000000', '00000000', NULL, 0, NULL, NULL, 0, 0, 7837483, 7837957, 0, NULL, 0.00, NULL, 0.00, NULL, NULL, '2012-08-09 08:42:24', 'Taman Rekreasi & Olahraga, Cileungsi-Jonggol', '2011-06-03 08:42:14', 'OFF', 'OFF'),
(7837485, 20, '1009070010', NULL, '2012-08-09 01:42:53', -6.63566, 106.793212, 0, 124, 346, 7, 165858.1, 2, '00000001', '00000000', NULL, 0, NULL, NULL, 0, 0, 7837460, 7837503, 0, NULL, 0.00, NULL, 0.00, NULL, NULL, '2012-08-09 08:42:53', '', '2011-06-03 08:42:38', 'OFF', 'ON'),
(7837486, 76, '1009070067', NULL, '2012-08-09 01:42:55', -6.652445, 106.869098, 27, 67, 479, 7, 176790.7, 2, '00000001', '00000000', NULL, 0, NULL, NULL, 0, 4.70000000001164, 7837436, 7837504, 0, NULL, 0.00, NULL, 0.00, NULL, NULL, '2012-08-09 08:42:55', '', '2011-06-03 08:42:42', 'OFF', 'ON'),
(7837487, 82, '1009070073', NULL, '2012-08-09 01:43:09', -6.714192, 106.947625, 1, 155, 1106, 9, 26684.9, 2, '00000001', '00000000', NULL, 0, NULL, NULL, 0, 0.100000000002183, 7837462, 7837505, 0, NULL, 0.00, NULL, 0.00, NULL, NULL, '2012-08-09 08:43:09', '', '2011-06-03 08:42:54', 'OFF', 'ON'),
(7837488, 84, '1009070075', NULL, '2012-08-09 01:43:21', -7.604343, 110.219897, 37, 233, 259, 6, 153870.8, 2, '00000001', '00000000', NULL, 0, NULL, NULL, 0, 2.29999999998836, 7837463, 7837506, 0, NULL, 0.00, NULL, 0.00, NULL, NULL, '2012-08-09 08:43:21', '', '2011-06-03 08:43:06', 'OFF', 'ON'),
(7837489, 73, '1009070064', NULL, '2012-08-09 01:43:24', -6.71435, 106.947817, 0, 93, 1121, 8, 309144.2, 2, '00000001', '00000000', NULL, 0, NULL, NULL, 0, 0.100000000034925, 7837464, 7837507, 0, NULL, 0.00, NULL, 0.00, NULL, NULL, '2012-08-09 08:43:24', '', '2011-06-03 08:43:10', 'OFF', 'ON'),
(7837490, 530, '1009080001', NULL, '2012-08-09 01:43:31', -6.485193, 106.872595, 53, 26, 160, 9, 147.8, 2, '00000001', '00000000', NULL, 0, NULL, NULL, 0, 4.60000000000002, 7837465, 7837508, 0, NULL, 0.00, NULL, 0.00, NULL, NULL, '2012-08-09 08:43:31', '', '2011-06-03 08:43:16', 'DISABLE', 'ON'),
(7837491, 150, '1009070138', NULL, '2012-08-09 01:43:51', -6.6529, 106.87164, 29, 112, 500, 9, 105526.8, 2, '00000001', '00000000', NULL, 0, NULL, NULL, 0, 1.40000000000873, 7837467, 7837509, 0, NULL, 0.00, NULL, 0.00, NULL, NULL, '2012-08-09 08:43:51', '', '2011-06-03 08:43:37', 'OFF', 'ON'),
(7837492, 87, '1009070078', NULL, '2012-08-09 01:45:03', -6.295188, 107.105902, 70, 119, 49, 8, 1748.4, 2, '00000001', '00000000', NULL, 0, NULL, NULL, 0, 6.80000000000018, 7837468, 7837510, 0, NULL, 0.00, NULL, 0.00, NULL, NULL, '2012-08-09 08:45:03', '', '2011-06-03 08:44:48', 'OFF', 'ON'),
(7837493, 81, '1009070072', NULL, '2012-08-09 01:45:05', -6.627585, 107.423367, 65, 167, 304, 8, 155888.8, 2, '00000001', '00000000', NULL, 0, NULL, NULL, 0, 4.89999999999418, 7837469, 7837511, 0, NULL, 0.00, NULL, 0.00, NULL, NULL, '2012-08-09 08:45:05', '', '2011-06-03 08:44:51', 'OFF', 'ON'),
(7837494, 58, '1009070049', NULL, '2012-08-09 01:45:12', -7.604527, 110.206803, 0, 275, 275, 9, 137220.5, 2, '00000001', '00000000', NULL, 0, NULL, NULL, 0, 0.799999999988359, 7837470, 7837512, 0, NULL, 0.00, NULL, 0.00, NULL, NULL, '2012-08-09 08:45:12', '', '2011-06-03 08:44:59', 'OFF', 'ON'),
(7837495, 77, '1009070068', NULL, '2012-08-09 01:45:15', -6.13208, 106.801265, 55, 86, 31, 9, 291934.7, 2, '00000001', '00000000', NULL, 0, NULL, NULL, 0, 4.29999999998836, 7837471, 7837513, 0, NULL, 0.00, NULL, 0.00, NULL, NULL, '2012-08-09 08:45:15', '', '2011-06-03 08:45:02', 'OFF', 'ON'),
(7837496, 296, '1009070283', NULL, '2012-08-09 01:45:49', -6.563242, 107.425377, 84, 167, 105, 8, 76038.6, 2, '00000001', '00000000', NULL, 0, NULL, NULL, 0, 3.5, 7837472, 7837514, 0, NULL, 0.00, NULL, 0.00, NULL, NULL, '2012-08-09 08:45:49', '', '2011-06-03 08:45:34', 'OFF', 'ON'),
(7837497, 271, '1009070258', NULL, '2012-08-09 01:46:09', -6.331922, 107.13929, 0, 87, 50, 9, 77543.1, 2, '00000000', '00000000', NULL, 0, NULL, NULL, 0, 0, 7837474, 7837515, 0, NULL, 0.00, NULL, 0.00, NULL, NULL, '2012-08-09 08:46:09', '', '2011-06-03 08:45:54', 'OFF', 'OFF'),
(7837498, 525, '1009070396', NULL, '2012-08-09 01:46:16', -6.568625, 106.766788, 0, 51, 226, 9, 807.5, 2, '00000001', '00000000', NULL, 0, NULL, NULL, 0, 0, 7837475, 7837516, 0, NULL, 0.00, NULL, 0.00, NULL, NULL, '2012-08-09 08:46:16', 'Kerub Head Office', '2011-06-03 08:46:01', 'OFF', 'ON'),
(7837499, 68, '1009070059', NULL, '2012-08-09 01:46:41', -6.33193, 107.139148, 0, 85, 57, 8, 323958.2, 2, '00000001', '00000000', NULL, 0, NULL, NULL, 0, 0.200000000011642, 7837476, 7837517, 0, NULL, 0.00, NULL, 0.00, NULL, NULL, '2012-08-09 08:46:41', '', '2011-06-03 08:46:26', 'OFF', 'ON'),
(7837500, 151, '1009070139', NULL, '2012-08-09 01:46:43', -6.652562, 106.880687, 35, 74, 582, 9, 101611.3, 2, '00000001', '00000000', NULL, 0, NULL, NULL, 0, 2.19999999999709, 7837477, 7837518, 0, NULL, 0.00, NULL, 0.00, NULL, NULL, '2012-08-09 08:46:43', '', '2011-06-03 08:46:30', 'OFF', 'ON'),
(7837501, 80, '1009070071', NULL, '2012-08-09 01:46:53', -6.65651, 106.916377, 3, 65, 694, 8, 185844.6, 2, '00000001', '00000000', NULL, 0, NULL, NULL, 0, 1.80000000001746, 7837478, 7837519, 0, NULL, 0.00, NULL, 0.00, NULL, NULL, '2012-08-09 08:46:53', '', '2011-06-03 08:46:38', 'OFF', 'ON'),
(7837502, 71, '1009070062', NULL, '2012-08-09 01:47:03', -6.653572, 106.865687, 30, 72, 494, 9, 182438.1, 2, '00000001', '00000000', NULL, 0, NULL, NULL, 0, 2.5, 7837458, 7837520, 0, NULL, 0.00, NULL, 0.00, NULL, NULL, '2012-08-09 08:47:03', '', '2011-06-03 08:46:49', 'OFF', 'ON'),
(7837503, 20, '1009070010', NULL, '2012-08-09 01:47:53', -6.63566, 106.793212, 0, 124, 346, 9, 165858.1, 2, '00000001', '00000000', NULL, 0, NULL, NULL, 0, 0, 7837485, 7837525, 0, NULL, 0.00, NULL, 0.00, NULL, NULL, '2012-08-09 08:47:53', '', '2011-06-03 08:47:38', 'OFF', 'ON'),
(7837504, 76, '1009070067', NULL, '2012-08-09 01:47:55', -6.651418, 106.889002, 6, 88, 610, 6, 176793, 2, '00000001', '00000000', NULL, 0, NULL, NULL, 0, 2.29999999998836, 7837486, 7837526, 0, NULL, 0.00, NULL, 0.00, NULL, NULL, '2012-08-09 08:47:55', '', '2011-06-03 08:47:42', 'OFF', 'ON'),
(7837505, 82, '1009070073', NULL, '2012-08-09 01:48:09', -6.713925, 106.948233, 0, 350, 1121, 9, 26685, 2, '00000001', '00000000', NULL, 0, NULL, NULL, 0, 0.0999999999985448, 7837487, 7837528, 0, NULL, 0.00, NULL, 0.00, NULL, NULL, '2012-08-09 08:48:09', '', '2011-06-03 08:47:54', 'OFF', 'ON'),
(7837506, 84, '1009070075', NULL, '2012-08-09 01:48:21', -7.604547, 110.206905, 0, 346, 267, 8, 153872.5, 2, '00000001', '00000000', NULL, 0, NULL, NULL, 0, 1.70000000001164, 7837488, 7837521, 0, NULL, 0.00, NULL, 0.00, NULL, NULL, '2012-08-09 08:48:21', '', '2011-06-03 08:48:06', 'OFF', 'ON'),
(7837507, 73, '1009070064', NULL, '2012-08-09 01:48:24', -6.713673, 106.94823, 0, 18, 1128, 7, 309144.3, 2, '00000001', '00000000', NULL, 0, NULL, NULL, 0, 0.099999999976717, 7837489, 7837533, 0, NULL, 0.00, NULL, 0.00, NULL, NULL, '2012-08-09 08:48:24', '', '2011-06-03 08:48:10', 'OFF', 'ON'),
(7837508, 530, '1009080001', NULL, '2012-08-09 01:48:31', -6.448597, 106.891168, 50, 26, 140, 9, 152.4, 2, '00000001', '00000000', NULL, 0, NULL, NULL, 0, 4.59999999999999, 7837490, 7837534, 0, NULL, 0.00, NULL, 0.00, NULL, NULL, '2012-08-09 08:48:31', '', '2011-06-03 08:48:16', 'DISABLE', 'ON'),
(7837509, 150, '1009070138', NULL, '2012-08-09 01:48:51', -6.651182, 106.890167, 13, 78, 617, 9, 105528.9, 2, '00000001', '00000000', NULL, 0, NULL, NULL, 0, 2.09999999999127, 7837491, 7837535, 0, NULL, 0.00, NULL, 0.00, NULL, NULL, '2012-08-09 08:48:51', '', '2011-06-03 08:48:36', 'OFF', 'ON'),
(7837510, 87, '1009070078', NULL, '2012-08-09 01:50:03', -6.320487, 107.149487, 85, 120, 46, 9, 1754, 2, '00000001', '00000000', NULL, 0, NULL, NULL, 0, 5.59999999999991, 7837492, 7837540, 0, NULL, 0.00, NULL, 0.00, NULL, NULL, '2012-08-09 08:50:03', '', '2011-06-03 08:49:48', 'OFF', 'ON'),
(7837511, 81, '1009070072', NULL, '2012-08-09 01:50:05', -6.655907, 107.429655, 64, 116, 457, 7, 155892.3, 2, '00000001', '00000000', NULL, 0, NULL, NULL, 0, 3.5, 7837493, 7837541, 0, NULL, 0.00, NULL, 0.00, NULL, NULL, '2012-08-09 08:50:05', '', '2011-06-03 08:49:52', 'OFF', 'ON'),
(7837512, 58, '1009070049', NULL, '2012-08-09 01:50:12', -7.604527, 110.206803, 0, 275, 275, 8, 137220.5, 2, '00000001', '00000000', NULL, 0, NULL, NULL, 0, 0, 7837494, 7837530, 0, NULL, 0.00, NULL, 0.00, NULL, NULL, '2012-08-09 08:50:12', '', '2011-06-03 08:49:57', 'OFF', 'ON'),
(7837513, 77, '1009070068', NULL, '2012-08-09 01:50:15', -6.129665, 106.83244, 32, 80, 27, 9, 291938.2, 2, '00000001', '00000000', NULL, 0, NULL, NULL, 0, 3.5, 7837495, 7837543, 0, NULL, 0.00, NULL, 0.00, NULL, NULL, '2012-08-09 08:50:15', '', '2011-06-03 08:50:01', 'OFF', 'ON'),
(7837514, 296, '1009070283', NULL, '2012-08-09 01:50:49', -6.600243, 107.427373, 51, 204, 290, 7, 76043.2, 2, '00000001', '00000000', NULL, 0, NULL, NULL, 0, 4.59999999999127, 7837496, 7837544, 0, NULL, 0.00, NULL, 0.00, NULL, NULL, '2012-08-09 08:50:49', '', '2011-06-03 08:50:35', 'OFF', 'ON'),
(7837515, 271, '1009070258', NULL, '2012-08-09 01:51:09', -6.331922, 107.13929, 0, 87, 50, 8, 77543.1, 2, '00000000', '00000000', NULL, 0, NULL, NULL, 0, 0, 7837497, 7837545, 0, NULL, 0.00, NULL, 0.00, NULL, NULL, '2012-08-09 08:51:09', '', '2011-06-03 08:50:54', 'OFF', 'OFF'),
(7837516, 525, '1009070396', NULL, '2012-08-09 01:51:16', -6.568625, 106.766788, 0, 51, 226, 9, 807.5, 2, '00000001', '00000000', NULL, 0, NULL, NULL, 0, 0, 7837498, 7837546, 0, NULL, 0.00, NULL, 0.00, NULL, NULL, '2012-08-09 08:51:16', 'Kerub Head Office', '2011-06-03 08:51:01', 'OFF', 'ON'),
(7837517, 68, '1009070059', NULL, '2012-08-09 01:51:41', -6.33193, 107.139148, 0, 85, 57, 8, 323958.2, 2, '00000001', '00000000', NULL, 0, NULL, NULL, 0, 0, 7837499, 7837527, 0, NULL, 0.00, NULL, 0.00, NULL, NULL, '2012-08-09 08:51:41', '', '2011-06-03 08:51:26', 'OFF', 'ON');
INSERT INTO `gps_track` (`id`, `device_id`, `unit_id`, `tag`, `gps_time`, `latitude`, `longitude`, `speed`, `heading`, `altitude`, `satellite`, `mileage`, `report_id`, `input_flags`, `output_flags`, `device_status`, `is_from_sms`, `driver_id`, `location`, `initial_mileage`, `mileage_distance`, `prev_id`, `next_id`, `reverse_geo_attempt`, `analog_input1`, `analog_input1_value`, `analog_input2`, `analog_input2_value`, `rfid_tag`, `barcode`, `local_time`, `landmark_name`, `created_date`, `sos_status`, `acc_status`) VALUES
(7837518, 151, '1009070139', NULL, '2012-08-09 01:51:43', -6.650462, 106.895085, 0, 88, 615, 9, 101612.9, 2, '00000001', '00000000', NULL, 0, NULL, NULL, 0, 1.59999999999127, 7837500, 7837547, 0, NULL, 0.00, NULL, 0.00, NULL, NULL, '2012-08-09 08:51:43', '', '2011-06-03 08:51:30', 'OFF', 'ON'),
(7837519, 80, '1009070071', NULL, '2012-08-09 01:51:53', -6.656457, 106.916555, 0, 149, 695, 7, 185844.6, 2, '00000001', '00000000', NULL, 0, NULL, NULL, 0, 0, 7837501, 7837548, 0, NULL, 0.00, NULL, 0.00, NULL, NULL, '2012-08-09 08:51:53', '', '2011-06-03 08:51:39', 'OFF', 'ON'),
(7837520, 71, '1009070062', NULL, '2012-08-09 01:52:03', -6.6516, 106.885092, 0, 79, 610, 9, 182440.3, 2, '00000001', '00000000', NULL, 0, NULL, NULL, 0, 2.19999999998254, 7837502, 7837549, 0, NULL, 0.00, NULL, 0.00, NULL, NULL, '2012-08-09 08:52:03', '', '2011-06-03 08:51:48', 'OFF', 'ON'),
(7837521, 84, '1009070075', NULL, '2012-08-09 01:52:32', -7.604547, 110.206905, 0, 346, 267, 8, 153872.5, 11, '00000000', '00000000', NULL, 0, NULL, NULL, 0, 0, 7837506, 7837532, 0, NULL, 0.00, NULL, 0.00, NULL, NULL, '2012-08-09 08:52:32', '', '2011-06-03 08:52:19', 'OFF', 'OFF'),
(7837522, 75, '1009070066', NULL, '2012-08-09 01:52:41', -6.568668, 106.766662, 0, 0, 226, 0, 362944.6, 11, '00000001', '00000000', NULL, 0, NULL, NULL, 0, 0, 7837076, 7837523, 0, NULL, 0.00, NULL, 0.00, NULL, NULL, '2012-08-09 08:52:41', 'Kerub Head Office', '2011-06-03 08:52:28', 'OFF', 'ON'),
(7837523, 75, '1009070066', NULL, '2012-08-09 01:52:41', -6.568668, 106.766662, 0, 0, 226, 0, 362944.6, 11, '00000000', '00000000', NULL, 0, NULL, NULL, 0, 0, 7837522, 7837524, 0, NULL, 0.00, NULL, 0.00, NULL, NULL, '2012-08-09 08:52:41', 'Kerub Head Office', '2011-06-03 08:52:31', 'OFF', 'OFF'),
(7837524, 75, '1009070066', NULL, '2012-08-09 01:52:41', -6.568865, 106.76688, 0, 0, 227, 4, 362944.6, 2, '00000000', '00000000', NULL, 0, NULL, NULL, 0, 0, 7837523, 7837602, 0, NULL, 0.00, NULL, 0.00, NULL, NULL, '2012-08-09 08:52:41', 'Kerub Head Office', '2011-06-03 08:52:34', 'OFF', 'OFF'),
(7837525, 20, '1009070010', NULL, '2012-08-09 01:52:53', -6.63566, 106.793212, 0, 124, 346, 7, 165858.1, 2, '00000001', '00000000', NULL, 0, NULL, NULL, 0, 0, 7837503, 7837536, 0, NULL, 0.00, NULL, 0.00, NULL, NULL, '2012-08-09 08:52:53', '', '2011-06-03 08:52:38', 'OFF', 'ON'),
(7837526, 76, '1009070067', NULL, '2012-08-09 01:52:55', -6.65029, 106.896633, 6, 92, 609, 4, 176793.9, 2, '00000001', '00000000', NULL, 0, NULL, NULL, 0, 0.899999999994179, 7837504, 7837552, 0, NULL, 0.00, NULL, 0.00, NULL, NULL, '2012-08-09 08:52:55', '', '2011-06-03 08:52:42', 'OFF', 'ON'),
(7837527, 68, '1009070059', NULL, '2012-08-09 01:53:05', -6.33193, 107.139148, 0, 85, 57, 9, 323958.2, 11, '00000000', '00000000', NULL, 0, NULL, NULL, 0, 0, 7837517, 7837529, 0, NULL, 0.00, NULL, 0.00, NULL, NULL, '2012-08-09 08:53:05', '', '2011-06-03 08:52:51', 'OFF', 'OFF'),
(7837528, 82, '1009070073', NULL, '2012-08-09 01:53:09', -6.713925, 106.948233, 0, 350, 1121, 8, 26685, 2, '00000001', '00000000', NULL, 0, NULL, NULL, 0, 0, 7837505, 7837553, 0, NULL, 0.00, NULL, 0.00, NULL, NULL, '2012-08-09 08:53:09', '', '2011-06-03 08:52:55', 'OFF', 'ON'),
(7837529, 68, '1009070059', NULL, '2012-08-09 01:53:10', -6.33193, 107.139148, 0, 85, 57, 9, 323958.2, 11, '00000001', '00000000', NULL, 0, NULL, NULL, 0, 0, 7837527, 7837531, 0, NULL, 0.00, NULL, 0.00, NULL, NULL, '2012-08-09 08:53:10', '', '2011-06-03 08:52:58', 'OFF', 'ON'),
(7837530, 58, '1009070049', NULL, '2012-08-09 01:53:10', -7.604527, 110.206803, 0, 275, 275, 9, 137220.5, 11, '00000000', '00000000', NULL, 0, NULL, NULL, 0, 0, 7837512, 7837542, 0, NULL, 0.00, NULL, 0.00, NULL, NULL, '2012-08-09 08:53:10', '', '2011-06-03 08:53:01', 'OFF', 'OFF'),
(7837531, 68, '1009070059', NULL, '2012-08-09 01:53:14', -6.33193, 107.139148, 0, 85, 57, 9, 323958.2, 11, '00000000', '00000000', NULL, 0, NULL, NULL, 0, 0, 7837529, NULL, 0, NULL, 0.00, NULL, 0.00, NULL, NULL, '2012-08-09 08:53:14', '', '2011-06-03 08:53:05', 'OFF', 'OFF'),
(7837532, 84, '1009070075', NULL, '2012-08-09 01:53:21', -7.604547, 110.206905, 0, 346, 267, 8, 153872.5, 2, '00000000', '00000000', NULL, 0, NULL, NULL, 0, 0, 7837521, 7837788, 0, NULL, 0.00, NULL, 0.00, NULL, NULL, '2012-08-09 08:53:21', '', '2011-06-03 08:53:08', 'OFF', 'OFF'),
(7837533, 73, '1009070064', NULL, '2012-08-09 01:53:24', -6.714103, 106.948742, 0, 177, 1134, 8, 309144.4, 2, '00000001', '00000000', NULL, 0, NULL, NULL, 0, 0.100000000034925, 7837507, 7837554, 0, NULL, 0.00, NULL, 0.00, NULL, NULL, '2012-08-09 08:53:24', '', '2011-06-03 08:53:12', 'OFF', 'ON'),
(7837534, 530, '1009080001', NULL, '2012-08-09 01:53:31', -6.411998, 106.897743, 18, 2, 118, 9, 156.5, 2, '00000001', '00000000', NULL, 0, NULL, NULL, 0, 4.09999999999999, 7837508, 7837555, 0, NULL, 0.00, NULL, 0.00, NULL, NULL, '2012-08-09 08:53:31', '', '2011-06-03 08:53:16', 'DISABLE', 'ON'),
(7837535, 150, '1009070138', NULL, '2012-08-09 01:53:51', -6.650272, 106.897048, 5, 84, 616, 8, 105529.6, 2, '00000001', '00000000', NULL, 0, NULL, NULL, 0, 0.700000000011641, 7837509, 7837556, 0, NULL, 0.00, NULL, 0.00, NULL, NULL, '2012-08-09 08:53:51', '', '2011-06-03 08:53:36', 'OFF', 'ON'),
(7837536, 20, '1009070010', NULL, '2012-08-09 01:54:52', -6.63566, 106.793212, 0, 124, 346, 9, 165858.1, 11, '00000000', '00000000', NULL, 0, NULL, NULL, 0, 0, 7837525, 7837537, 0, NULL, 0.00, NULL, 0.00, NULL, NULL, '2012-08-09 08:54:52', '', '2011-06-03 08:54:39', 'OFF', 'OFF'),
(7837537, 20, '1009070010', NULL, '2012-08-09 01:54:52', -6.63566, 106.793212, 0, 124, 346, 9, 165858.1, 61, '00000000', '00000000', NULL, 0, NULL, NULL, 0, 0, 7837536, 7837538, 0, NULL, 0.00, NULL, 0.00, NULL, NULL, '2012-08-09 08:54:52', '', '2011-06-03 08:54:42', 'OFF', 'OFF'),
(7837538, 20, '1009070010', NULL, '2012-08-09 01:54:55', -6.63566, 106.793212, 0, 124, 346, 9, 165858.1, 11, '00000001', '00000000', NULL, 0, NULL, NULL, 0, 0, 7837537, 7837539, 0, NULL, 0.00, NULL, 0.00, NULL, NULL, '2012-08-09 08:54:55', '', '2011-06-03 08:54:46', 'OFF', 'ON'),
(7837539, 20, '1009070010', NULL, '2012-08-09 01:54:59', -6.63566, 106.793212, 0, 124, 346, 9, 165858.1, 11, '00000000', '00000000', NULL, 0, NULL, NULL, 0, 0, 7837538, 7837551, 0, NULL, 0.00, NULL, 0.00, NULL, NULL, '2012-08-09 08:54:59', '', '2011-06-03 08:54:49', 'OFF', 'OFF'),
(7837540, 87, '1009070078', NULL, '2012-08-09 01:55:03', -6.34849, 107.204665, 69, 115, 59, 8, 1760.9, 2, '00000001', '00000000', NULL, 0, NULL, NULL, 0, 6.90000000000009, 7837510, 7837557, 0, NULL, 0.00, NULL, 0.00, NULL, NULL, '2012-08-09 08:55:03', '', '2011-06-03 08:54:52', 'OFF', 'ON'),
(7837541, 81, '1009070072', NULL, '2012-08-09 01:55:05', -6.691473, 107.435668, 48, 191, 605, 7, 155897.1, 2, '00000001', '00000000', NULL, 0, NULL, NULL, 0, 4.80000000001746, 7837511, 7837558, 0, NULL, 0.00, NULL, 0.00, NULL, NULL, '2012-08-09 08:55:05', '', '2011-06-03 08:54:55', 'OFF', 'ON'),
(7837542, 58, '1009070049', NULL, '2012-08-09 01:55:12', -7.604527, 110.206803, 0, 275, 275, 9, 137220.5, 2, '00000000', '00000000', NULL, 0, NULL, NULL, 0, 0, 7837530, 7837783, 0, NULL, 0.00, NULL, 0.00, NULL, NULL, '2012-08-09 08:55:12', '', '2011-06-03 08:54:59', 'OFF', 'OFF'),
(7837543, 77, '1009070068', NULL, '2012-08-09 01:55:15', -6.128853, 106.832703, 0, 343, 31, 9, 291938.3, 2, '00000001', '00000000', NULL, 0, NULL, NULL, 0, 0.099999999976717, 7837513, 7837559, 0, NULL, 0.00, NULL, 0.00, NULL, NULL, '2012-08-09 08:55:15', 'Ancol', '2011-06-03 08:55:02', 'OFF', 'ON'),
(7837544, 296, '1009070283', NULL, '2012-08-09 01:55:49', -6.604325, 107.425657, 0, 169, 296, 8, 76043.7, 2, '00000001', '00000000', NULL, 0, NULL, NULL, 0, 0.5, 7837514, 7837560, 0, NULL, 0.00, NULL, 0.00, NULL, NULL, '2012-08-09 08:55:49', '', '2011-06-03 08:55:34', 'OFF', 'ON'),
(7837545, 271, '1009070258', NULL, '2012-08-09 01:56:09', -6.331922, 107.13929, 0, 87, 50, 9, 77543.1, 2, '00000000', '00000000', NULL, 0, NULL, NULL, 0, 0, 7837515, 7837561, 0, NULL, 0.00, NULL, 0.00, NULL, NULL, '2012-08-09 08:56:09', '', '2011-06-03 08:55:54', 'OFF', 'OFF'),
(7837546, 525, '1009070396', NULL, '2012-08-09 01:56:16', -6.568625, 106.766788, 0, 51, 226, 8, 807.5, 2, '00000001', '00000000', NULL, 0, NULL, NULL, 0, 0, 7837516, 7837562, 0, NULL, 0.00, NULL, 0.00, NULL, NULL, '2012-08-09 08:56:16', 'Kerub Head Office', '2011-06-03 08:56:01', 'OFF', 'ON'),
(7837547, 151, '1009070139', NULL, '2012-08-09 01:56:43', -6.650155, 106.898903, 24, 86, 618, 9, 101613.2, 2, '00000001', '00000000', NULL, 0, NULL, NULL, 0, 0.30000000000291, 7837518, 7837564, 0, NULL, 0.00, NULL, 0.00, NULL, NULL, '2012-08-09 08:56:43', '', '2011-06-03 08:56:29', 'OFF', 'ON'),
(7837548, 80, '1009070071', NULL, '2012-08-09 01:56:53', -6.656457, 106.916555, 0, 149, 695, 7, 185844.6, 2, '00000001', '00000000', NULL, 0, NULL, NULL, 0, 0, 7837519, 7837550, 0, NULL, 0.00, NULL, 0.00, NULL, NULL, '2012-08-09 08:56:53', '', '2011-06-03 08:56:38', 'OFF', 'ON'),
(7837549, 71, '1009070062', NULL, '2012-08-09 01:57:03', -6.650787, 106.892313, 0, 84, 617, 9, 182441, 2, '00000001', '00000000', NULL, 0, NULL, NULL, 0, 0.700000000011641, 7837520, 7837566, 0, NULL, 0.00, NULL, 0.00, NULL, NULL, '2012-08-09 08:57:03', '', '2011-06-03 08:56:48', 'OFF', 'ON'),
(7837550, 80, '1009070071', NULL, '2012-08-09 01:57:35', -6.656457, 106.916555, 0, 149, 695, 7, 185844.6, 60, '00000001', '00000000', NULL, 0, NULL, NULL, 0, 0, 7837548, 7837565, 0, NULL, 0.00, NULL, 0.00, NULL, NULL, '2012-08-09 08:57:35', '', '2011-06-03 08:57:21', 'OFF', 'ON'),
(7837551, 20, '1009070010', NULL, '2012-08-09 01:57:53', -6.63566, 106.793212, 0, 124, 346, 9, 165858.1, 2, '00000000', '00000000', NULL, 0, NULL, NULL, 0, 0, 7837539, NULL, 0, NULL, 0.00, NULL, 0.00, NULL, NULL, '2012-08-09 08:57:53', '', '2011-06-03 08:57:38', 'OFF', 'OFF'),
(7837552, 76, '1009070067', NULL, '2012-08-09 01:57:55', -6.649813, 106.902517, 13, 85, 632, 5, 176794.5, 2, '00000001', '00000000', NULL, 0, NULL, NULL, 0, 0.600000000005821, 7837526, 7837567, 0, NULL, 0.00, NULL, 0.00, NULL, NULL, '2012-08-09 08:57:55', '', '2011-06-03 08:57:42', 'OFF', 'ON'),
(7837553, 82, '1009070073', NULL, '2012-08-09 01:58:09', -6.713925, 106.948233, 0, 350, 1121, 8, 26685, 2, '00000001', '00000000', NULL, 0, NULL, NULL, 0, 0, 7837528, 7837584, 0, NULL, 0.00, NULL, 0.00, NULL, NULL, '2012-08-09 08:58:09', '', '2011-06-03 08:57:54', 'OFF', 'ON'),
(7837554, 73, '1009070064', NULL, '2012-08-09 01:58:24', -6.71432, 106.948873, 0, 134, 1132, 8, 309144.4, 2, '00000001', '00000000', NULL, 0, NULL, NULL, 0, 0, 7837533, 7837585, 0, NULL, 0.00, NULL, 0.00, NULL, NULL, '2012-08-09 08:58:24', '', '2011-06-03 08:58:09', 'OFF', 'ON'),
(7837555, 530, '1009080001', NULL, '2012-08-09 01:58:31', -6.37662, 106.896307, 61, 359, 101, 9, 160.5, 2, '00000001', '00000000', NULL, 0, NULL, NULL, 0, 4, 7837534, 7837569, 0, NULL, 0.00, NULL, 0.00, NULL, NULL, '2012-08-09 08:58:31', '', '2011-06-03 08:58:16', 'DISABLE', 'ON'),
(7837556, 150, '1009070138', NULL, '2012-08-09 01:58:51', -6.650153, 106.903705, 0, 107, 637, 9, 105530.3, 2, '00000001', '00000000', NULL, 0, NULL, NULL, 0, 0.69999999999709, 7837535, 7837570, 0, NULL, 0.00, NULL, 0.00, NULL, NULL, '2012-08-09 08:58:51', '', '2011-06-03 08:58:36', 'OFF', 'ON'),
(7837557, 87, '1009070078', NULL, '2012-08-09 02:00:03', -6.348652, 107.264513, 82, 93, 65, 8, 1767.8, 2, '00000001', '00000000', NULL, 0, NULL, NULL, 0, 6.89999999999986, 7837540, 7837575, 0, NULL, 0.00, NULL, 0.00, NULL, NULL, '2012-08-09 09:00:03', '', '2011-06-03 08:59:48', 'OFF', 'ON'),
(7837558, 81, '1009070072', NULL, '2012-08-09 02:00:05', -6.736058, 107.437213, 68, 183, 633, 6, 155902.2, 2, '00000001', '00000000', NULL, 0, NULL, NULL, 0, 5.10000000000582, 7837541, 7837571, 0, NULL, 0.00, NULL, 0.00, NULL, NULL, '2012-08-09 09:00:05', '', '2011-06-03 08:59:52', 'OFF', 'ON'),
(7837559, 77, '1009070068', NULL, '2012-08-09 02:00:15', -6.128853, 106.832703, 0, 343, 31, 8, 291938.3, 2, '00000001', '00000000', NULL, 0, NULL, NULL, 0, 0, 7837543, 7837563, 0, NULL, 0.00, NULL, 0.00, NULL, NULL, '2012-08-09 09:00:15', 'Ancol', '2011-06-03 09:00:00', 'OFF', 'ON'),
(7837560, 296, '1009070283', NULL, '2012-08-09 02:00:49', -6.604325, 107.425657, 0, 169, 296, 8, 76043.7, 2, '00000001', '00000000', NULL, 0, NULL, NULL, 0, 0, 7837544, 7837568, 0, NULL, 0.00, NULL, 0.00, NULL, NULL, '2012-08-09 09:00:49', '', '2011-06-03 09:00:34', 'OFF', 'ON'),
(7837561, 271, '1009070258', NULL, '2012-08-09 02:01:09', -6.331922, 107.13929, 0, 87, 50, 7, 77543.1, 2, '00000000', '00000000', NULL, 0, NULL, NULL, 0, 0, 7837545, 7837577, 0, NULL, 0.00, NULL, 0.00, NULL, NULL, '2012-08-09 09:01:09', '', '2011-06-03 09:00:54', 'OFF', 'OFF'),
(7837562, 525, '1009070396', NULL, '2012-08-09 02:01:16', -6.568625, 106.766788, 0, 51, 226, 8, 807.5, 2, '00000001', '00000000', NULL, 0, NULL, NULL, 0, 0, 7837546, 7837578, 0, NULL, 0.00, NULL, 0.00, NULL, NULL, '2012-08-09 09:01:16', 'Kerub Head Office', '2011-06-03 09:01:01', 'OFF', 'ON'),
(7837563, 77, '1009070068', NULL, '2012-08-09 02:01:31', -6.128853, 106.832703, 0, 343, 31, 8, 291938.3, 60, '00000001', '00000000', NULL, 0, NULL, NULL, 0, 0, 7837559, 7837572, 0, NULL, 0.00, NULL, 0.00, NULL, NULL, '2012-08-09 09:01:31', 'Ancol', '2011-06-03 09:01:17', 'OFF', 'ON'),
(7837564, 151, '1009070139', NULL, '2012-08-09 02:01:43', -6.650963, 106.905758, 15, 107, 650, 8, 101613.9, 2, '00000001', '00000000', NULL, 0, NULL, NULL, 0, 0.69999999999709, 7837547, 7837580, 0, NULL, 0.00, NULL, 0.00, NULL, NULL, '2012-08-09 09:01:43', '', '2011-06-03 09:01:28', 'OFF', 'ON'),
(7837565, 80, '1009070071', NULL, '2012-08-09 02:01:53', -6.656457, 106.916555, 0, 149, 695, 8, 185844.6, 2, '00000001', '00000000', NULL, 0, NULL, NULL, 0, 0, 7837550, 7837581, 0, NULL, 0.00, NULL, 0.00, NULL, NULL, '2012-08-09 09:01:53', '', '2011-06-03 09:01:38', 'OFF', 'ON'),
(7837566, 71, '1009070062', NULL, '2012-08-09 02:02:03', -6.65009, 106.899505, 7, 87, 629, 8, 182441.7, 2, '00000001', '00000000', NULL, 0, NULL, NULL, 0, 0.700000000011641, 7837549, 7837582, 0, NULL, 0.00, NULL, 0.00, NULL, NULL, '2012-08-09 09:02:03', '', '2011-06-03 09:01:48', 'OFF', 'ON'),
(7837567, 76, '1009070067', NULL, '2012-08-09 02:02:55', -6.658583, 106.913683, 16, 133, 703, 6, 176796.1, 2, '00000001', '00000000', NULL, 0, NULL, NULL, 0, 1.60000000000582, 7837552, 7837583, 0, NULL, 0.00, NULL, 0.00, NULL, NULL, '2012-08-09 09:02:55', '', '2011-06-03 09:02:40', 'OFF', 'ON'),
(7837568, 296, '1009070283', NULL, '2012-08-09 02:03:09', -6.604325, 107.425657, 0, 169, 296, 8, 76043.7, 60, '00000001', '00000000', NULL, 0, NULL, NULL, 0, 0, 7837560, 7837573, 0, NULL, 0.00, NULL, 0.00, NULL, NULL, '2012-08-09 09:03:09', '', '2011-06-03 09:02:55', 'OFF', 'ON'),
(7837569, 530, '1009080001', NULL, '2012-08-09 02:03:31', -6.334823, 106.887883, 20, 349, 74, 8, 165.2, 2, '00000001', '00000000', NULL, 0, NULL, NULL, 0, 4.69999999999999, 7837555, 7837586, 0, NULL, 0.00, NULL, 0.00, NULL, NULL, '2012-08-09 09:03:31', '', '2011-06-03 09:03:16', 'DISABLE', 'ON'),
(7837570, 150, '1009070138', NULL, '2012-08-09 02:03:51', -6.659773, 106.915255, 32, 125, 722, 8, 105532, 2, '00000001', '00000000', NULL, 0, NULL, NULL, 0, 1.69999999999709, 7837556, 7837587, 0, NULL, 0.00, NULL, 0.00, NULL, NULL, '2012-08-09 09:03:51', '', '2011-06-03 09:03:38', 'OFF', 'ON'),
(7837571, 81, '1009070072', NULL, '2012-08-09 02:05:05', -6.792847, 107.44403, 86, 166, 560, 7, 155908.7, 2, '00000001', '00000000', NULL, 0, NULL, NULL, 0, 6.5, 7837558, 7837608, 0, NULL, 0.00, NULL, 0.00, NULL, NULL, '2012-08-09 09:05:05', '', '2011-06-03 09:04:50', 'OFF', 'ON'),
(7837572, 77, '1009070068', NULL, '2012-08-09 02:05:15', -6.128853, 106.832703, 0, 343, 31, 8, 291938.3, 2, '00000001', '00000000', NULL, 0, NULL, NULL, 0, 0, 7837563, 7837579, 0, NULL, 0.00, NULL, 0.00, NULL, NULL, '2012-08-09 09:05:15', 'Ancol', '2011-06-03 09:05:00', 'OFF', 'ON'),
(7837573, 296, '1009070283', NULL, '2012-08-09 02:05:49', -6.60446, 107.425642, 7, 212, 294, 8, 76043.7, 2, '00000001', '00000000', NULL, 0, NULL, NULL, 0, 0, 7837568, 7837574, 0, NULL, 0.00, NULL, 0.00, NULL, NULL, '2012-08-09 09:05:49', '', '2011-06-03 09:05:34', 'OFF', 'ON'),
(7837574, 296, '1009070283', NULL, '2012-08-09 02:06:05', -6.60476, 107.425423, 11, 222, 295, 8, 76043.7, 61, '00000001', '00000000', NULL, 0, NULL, NULL, 0, 0, 7837573, 7837590, 0, NULL, 0.00, NULL, 0.00, NULL, NULL, '2012-08-09 09:06:05', '', '2011-06-03 09:05:51', 'OFF', 'ON'),
(7837575, 87, '1009070078', NULL, '2012-08-09 02:05:03', -6.35384, 107.327738, 84, 104, 40, 8, 1774.9, 2, '00000001', '00000000', NULL, 0, NULL, NULL, 0, 7.10000000000014, 7837557, 7837576, 0, NULL, 0.00, NULL, 0.00, NULL, NULL, '2012-08-09 09:05:03', '', '2011-06-03 09:05:55', 'OFF', 'ON'),
(7837576, 87, '1009070078', NULL, '2012-08-09 02:05:03', -6.35384, 107.327738, 84, 104, 40, 8, 1774.9, 2, '00000001', '00000000', NULL, 0, NULL, NULL, 0, 0, 7837575, 7837588, 0, NULL, 0.00, NULL, 0.00, NULL, NULL, '2012-08-09 09:05:03', '', '2011-06-03 09:05:58', 'OFF', 'ON'),
(7837577, 271, '1009070258', NULL, '2012-08-09 02:06:09', -6.331922, 107.13929, 0, 87, 50, 8, 77543.1, 2, '00000000', '00000000', NULL, 0, NULL, NULL, 0, 0, 7837561, 7837611, 0, NULL, 0.00, NULL, 0.00, NULL, NULL, '2012-08-09 09:06:09', '', '2011-06-03 09:06:01', 'OFF', 'OFF'),
(7837578, 525, '1009070396', NULL, '2012-08-09 02:06:16', -6.568625, 106.766788, 0, 51, 226, 7, 807.5, 2, '00000001', '00000000', NULL, 0, NULL, NULL, 0, 0, 7837562, 7837591, 0, NULL, 0.00, NULL, 0.00, NULL, NULL, '2012-08-09 09:06:16', 'Kerub Head Office', '2011-06-03 09:06:04', 'OFF', 'ON'),
(7837579, 77, '1009070068', NULL, '2012-08-09 02:06:21', -6.128348, 106.832828, 11, 0, 23, 8, 291938.4, 61, '00000001', '00000000', NULL, 0, NULL, NULL, 0, 0.100000000034925, 7837572, 7837589, 0, NULL, 0.00, NULL, 0.00, NULL, NULL, '2012-08-09 09:06:21', 'Ancol', '2011-06-03 09:06:08', 'OFF', 'ON'),
(7837580, 151, '1009070139', NULL, '2012-08-09 02:06:43', -6.665182, 106.921797, 47, 137, 785, 8, 101616.3, 2, '00000001', '00000000', NULL, 0, NULL, NULL, 0, 2.40000000000873, 7837564, 7837592, 0, NULL, 0.00, NULL, 0.00, NULL, NULL, '2012-08-09 09:06:43', '', '2011-06-03 09:06:28', 'OFF', 'ON'),
(7837581, 80, '1009070071', NULL, '2012-08-09 02:06:53', -6.656457, 106.916555, 0, 149, 695, 8, 185844.6, 2, '00000001', '00000000', NULL, 0, NULL, NULL, 0, 0, 7837565, 7837593, 0, NULL, 0.00, NULL, 0.00, NULL, NULL, '2012-08-09 09:06:53', '', '2011-06-03 09:06:38', 'OFF', 'ON'),
(7837582, 71, '1009070062', NULL, '2012-08-09 02:07:03', -6.649868, 106.90289, 0, 99, 646, 8, 182442, 2, '00000001', '00000000', NULL, 0, NULL, NULL, 0, 0.299999999988358, 7837566, 7837595, 0, NULL, 0.00, NULL, 0.00, NULL, NULL, '2012-08-09 09:07:03', '', '2011-06-03 09:06:48', 'OFF', 'ON'),
(7837583, 76, '1009070067', NULL, '2012-08-09 02:07:55', -6.656455, 106.916403, 3, 232, 696, 7, 176796.6, 2, '00000001', '00000000', NULL, 0, NULL, NULL, 0, 0.5, 7837567, 7837596, 0, NULL, 0.00, NULL, 0.00, NULL, NULL, '2012-08-09 09:07:55', '', '2011-06-03 09:07:40', 'OFF', 'ON'),
(7837584, 82, '1009070073', NULL, '2012-08-09 02:08:09', -6.713925, 106.948233, 0, 350, 1121, 8, 26685, 2, '00000001', '00000000', NULL, 0, NULL, NULL, 0, 0, 7837553, 7837599, 0, NULL, 0.00, NULL, 0.00, NULL, NULL, '2012-08-09 09:08:09', '', '2011-06-03 09:07:54', 'OFF', 'ON'),
(7837585, 73, '1009070064', NULL, '2012-08-09 02:08:24', -6.71432, 106.948873, 0, 134, 1132, 7, 309144.4, 2, '00000001', '00000000', NULL, 0, NULL, NULL, 0, 0, 7837554, 7837600, 0, NULL, 0.00, NULL, 0.00, NULL, NULL, '2012-08-09 09:08:24', '', '2011-06-03 09:08:09', 'OFF', 'ON'),
(7837586, 530, '1009080001', NULL, '2012-08-09 02:08:31', -6.29695, 106.881748, 51, 337, 48, 8, 169.5, 2, '00000001', '00000000', NULL, 0, NULL, NULL, 0, 4.30000000000001, 7837569, 7837601, 0, NULL, 0.00, NULL, 0.00, NULL, NULL, '2012-08-09 09:08:31', '', '2011-06-03 09:08:16', 'DISABLE', 'ON'),
(7837587, 150, '1009070138', NULL, '2012-08-09 02:08:54', -6.676583, 106.929117, 11, 159, 829, 8, 105534.4, 2, '00000001', '00000000', NULL, 0, NULL, NULL, 0, 2.39999999999418, 7837570, 7837604, 0, NULL, 0.00, NULL, 0.00, NULL, NULL, '2012-08-09 09:08:54', '', '2011-06-03 09:08:40', 'OFF', 'ON'),
(7837588, 87, '1009070078', NULL, '2012-08-09 02:10:03', -6.3821, 107.383893, 89, 118, 54, 8, 1781.9, 2, '00000001', '00000000', NULL, 0, NULL, NULL, 0, 7, 7837576, 7837607, 0, NULL, 0.00, NULL, 0.00, NULL, NULL, '2012-08-09 09:10:03', '', '2011-06-03 09:09:48', 'OFF', 'ON'),
(7837589, 77, '1009070068', NULL, '2012-08-09 02:10:15', -6.122258, 106.834355, 20, 180, 19, 8, 291939.8, 2, '00000001', '00000000', NULL, 0, NULL, NULL, 0, 1.39999999996508, 7837579, 7837609, 0, NULL, 0.00, NULL, 0.00, NULL, NULL, '2012-08-09 09:10:15', '', '2011-06-03 09:10:00', 'OFF', 'ON'),
(7837590, 296, '1009070283', NULL, '2012-08-09 02:10:49', -6.641458, 107.428818, 53, 166, 398, 7, 76048.2, 2, '00000001', '00000000', NULL, 0, NULL, NULL, 0, 4.5, 7837574, 7837594, 0, NULL, 0.00, NULL, 0.00, NULL, NULL, '2012-08-09 09:10:49', '', '2011-06-03 09:10:34', 'OFF', 'ON'),
(7837591, 525, '1009070396', NULL, '2012-08-09 02:11:16', -6.568625, 106.766788, 0, 51, 226, 8, 807.5, 2, '00000001', '00000000', NULL, 0, NULL, NULL, 0, 0, 7837578, 7837630, 0, NULL, 0.00, NULL, 0.00, NULL, NULL, '2012-08-09 09:11:16', 'Kerub Head Office', '2011-06-03 09:11:01', 'OFF', 'ON'),
(7837592, 151, '1009070139', NULL, '2012-08-09 02:11:43', -6.677887, 106.929578, 6, 165, 829, 8, 101617.9, 2, '00000001', '00000000', NULL, 0, NULL, NULL, 0, 1.59999999999127, 7837580, 7837613, 0, NULL, 0.00, NULL, 0.00, NULL, NULL, '2012-08-09 09:11:43', '', '2011-06-03 09:11:28', 'OFF', 'ON'),
(7837593, 80, '1009070071', NULL, '2012-08-09 02:11:53', -6.656457, 106.916555, 0, 149, 695, 8, 185844.6, 2, '00000001', '00000000', NULL, 0, NULL, NULL, 0, 0, 7837581, 7837615, 0, NULL, 0.00, NULL, 0.00, NULL, NULL, '2012-08-09 09:11:53', '', '2011-06-03 09:11:38', 'OFF', 'ON'),
(7837594, 296, '1009070283', NULL, '2012-08-09 02:10:49', -6.641458, 107.428818, 53, 166, 398, 7, 76048.2, 2, '00000001', '00000000', NULL, 0, NULL, NULL, 0, 0, 7837590, 7837610, 0, NULL, 0.00, NULL, 0.00, NULL, NULL, '2012-08-09 09:10:49', '', '2011-06-03 09:11:41', 'OFF', 'ON'),
(7837595, 71, '1009070062', NULL, '2012-08-09 02:12:03', -6.666018, 106.922642, 53, 131, 787, 8, 182444.9, 2, '00000001', '00000000', NULL, 0, NULL, NULL, 0, 2.89999999999418, 7837582, 7837616, 0, NULL, 0.00, NULL, 0.00, NULL, NULL, '2012-08-09 09:12:03', '', '2011-06-03 09:11:48', 'OFF', 'ON'),
(7837596, 76, '1009070067', NULL, '2012-08-09 02:12:55', -6.656455, 106.916355, 0, 305, 692, 7, 176796.6, 2, '00000001', '00000000', NULL, 0, NULL, NULL, 0, 0, 7837583, 7837612, 0, NULL, 0.00, NULL, 0.00, NULL, NULL, '2012-08-09 09:12:55', '', '2011-06-03 09:12:40', 'OFF', 'ON'),
(7837597, 88, '1009070079', NULL, '2012-08-09 02:12:56', -6.56873, 106.766617, 0, 78, 228, 0, 204223, 11, '00000001', '00000000', NULL, 0, NULL, NULL, 0, 0, 7837275, 7837598, 0, NULL, 0.00, NULL, 0.00, NULL, NULL, '2012-08-09 09:12:56', 'Kerub Head Office', '2011-06-03 09:12:44', 'OFF', 'ON'),
(7837598, 88, '1009070079', NULL, '2012-08-09 02:12:56', -6.568842, 106.766943, 0, 0, 228, 8, 204223, 2, '00000001', '00000000', NULL, 0, NULL, NULL, 0, 0, 7837597, 7837606, 0, NULL, 0.00, NULL, 0.00, NULL, NULL, '2012-08-09 09:12:56', '', '2011-06-03 09:12:47', 'OFF', 'ON'),
(7837599, 82, '1009070073', NULL, '2012-08-09 02:13:09', -6.713925, 106.948233, 0, 350, 1121, 8, 26685, 2, '00000001', '00000000', NULL, 0, NULL, NULL, 0, 0, 7837584, 7837618, 0, NULL, 0.00, NULL, 0.00, NULL, NULL, '2012-08-09 09:13:09', '', '2011-06-03 09:12:54', 'OFF', 'ON'),
(7837600, 73, '1009070064', NULL, '2012-08-09 02:13:24', -6.71432, 106.948873, 0, 134, 1132, 8, 309144.4, 2, '00000001', '00000000', NULL, 0, NULL, NULL, 0, 0, 7837585, 7837614, 0, NULL, 0.00, NULL, 0.00, NULL, NULL, '2012-08-09 09:13:24', '', '2011-06-03 09:13:09', 'OFF', 'ON'),
(7837601, 530, '1009080001', NULL, '2012-08-09 02:13:31', -6.25988, 106.873152, 54, 358, 44, 8, 173.8, 2, '00000001', '00000000', NULL, 0, NULL, NULL, 0, 4.30000000000001, 7837586, 7837620, 0, NULL, 0.00, NULL, 0.00, NULL, NULL, '2012-08-09 09:13:31', '', '2011-06-03 09:13:16', 'DISABLE', 'ON'),
(7837602, 75, '1009070066', NULL, '2012-08-09 02:13:40', -6.568722, 106.766827, 0, 0, 228, 0, 362944.6, 11, '00000001', '00000000', NULL, 0, NULL, NULL, 0, 0, 7837524, 7837603, 0, NULL, 0.00, NULL, 0.00, NULL, NULL, '2012-08-09 09:13:40', 'Kerub Head Office', '2011-06-03 09:13:27', 'OFF', 'ON'),
(7837603, 75, '1009070066', NULL, '2012-08-09 02:13:40', -6.56878, 106.76668, 0, 0, 243, 5, 362944.6, 2, '00000001', '00000000', NULL, 0, NULL, NULL, 0, 0, 7837602, 7837605, 0, NULL, 0.00, NULL, 0.00, NULL, NULL, '2012-08-09 09:13:40', 'Kerub Head Office', '2011-06-03 09:13:30', 'OFF', 'ON'),
(7837604, 150, '1009070138', NULL, '2012-08-09 02:13:54', -6.68189, 106.933868, 22, 139, 869, 8, 105535.1, 2, '00000001', '00000000', NULL, 0, NULL, NULL, 0, 0.700000000011641, 7837587, 7837621, 0, NULL, 0.00, NULL, 0.00, NULL, NULL, '2012-08-09 09:13:54', '', '2011-06-03 09:13:39', 'OFF', 'ON'),
(7837605, 75, '1009070066', NULL, '2012-08-09 02:14:04', -6.568758, 106.766705, 0, 0, 227, 8, 362944.7, 11, '00000000', '00000000', NULL, 0, NULL, NULL, 0, 0.100000000034925, 7837603, 7837792, 0, NULL, 0.00, NULL, 0.00, NULL, NULL, '2012-08-09 09:14:04', 'Kerub Head Office', '2011-06-03 09:13:50', 'OFF', 'OFF'),
(7837606, 88, '1009070079', NULL, '2012-08-09 02:14:08', -6.568638, 106.76654, 0, 77, 233, 7, 204223.1, 11, '00000000', '00000000', NULL, 0, NULL, NULL, 0, 0.100000000005821, 7837598, 7837836, 0, NULL, 0.00, NULL, 0.00, NULL, NULL, '2012-08-09 09:14:08', 'Kerub Head Office', '2011-06-03 09:13:54', 'OFF', 'OFF'),
(7837607, 87, '1009070078', NULL, '2012-08-09 02:15:03', -6.426692, 107.42492, 80, 178, 90, 8, 1789.1, 2, '00000001', '00000000', NULL, 0, NULL, NULL, 0, 7.19999999999982, 7837588, 7837626, 0, NULL, 0.00, NULL, 0.00, NULL, NULL, '2012-08-09 09:15:03', '', '2011-06-03 09:14:48', 'OFF', 'ON'),
(7837608, 81, '1009070072', NULL, '2012-08-09 02:15:05', -6.85439, 107.5051, 93, 188, 723, 7, 155919.1, 2, '00000001', '00000000', NULL, 0, NULL, NULL, 0, 10.3999999999942, 7837571, 7837637, 0, NULL, 0.00, NULL, 0.00, NULL, NULL, '2012-08-09 09:15:05', '', '2011-06-03 09:14:51', 'OFF', 'ON'),
(7837609, 77, '1009070068', NULL, '2012-08-09 02:15:15', -6.125223, 106.842025, 0, 208, 23, 8, 291941.1, 2, '00000001', '00000000', NULL, 0, NULL, NULL, 0, 1.29999999998836, 7837589, 7837627, 0, NULL, 0.00, NULL, 0.00, NULL, NULL, '2012-08-09 09:15:15', '', '2011-06-03 09:15:00', 'OFF', 'ON'),
(7837610, 296, '1009070283', NULL, '2012-08-09 02:15:49', -6.67753, 107.439288, 56, 186, 560, 8, 76053.1, 2, '00000001', '00000000', NULL, 0, NULL, NULL, 0, 4.90000000000873, 7837594, 7837628, 0, NULL, 0.00, NULL, 0.00, NULL, NULL, '2012-08-09 09:15:49', '', '2011-06-03 09:15:34', 'OFF', 'ON'),
(7837611, 271, '1009070258', NULL, '2012-08-09 02:16:09', -6.331922, 107.13929, 0, 87, 50, 8, 77543.1, 2, '00000000', '00000000', NULL, 0, NULL, NULL, 0, 0, 7837577, 7837629, 0, NULL, 0.00, NULL, 0.00, NULL, NULL, '2012-08-09 09:16:09', '', '2011-06-03 09:15:54', 'OFF', 'OFF'),
(7837612, 76, '1009070067', NULL, '2012-08-09 02:16:34', -6.656455, 106.916355, 0, 305, 692, 7, 176796.6, 60, '00000001', '00000000', NULL, 0, NULL, NULL, 0, 0, 7837596, 7837617, 0, NULL, 0.00, NULL, 0.00, NULL, NULL, '2012-08-09 09:16:34', '', '2011-06-03 09:16:20', 'OFF', 'ON'),
(7837613, 151, '1009070139', NULL, '2012-08-09 02:16:43', -6.686873, 106.937547, 41, 119, 922, 8, 101619.3, 2, '00000001', '00000000', NULL, 0, NULL, NULL, 0, 1.40000000000873, 7837592, 7837631, 0, NULL, 0.00, NULL, 0.00, NULL, NULL, '2012-08-09 09:16:43', '', '2011-06-03 09:16:28', 'OFF', 'ON'),
(7837614, 73, '1009070064', NULL, '2012-08-09 02:16:47', -6.715435, 106.949323, 11, 178, 1146, 8, 309144.5, 61, '00000001', '00000000', NULL, 0, NULL, NULL, 0, 0.099999999976717, 7837600, 7837619, 0, NULL, 0.00, NULL, 0.00, NULL, NULL, '2012-08-09 09:16:47', '', '2011-06-03 09:16:33', 'OFF', 'ON'),
(7837615, 80, '1009070071', NULL, '2012-08-09 02:16:53', -6.656457, 106.916555, 0, 149, 695, 7, 185844.6, 2, '00000001', '00000000', NULL, 0, NULL, NULL, 0, 0, 7837593, 7837622, 0, NULL, 0.00, NULL, 0.00, NULL, NULL, '2012-08-09 09:16:53', '', '2011-06-03 09:16:38', 'OFF', 'ON'),
(7837616, 71, '1009070062', NULL, '2012-08-09 02:17:03', -6.679515, 106.930822, 29, 104, 848, 8, 182446.6, 2, '00000001', '00000000', NULL, 0, NULL, NULL, 0, 1.70000000001164, 7837595, 7837633, 0, NULL, 0.00, NULL, 0.00, NULL, NULL, '2012-08-09 09:17:03', '', '2011-06-03 09:16:48', 'OFF', 'ON'),
(7837617, 76, '1009070067', NULL, '2012-08-09 02:17:55', -6.656455, 106.916355, 0, 305, 692, 7, 176796.6, 2, '00000001', '00000000', NULL, 0, NULL, NULL, 0, 0, 7837612, 7837638, 0, NULL, 0.00, NULL, 0.00, NULL, NULL, '2012-08-09 09:17:55', '', '2011-06-03 09:17:40', 'OFF', 'ON'),
(7837618, 82, '1009070073', NULL, '2012-08-09 02:18:09', -6.715622, 106.949342, 0, 187, 1138, 8, 26685.2, 2, '00000001', '00000000', NULL, 0, NULL, NULL, 0, 0.200000000000728, 7837599, 7837639, 0, NULL, 0.00, NULL, 0.00, NULL, NULL, '2012-08-09 09:18:09', '', '2011-06-03 09:17:54', 'OFF', 'ON'),
(7837619, 73, '1009070064', NULL, '2012-08-09 02:18:24', -6.715187, 106.94989, 4, 72, 1154, 8, 309144.6, 2, '00000001', '00000000', NULL, 0, NULL, NULL, 0, 0.099999999976717, 7837614, 7837640, 0, NULL, 0.00, NULL, 0.00, NULL, NULL, '2012-08-09 09:18:24', '', '2011-06-03 09:18:09', 'OFF', 'ON'),
(7837620, 530, '1009080001', NULL, '2012-08-09 02:18:31', -6.220643, 106.874313, 43, 357, 47, 8, 178.4, 2, '00000001', '00000000', NULL, 0, NULL, NULL, 0, 4.59999999999999, 7837601, 7837641, 0, NULL, 0.00, NULL, 0.00, NULL, NULL, '2012-08-09 09:18:31', '', '2011-06-03 09:18:16', 'DISABLE', 'ON'),
(7837621, 150, '1009070138', NULL, '2012-08-09 02:18:54', -6.695257, 106.944145, 42, 177, 981, 8, 105537.1, 2, '00000001', '00000000', NULL, 0, NULL, NULL, 0, 2, 7837604, 7837642, 0, NULL, 0.00, NULL, 0.00, NULL, NULL, '2012-08-09 09:18:54', '', '2011-06-03 09:18:39', 'OFF', 'ON'),
(7837622, 80, '1009070071', NULL, '2012-08-09 02:19:19', -6.656457, 106.916555, 0, 149, 695, 7, 185844.6, 11, '00000000', '00000000', NULL, 0, NULL, NULL, 0, 0, 7837615, 7837623, 0, NULL, 0.00, NULL, 0.00, NULL, NULL, '2012-08-09 09:19:19', '', '2011-06-03 09:19:05', 'OFF', 'OFF'),
(7837623, 80, '1009070071', NULL, '2012-08-09 02:19:19', -6.656457, 106.916555, 0, 149, 695, 7, 185844.6, 61, '00000000', '00000000', NULL, 0, NULL, NULL, 0, 0, 7837622, 7837624, 0, NULL, 0.00, NULL, 0.00, NULL, NULL, '2012-08-09 09:19:19', '', '2011-06-03 09:19:09', 'OFF', 'OFF'),
(7837624, 80, '1009070071', NULL, '2012-08-09 02:19:21', -6.656457, 106.916555, 0, 149, 695, 8, 185844.6, 11, '00000001', '00000000', NULL, 0, NULL, NULL, 0, 0, 7837623, 7837625, 0, NULL, 0.00, NULL, 0.00, NULL, NULL, '2012-08-09 09:19:21', '', '2011-06-03 09:19:13', 'OFF', 'ON'),
(7837625, 80, '1009070071', NULL, '2012-08-09 02:19:25', -6.656457, 106.916555, 0, 149, 695, 8, 185844.6, 11, '00000000', '00000000', NULL, 0, NULL, NULL, 0, 0, 7837624, 7837632, 0, NULL, 0.00, NULL, 0.00, NULL, NULL, '2012-08-09 09:19:25', '', '2011-06-03 09:19:16', 'OFF', 'OFF'),
(7837626, 87, '1009070078', NULL, '2012-08-09 02:20:03', -6.464212, 107.444313, 0, 77, 99, 8, 1794.4, 2, '00000001', '00000000', NULL, 0, NULL, NULL, 0, 5.30000000000018, 7837607, 7837643, 0, NULL, 0.00, NULL, 0.00, NULL, NULL, '2012-08-09 09:20:03', '', '2011-06-03 09:19:48', 'OFF', 'ON'),
(7837627, 77, '1009070068', NULL, '2012-08-09 02:20:15', -6.127125, 106.84179, 0, 136, 22, 8, 291941.8, 2, '00000001', '00000000', NULL, 0, NULL, NULL, 0, 0.700000000011641, 7837609, 7837634, 0, NULL, 0.00, NULL, 0.00, NULL, NULL, '2012-08-09 09:20:15', '', '2011-06-03 09:20:01', 'OFF', 'ON'),
(7837628, 296, '1009070283', NULL, '2012-08-09 02:20:49', -6.725177, 107.434933, 77, 159, 651, 7, 76058.6, 2, '00000001', '00000000', NULL, 0, NULL, NULL, 0, 5.5, 7837610, 7837646, 0, NULL, 0.00, NULL, 0.00, NULL, NULL, '2012-08-09 09:20:49', '', '2011-06-03 09:20:34', 'OFF', 'ON'),
(7837629, 271, '1009070258', NULL, '2012-08-09 02:21:09', -6.331922, 107.13929, 0, 87, 50, 6, 77543.1, 2, '00000000', '00000000', NULL, 0, NULL, NULL, 0, 0, 7837611, 7837647, 0, NULL, 0.00, NULL, 0.00, NULL, NULL, '2012-08-09 09:21:09', '', '2011-06-03 09:20:54', 'OFF', 'OFF'),
(7837630, 525, '1009070396', NULL, '2012-08-09 02:21:16', -6.568625, 106.766788, 0, 51, 226, 8, 807.5, 2, '00000001', '00000000', NULL, 0, NULL, NULL, 0, 0, 7837591, 7837648, 0, NULL, 0.00, NULL, 0.00, NULL, NULL, '2012-08-09 09:21:16', 'Kerub Head Office', '2011-06-03 09:21:01', 'OFF', 'ON'),
(7837631, 151, '1009070139', NULL, '2012-08-09 02:21:43', -6.704317, 106.94588, 29, 161, 1031, 8, 101621.6, 2, '00000001', '00000000', NULL, 0, NULL, NULL, 0, 2.30000000000291, 7837613, 7837649, 0, NULL, 0.00, NULL, 0.00, NULL, NULL, '2012-08-09 09:21:43', '', '2011-06-03 09:21:29', 'OFF', 'ON'),
(7837632, 80, '1009070071', NULL, '2012-08-09 02:21:53', -6.656457, 106.916555, 0, 149, 695, 8, 185844.6, 2, '00000000', '00000000', NULL, 0, NULL, NULL, 0, 0, 7837625, NULL, 0, NULL, 0.00, NULL, 0.00, NULL, NULL, '2012-08-09 09:21:53', '', '2011-06-03 09:21:40', 'OFF', 'OFF'),
(7837633, 71, '1009070062', NULL, '2012-08-09 02:22:03', -6.691248, 106.942912, 36, 164, 957, 8, 182448.6, 2, '00000001', '00000000', NULL, 0, NULL, NULL, 0, 2, 7837616, 7837650, 0, NULL, 0.00, NULL, 0.00, NULL, NULL, '2012-08-09 09:22:03', '', '2011-06-03 09:21:50', 'OFF', 'ON'),
(7837634, 77, '1009070068', NULL, '2012-08-09 02:22:31', -6.127125, 106.84179, 0, 136, 22, 8, 291941.8, 11, '00000000', '00000000', NULL, 0, NULL, NULL, 0, 0, 7837627, 7837635, 0, NULL, 0.00, NULL, 0.00, NULL, NULL, '2012-08-09 09:22:31', '', '2011-06-03 09:22:17', 'OFF', 'OFF'),
(7837635, 77, '1009070068', NULL, '2012-08-09 02:22:34', -6.127125, 106.84179, 0, 136, 22, 8, 291941.8, 11, '00000001', '00000000', NULL, 0, NULL, NULL, 0, 0, 7837634, 7837636, 0, NULL, 0.00, NULL, 0.00, NULL, NULL, '2012-08-09 09:22:34', '', '2011-06-03 09:22:20', 'OFF', 'ON'),
(7837636, 77, '1009070068', NULL, '2012-08-09 02:22:38', -6.127125, 106.84179, 0, 136, 22, 8, 291941.8, 11, '00000000', '00000000', NULL, 0, NULL, NULL, 0, 0, 7837635, 7837645, 0, NULL, 0.00, NULL, 0.00, NULL, NULL, '2012-08-09 09:22:38', '', '2011-06-03 09:22:24', 'OFF', 'OFF'),
(7837637, 81, '1009070072', NULL, '2012-08-09 02:20:05', -6.906812, 107.536752, 80, 142, 734, 6, 155926.1, 2, '00000001', '00000000', NULL, 0, NULL, NULL, 0, 7, 7837608, 7837644, 0, NULL, 0.00, NULL, 0.00, NULL, NULL, '2012-08-09 09:20:05', '', '2011-06-03 09:22:28', 'OFF', 'ON'),
(7837638, 76, '1009070067', NULL, '2012-08-09 02:22:55', -6.656455, 106.916355, 0, 305, 692, 8, 176796.6, 2, '00000001', '00000000', NULL, 0, NULL, NULL, 0, 0, 7837617, 7837651, 0, NULL, 0.00, NULL, 0.00, NULL, NULL, '2012-08-09 09:22:55', '', '2011-06-03 09:22:40', 'OFF', 'ON'),
(7837639, 82, '1009070073', NULL, '2012-08-09 02:23:09', -6.716337, 106.951632, 7, 124, 1168, 8, 26685.6, 2, '00000001', '00000000', NULL, 0, NULL, NULL, 0, 0.399999999997817, 7837618, 7837653, 0, NULL, 0.00, NULL, 0.00, NULL, NULL, '2012-08-09 09:23:09', '', '2011-06-03 09:22:54', 'OFF', 'ON'),
(7837640, 73, '1009070064', NULL, '2012-08-09 02:23:24', -6.716773, 106.951848, 0, 222, 1168, 8, 309145, 2, '00000001', '00000000', NULL, 0, NULL, NULL, 0, 0.400000000023283, 7837619, 7837652, 0, NULL, 0.00, NULL, 0.00, NULL, NULL, '2012-08-09 09:23:24', '', '2011-06-03 09:23:09', 'OFF', 'ON'),
(7837641, 530, '1009080001', NULL, '2012-08-09 02:23:31', -6.186142, 106.875393, 44, 2, 40, 8, 182.2, 2, '00000001', '00000000', NULL, 0, NULL, NULL, 0, 3.79999999999998, 7837620, 7837655, 0, NULL, 0.00, NULL, 0.00, NULL, NULL, '2012-08-09 09:23:31', '', '2011-06-03 09:23:16', 'DISABLE', 'ON'),
(7837642, 150, '1009070138', NULL, '2012-08-09 02:23:54', -6.712995, 106.947265, 0, 140, 1124, 6, 105539.1, 2, '00000001', '00000000', NULL, 0, NULL, NULL, 0, 2, 7837621, 7837656, 0, NULL, 0.00, NULL, 0.00, NULL, NULL, '2012-08-09 09:23:54', '', '2011-06-03 09:23:39', 'OFF', 'ON'),
(7837643, 87, '1009070078', NULL, '2012-08-09 02:25:03', -6.464212, 107.444313, 0, 77, 99, 8, 1794.4, 2, '00000001', '00000000', NULL, 0, NULL, NULL, 0, 0, 7837626, 7837658, 0, NULL, 0.00, NULL, 0.00, NULL, NULL, '2012-08-09 09:25:03', '', '2011-06-03 09:24:48', 'OFF', 'ON'),
(7837644, 81, '1009070072', NULL, '2012-08-09 02:25:05', -6.952853, 107.565662, 75, 118, 699, 6, 155932.3, 2, '00000001', '00000000', NULL, 0, NULL, NULL, 0, 6.19999999998254, 7837637, 7837659, 0, NULL, 0.00, NULL, 0.00, NULL, NULL, '2012-08-09 09:25:05', '', '2011-06-03 09:24:52', 'OFF', 'ON'),
(7837645, 77, '1009070068', NULL, '2012-08-09 02:25:15', -6.127125, 106.84179, 0, 136, 22, 8, 291941.8, 2, '00000000', '00000000', NULL, 0, NULL, NULL, 0, 0, 7837636, 7837748, 0, NULL, 0.00, NULL, 0.00, NULL, NULL, '2012-08-09 09:25:15', '', '2011-06-03 09:25:00', 'OFF', 'OFF'),
(7837646, 296, '1009070283', NULL, '2012-08-09 02:25:49', -6.78502, 107.442262, 87, 149, 561, 7, 76065.5, 2, '00000001', '00000000', NULL, 0, NULL, NULL, 0, 6.89999999999418, 7837628, 7837661, 0, NULL, 0.00, NULL, 0.00, NULL, NULL, '2012-08-09 09:25:49', '', '2011-06-03 09:25:34', 'OFF', 'ON'),
(7837647, 271, '1009070258', NULL, '2012-08-09 02:26:09', -6.331922, 107.13929, 0, 87, 50, 7, 77543.1, 2, '00000000', '00000000', NULL, 0, NULL, NULL, 0, 0, 7837629, 7837663, 0, NULL, 0.00, NULL, 0.00, NULL, NULL, '2012-08-09 09:26:09', '', '2011-06-03 09:25:54', 'OFF', 'OFF'),
(7837648, 525, '1009070396', NULL, '2012-08-09 02:26:16', -6.568625, 106.766788, 0, 51, 226, 8, 807.5, 2, '00000001', '00000000', NULL, 0, NULL, NULL, 0, 0, 7837630, 7837665, 0, NULL, 0.00, NULL, 0.00, NULL, NULL, '2012-08-09 09:26:16', 'Kerub Head Office', '2011-06-03 09:26:01', 'OFF', 'ON'),
(7837649, 151, '1009070139', NULL, '2012-08-09 02:26:43', -6.712687, 106.947115, 0, 152, 1116, 8, 101622.6, 2, '00000001', '00000000', NULL, 0, NULL, NULL, 0, 1, 7837631, 7837666, 0, NULL, 0.00, NULL, 0.00, NULL, NULL, '2012-08-09 09:26:43', '', '2011-06-03 09:26:28', 'OFF', 'ON'),
(7837650, 71, '1009070062', NULL, '2012-08-09 02:27:03', -6.711975, 106.946838, 25, 157, 1101, 7, 182451, 2, '00000001', '00000000', NULL, 0, NULL, NULL, 0, 2.39999999999418, 7837633, 7837667, 0, NULL, 0.00, NULL, 0.00, NULL, NULL, '2012-08-09 09:27:03', '', '2011-06-03 09:26:48', 'OFF', 'ON'),
(7837651, 76, '1009070067', NULL, '2012-08-09 02:27:55', -6.656455, 106.916355, 0, 305, 692, 8, 176796.6, 2, '00000001', '00000000', NULL, 0, NULL, NULL, 0, 0, 7837638, 7837668, 0, NULL, 0.00, NULL, 0.00, NULL, NULL, '2012-08-09 09:27:55', '', '2011-06-03 09:27:41', 'OFF', 'ON'),
(7837652, 73, '1009070064', NULL, '2012-08-09 02:27:56', -6.717368, 106.951312, 0, 144, 1171, 7, 309145.2, 60, '00000001', '00000000', NULL, 0, NULL, NULL, 0, 0.200000000011642, 7837640, 7837654, 0, NULL, 0.00, NULL, 0.00, NULL, NULL, '2012-08-09 09:27:56', '', '2011-06-03 09:27:45', 'OFF', 'ON'),
(7837653, 82, '1009070073', NULL, '2012-08-09 02:28:09', -6.716637, 106.950832, 0, 185, 1161, 7, 26685.8, 2, '00000001', '00000000', NULL, 0, NULL, NULL, 0, 0.200000000000728, 7837639, 7837662, 0, NULL, 0.00, NULL, 0.00, NULL, NULL, '2012-08-09 09:28:09', '', '2011-06-03 09:27:55', 'OFF', 'ON'),
(7837654, 73, '1009070064', NULL, '2012-08-09 02:28:24', -6.717368, 106.951312, 0, 144, 1171, 8, 309145.2, 2, '00000001', '00000000', NULL, 0, NULL, NULL, 0, 0, 7837652, 7837657, 0, NULL, 0.00, NULL, 0.00, NULL, NULL, '2012-08-09 09:28:24', '', '2011-06-03 09:28:09', 'OFF', 'ON'),
(7837655, 530, '1009080001', NULL, '2012-08-09 02:28:31', -6.152055, 106.887675, 65, 29, 42, 8, 186.3, 2, '00000001', '00000000', NULL, 0, NULL, NULL, 0, 4.10000000000002, 7837641, 7837671, 0, NULL, 0.00, NULL, 0.00, NULL, NULL, '2012-08-09 09:28:31', '', '2011-06-03 09:28:16', 'DISABLE', 'ON'),
(7837656, 150, '1009070138', NULL, '2012-08-09 02:28:54', -6.713478, 106.947068, 0, 245, 1121, 8, 105539.2, 2, '00000001', '00000000', NULL, 0, NULL, NULL, 0, 0.0999999999912689, 7837642, 7837672, 0, NULL, 0.00, NULL, 0.00, NULL, NULL, '2012-08-09 09:28:54', '', '2011-06-03 09:28:39', 'OFF', 'ON'),
(7837657, 73, '1009070064', NULL, '2012-08-09 02:29:19', -6.717735, 106.952067, 11, 94, 1167, 8, 309145.3, 61, '00000001', '00000000', NULL, 0, NULL, NULL, 0, 0.099999999976717, 7837654, 7837670, 0, NULL, 0.00, NULL, 0.00, NULL, NULL, '2012-08-09 09:29:19', '', '2011-06-03 09:29:04', 'OFF', 'ON'),
(7837658, 87, '1009070078', NULL, '2012-08-09 02:30:03', -6.464212, 107.444313, 0, 77, 99, 8, 1794.4, 2, '00000001', '00000000', NULL, 0, NULL, NULL, 0, 0, 7837643, 7837660, 0, NULL, 0.00, NULL, 0.00, NULL, NULL, '2012-08-09 09:30:03', '', '2011-06-03 09:29:48', 'OFF', 'ON'),
(7837659, 81, '1009070072', NULL, '2012-08-09 02:30:05', -6.961378, 107.618957, 83, 107, 696, 7, 155938.5, 2, '00000001', '00000000', NULL, 0, NULL, NULL, 0, 6.20000000001164, 7837644, 7837675, 0, NULL, 0.00, NULL, 0.00, NULL, NULL, '2012-08-09 09:30:05', '', '2011-06-03 09:29:51', 'OFF', 'ON'),
(7837660, 87, '1009070078', NULL, '2012-08-09 02:30:12', -6.464212, 107.444313, 0, 77, 99, 8, 1794.4, 60, '00000001', '00000000', NULL, 0, NULL, NULL, 0, 0, 7837658, 7837674, 0, NULL, 0.00, NULL, 0.00, NULL, NULL, '2012-08-09 09:30:12', '', '2011-06-03 09:29:58', 'OFF', 'ON'),
(7837661, 296, '1009070283', NULL, '2012-08-09 02:30:49', -6.820272, 107.483823, 41, 123, 692, 8, 76072, 2, '00000001', '00000000', NULL, 0, NULL, NULL, 0, 6.5, 7837646, 7837677, 0, NULL, 0.00, NULL, 0.00, NULL, NULL, '2012-08-09 09:30:49', '', '2011-06-03 09:30:34', 'OFF', 'ON'),
(7837662, 82, '1009070073', NULL, '2012-08-09 02:31:01', -6.717308, 106.952177, 11, 113, 1170, 8, 26686.1, 61, '00000001', '00000000', NULL, 0, NULL, NULL, 0, 0.299999999999272, 7837653, 7837669, 0, NULL, 0.00, NULL, 0.00, NULL, NULL, '2012-08-09 09:31:01', '', '2011-06-03 09:30:46', 'OFF', 'ON'),
(7837663, 271, '1009070258', NULL, '2012-08-09 02:31:09', -6.331922, 107.13929, 0, 87, 50, 8, 77543.1, 2, '00000000', '00000000', NULL, 0, NULL, NULL, 0, 0, 7837647, 7837678, 0, NULL, 0.00, NULL, 0.00, NULL, NULL, '2012-08-09 09:31:09', '', '2011-06-03 09:30:54', 'OFF', 'OFF'),
(7837664, 72, '1009070063', NULL, '2012-08-09 02:31:12', -6.568825, 106.766688, 0, 0, 236, 6, 356195.5, 2, '00000000', '00000000', NULL, 0, NULL, NULL, 0, 0, 7837002, 7837679, 0, NULL, 0.00, NULL, 0.00, NULL, NULL, '2012-08-09 09:31:12', 'Kerub Head Office', '2011-06-03 09:30:58', 'OFF', 'OFF'),
(7837665, 525, '1009070396', NULL, '2012-08-09 02:31:16', -6.568625, 106.766788, 0, 51, 226, 8, 807.5, 2, '00000001', '00000000', NULL, 0, NULL, NULL, 0, 0, 7837648, 7837680, 0, NULL, 0.00, NULL, 0.00, NULL, NULL, '2012-08-09 09:31:16', 'Kerub Head Office', '2011-06-03 09:31:01', 'OFF', 'ON'),
(7837666, 151, '1009070139', NULL, '2012-08-09 02:31:43', -6.713298, 106.947013, 0, 217, 1115, 8, 101622.7, 2, '00000001', '00000000', NULL, 0, NULL, NULL, 0, 0.0999999999912689, 7837649, 7837676, 0, NULL, 0.00, NULL, 0.00, NULL, NULL, '2012-08-09 09:31:43', '', '2011-06-03 09:31:28', 'OFF', 'ON'),
(7837667, 71, '1009070062', NULL, '2012-08-09 02:32:03', -6.713427, 106.947042, 0, 248, 1122, 7, 182451.2, 2, '00000001', '00000000', NULL, 0, NULL, NULL, 0, 0.200000000011642, 7837650, 7837682, 0, NULL, 0.00, NULL, 0.00, NULL, NULL, '2012-08-09 09:32:03', '', '2011-06-03 09:31:48', 'OFF', 'ON'),
(7837668, 76, '1009070067', NULL, '2012-08-09 02:32:55', -6.656455, 106.916355, 0, 305, 692, 9, 176796.6, 2, '00000001', '00000000', NULL, 0, NULL, NULL, 0, 0, 7837651, 7837683, 0, NULL, 0.00, NULL, 0.00, NULL, NULL, '2012-08-09 09:32:55', '', '2011-06-03 09:32:40', 'OFF', 'ON'),
(7837669, 82, '1009070073', NULL, '2012-08-09 02:33:09', -6.719092, 106.953018, 4, 91, 1198, 8, 26686.4, 2, '00000001', '00000000', NULL, 0, NULL, NULL, 0, 0.30000000000291, 7837662, 7837697, 0, NULL, 0.00, NULL, 0.00, NULL, NULL, '2012-08-09 09:33:09', '', '2011-06-03 09:32:54', 'OFF', 'ON'),
(7837670, 73, '1009070064', NULL, '2012-08-09 02:33:24', -6.719743, 106.952587, 17, 191, 1196, 8, 309146.1, 2, '00000001', '00000000', NULL, 0, NULL, NULL, 0, 0.799999999988359, 7837657, 7837684, 0, NULL, 0.00, NULL, 0.00, NULL, NULL, '2012-08-09 09:33:24', '', '2011-06-03 09:33:09', 'OFF', 'ON'),
(7837671, 530, '1009080001', NULL, '2012-08-09 02:33:31', -6.124497, 106.872027, 59, 280, 38, 9, 191, 2, '00000001', '00000000', NULL, 0, NULL, NULL, 0, 4.69999999999999, 7837655, 7837685, 0, NULL, 0.00, NULL, 0.00, NULL, NULL, '2012-08-09 09:33:31', '', '2011-06-03 09:33:16', 'DISABLE', 'ON'),
(7837672, 150, '1009070138', NULL, '2012-08-09 02:33:54', -6.713478, 106.947068, 0, 245, 1121, 8, 105539.2, 2, '00000001', '00000000', NULL, 0, NULL, NULL, 0, 0, 7837656, 7837673, 0, NULL, 0.00, NULL, 0.00, NULL, NULL, '2012-08-09 09:33:54', '', '2011-06-03 09:33:39', 'OFF', 'ON'),
(7837673, 150, '1009070138', NULL, '2012-08-09 02:34:42', -6.713478, 106.947068, 0, 245, 1121, 8, 105539.2, 60, '00000001', '00000000', NULL, 0, NULL, NULL, 0, 0, 7837672, 7837686, 0, NULL, 0.00, NULL, 0.00, NULL, NULL, '2012-08-09 09:34:42', '', '2011-06-03 09:34:28', 'OFF', 'ON'),
(7837674, 87, '1009070078', NULL, '2012-08-09 02:35:03', -6.464212, 107.444313, 0, 77, 99, 8, 1794.4, 2, '00000001', '00000000', NULL, 0, NULL, NULL, 0, 0, 7837660, 7837687, 0, NULL, 0.00, NULL, 0.00, NULL, NULL, '2012-08-09 09:35:03', '', '2011-06-03 09:34:48', 'OFF', 'ON'),
(7837675, 81, '1009070072', NULL, '2012-08-09 02:35:05', -6.968402, 107.679488, 70, 96, 689, 8, 155945.4, 2, '00000001', '00000000', NULL, 0, NULL, NULL, 0, 6.89999999999418, 7837659, 7837689, 0, NULL, 0.00, NULL, 0.00, NULL, NULL, '2012-08-09 09:35:05', '', '2011-06-03 09:34:51', 'OFF', 'ON'),
(7837676, 151, '1009070139', NULL, '2012-08-09 02:35:21', -6.713298, 106.947013, 0, 217, 1115, 8, 101622.7, 60, '00000001', '00000000', NULL, 0, NULL, NULL, 0, 0, 7837666, 7837681, 0, NULL, 0.00, NULL, 0.00, NULL, NULL, '2012-08-09 09:35:21', '', '2011-06-03 09:35:07', 'OFF', 'ON'),
(7837677, 296, '1009070283', NULL, '2012-08-09 02:35:49', -6.858397, 107.504865, 78, 177, 702, 7, 76077.2, 2, '00000001', '00000000', NULL, 0, NULL, NULL, 0, 5.19999999999709, 7837661, 7837719, 0, NULL, 0.00, NULL, 0.00, NULL, NULL, '2012-08-09 09:35:49', '', '2011-06-03 09:35:34', 'OFF', 'ON'),
(7837678, 271, '1009070258', NULL, '2012-08-09 02:36:09', -6.331922, 107.13929, 0, 87, 50, 9, 77543.1, 2, '00000000', '00000000', NULL, 0, NULL, NULL, 0, 0, 7837663, 7837691, 0, NULL, 0.00, NULL, 0.00, NULL, NULL, '2012-08-09 09:36:09', '', '2011-06-03 09:35:54', 'OFF', 'OFF'),
(7837679, 72, '1009070063', NULL, '2012-08-09 02:36:12', -6.568897, 106.766705, 0, 0, 197, 9, 356195.5, 2, '00000000', '00000000', NULL, 0, NULL, NULL, 0, 0, 7837664, 7837692, 0, NULL, 0.00, NULL, 0.00, NULL, NULL, '2012-08-09 09:36:12', 'Kerub Head Office', '2011-06-03 09:35:57', 'OFF', 'OFF'),
(7837680, 525, '1009070396', NULL, '2012-08-09 02:36:16', -6.568625, 106.766788, 0, 51, 226, 9, 807.5, 2, '00000001', '00000000', NULL, 0, NULL, NULL, 0, 0, 7837665, 7837693, 0, NULL, 0.00, NULL, 0.00, NULL, NULL, '2012-08-09 09:36:16', 'Kerub Head Office', '2011-06-03 09:36:02', 'OFF', 'ON'),
(7837681, 151, '1009070139', NULL, '2012-08-09 02:36:43', -6.713298, 106.947013, 0, 217, 1115, 8, 101622.7, 2, '00000001', '00000000', NULL, 0, NULL, NULL, 0, 0, 7837676, 7837694, 0, NULL, 0.00, NULL, 0.00, NULL, NULL, '2012-08-09 09:36:43', '', '2011-06-03 09:36:30', 'OFF', 'ON'),
(7837682, 71, '1009070062', NULL, '2012-08-09 02:37:03', -6.713427, 106.947042, 0, 248, 1122, 7, 182451.2, 2, '00000001', '00000000', NULL, 0, NULL, NULL, 0, 0, 7837667, 7837690, 0, NULL, 0.00, NULL, 0.00, NULL, NULL, '2012-08-09 09:37:03', '', '2011-06-03 09:36:48', 'OFF', 'ON'),
(7837683, 76, '1009070067', NULL, '2012-08-09 02:37:55', -6.656455, 106.916355, 0, 305, 692, 8, 176796.6, 2, '00000001', '00000000', NULL, 0, NULL, NULL, 0, 0, 7837668, 7837696, 0, NULL, 0.00, NULL, 0.00, NULL, NULL, '2012-08-09 09:37:55', '', '2011-06-03 09:37:40', 'OFF', 'ON'),
(7837684, 73, '1009070064', NULL, '2012-08-09 02:38:24', -6.72189, 106.954112, 4, 155, 1239, 8, 309146.5, 2, '00000001', '00000000', NULL, 0, NULL, NULL, 0, 0.400000000023283, 7837670, 7837698, 0, NULL, 0.00, NULL, 0.00, NULL, NULL, '2012-08-09 09:38:24', '', '2011-06-03 09:38:09', 'OFF', 'ON'),
(7837685, 530, '1009080001', NULL, '2012-08-09 02:38:31', -6.127092, 106.849317, 7, 248, 32, 9, 193.6, 2, '00000001', '00000000', NULL, 0, NULL, NULL, 0, 2.59999999999999, 7837671, 7837699, 0, NULL, 0.00, NULL, 0.00, NULL, NULL, '2012-08-09 09:38:31', '', '2011-06-03 09:38:16', 'DISABLE', 'ON'),
(7837686, 150, '1009070138', NULL, '2012-08-09 02:38:54', -6.713478, 106.947068, 0, 245, 1121, 8, 105539.2, 2, '00000001', '00000000', NULL, 0, NULL, NULL, 0, 0, 7837673, 7837700, 0, NULL, 0.00, NULL, 0.00, NULL, NULL, '2012-08-09 09:38:54', '', '2011-06-03 09:38:39', 'OFF', 'ON'),
(7837687, 87, '1009070078', NULL, '2012-08-09 02:39:36', -6.464218, 107.444387, 11, 101, 107, 9, 1794.4, 61, '00000001', '00000000', NULL, 0, NULL, NULL, 0, 0, 7837674, 7837688, 0, NULL, 0.00, NULL, 0.00, NULL, NULL, '2012-08-09 09:39:36', '', '2011-06-03 09:39:22', 'OFF', 'ON'),
(7837688, 87, '1009070078', NULL, '2012-08-09 02:40:03', -6.46534, 107.445467, 26, 152, 106, 8, 1794.5, 2, '00000001', '00000000', NULL, 0, NULL, NULL, 0, 0.0999999999999091, 7837687, 7837701, 0, NULL, 0.00, NULL, 0.00, NULL, NULL, '2012-08-09 09:40:03', '', '2011-06-03 09:39:48', 'OFF', 'ON'),
(7837689, 81, '1009070072', NULL, '2012-08-09 02:40:05', -6.955032, 107.728573, 59, 62, 694, 8, 155951.2, 2, '00000001', '00000000', NULL, 0, NULL, NULL, 0, 5.80000000001746, 7837675, 7837702, 0, NULL, 0.00, NULL, 0.00, NULL, NULL, '2012-08-09 09:40:05', '', '2011-06-03 09:39:51', 'OFF', 'ON');
INSERT INTO `gps_track` (`id`, `device_id`, `unit_id`, `tag`, `gps_time`, `latitude`, `longitude`, `speed`, `heading`, `altitude`, `satellite`, `mileage`, `report_id`, `input_flags`, `output_flags`, `device_status`, `is_from_sms`, `driver_id`, `location`, `initial_mileage`, `mileage_distance`, `prev_id`, `next_id`, `reverse_geo_attempt`, `analog_input1`, `analog_input1_value`, `analog_input2`, `analog_input2_value`, `rfid_tag`, `barcode`, `local_time`, `landmark_name`, `created_date`, `sos_status`, `acc_status`) VALUES
(7837690, 71, '1009070062', NULL, '2012-08-09 02:40:42', -6.713427, 106.947042, 0, 248, 1122, 8, 182451.2, 60, '00000001', '00000000', NULL, 0, NULL, NULL, 0, 0, 7837682, 7837695, 0, NULL, 0.00, NULL, 0.00, NULL, NULL, '2012-08-09 09:40:42', '', '2011-06-03 09:40:28', 'OFF', 'ON'),
(7837691, 271, '1009070258', NULL, '2012-08-09 02:41:09', -6.331922, 107.13929, 0, 87, 50, 9, 77543.1, 2, '00000000', '00000000', NULL, 0, NULL, NULL, 0, 0, 7837678, 7837703, 0, NULL, 0.00, NULL, 0.00, NULL, NULL, '2012-08-09 09:41:09', '', '2011-06-03 09:40:54', 'OFF', 'OFF'),
(7837692, 72, '1009070063', NULL, '2012-08-09 02:41:12', -6.568897, 106.766705, 0, 0, 197, 8, 356195.5, 2, '00000000', '00000000', NULL, 0, NULL, NULL, 0, 0, 7837679, NULL, 0, NULL, 0.00, NULL, 0.00, NULL, NULL, '2012-08-09 09:41:12', 'Kerub Head Office', '2011-06-03 09:40:58', 'OFF', 'OFF'),
(7837693, 525, '1009070396', NULL, '2012-08-09 02:41:16', -6.568625, 106.766788, 0, 51, 226, 8, 807.5, 2, '00000001', '00000000', NULL, 0, NULL, NULL, 0, 0, 7837680, 7837704, 0, NULL, 0.00, NULL, 0.00, NULL, NULL, '2012-08-09 09:41:16', 'Kerub Head Office', '2011-06-03 09:41:01', 'OFF', 'ON'),
(7837694, 151, '1009070139', NULL, '2012-08-09 02:41:43', -6.713298, 106.947013, 0, 217, 1115, 8, 101622.7, 2, '00000001', '00000000', NULL, 0, NULL, NULL, 0, 0, 7837681, 7837705, 0, NULL, 0.00, NULL, 0.00, NULL, NULL, '2012-08-09 09:41:43', '', '2011-06-03 09:41:28', 'OFF', 'ON'),
(7837695, 71, '1009070062', NULL, '2012-08-09 02:42:03', -6.713427, 106.947042, 0, 248, 1122, 7, 182451.2, 2, '00000001', '00000000', NULL, 0, NULL, NULL, 0, 0, 7837690, 7837707, 0, NULL, 0.00, NULL, 0.00, NULL, NULL, '2012-08-09 09:42:03', '', '2011-06-03 09:41:48', 'OFF', 'ON'),
(7837696, 76, '1009070067', NULL, '2012-08-09 02:42:55', -6.656455, 106.916355, 0, 305, 692, 9, 176796.6, 2, '00000001', '00000000', NULL, 0, NULL, NULL, 0, 0, 7837683, 7837709, 0, NULL, 0.00, NULL, 0.00, NULL, NULL, '2012-08-09 09:42:55', '', '2011-06-03 09:42:40', 'OFF', 'ON'),
(7837697, 82, '1009070073', NULL, '2012-08-09 02:43:09', -6.722693, 106.95488, 4, 237, 1241, 8, 26687.3, 2, '00000001', '00000000', NULL, 0, NULL, NULL, 0, 0.899999999997817, 7837669, 7837710, 0, NULL, 0.00, NULL, 0.00, NULL, NULL, '2012-08-09 09:43:09', '', '2011-06-03 09:42:54', 'OFF', 'ON'),
(7837698, 73, '1009070064', NULL, '2012-08-09 02:43:24', -6.722758, 106.954132, 0, 260, 1245, 8, 309146.8, 2, '00000001', '00000000', NULL, 0, NULL, NULL, 0, 0.299999999988358, 7837684, 7837706, 0, NULL, 0.00, NULL, 0.00, NULL, NULL, '2012-08-09 09:43:24', '', '2011-06-03 09:43:10', 'OFF', 'ON'),
(7837699, 530, '1009080001', NULL, '2012-08-09 02:43:31', -6.124905, 106.853872, 19, 84, 3, 8, 195.2, 2, '00000001', '00000000', NULL, 0, NULL, NULL, 0, 1.59999999999999, 7837685, 7837712, 0, NULL, 0.00, NULL, 0.00, NULL, NULL, '2012-08-09 09:43:31', '', '2011-06-03 09:43:16', 'DISABLE', 'ON'),
(7837700, 150, '1009070138', NULL, '2012-08-09 02:43:54', -6.713478, 106.947068, 0, 245, 1121, 8, 105539.2, 2, '00000001', '00000000', NULL, 0, NULL, NULL, 0, 0, 7837686, 7837714, 0, NULL, 0.00, NULL, 0.00, NULL, NULL, '2012-08-09 09:43:54', '', '2011-06-03 09:43:39', 'OFF', 'ON'),
(7837701, 87, '1009070078', NULL, '2012-08-09 02:45:03', -6.521588, 107.434902, 90, 208, 100, 9, 1801.2, 2, '00000001', '00000000', NULL, 0, NULL, NULL, 0, 6.70000000000005, 7837688, 7837717, 0, NULL, 0.00, NULL, 0.00, NULL, NULL, '2012-08-09 09:45:03', '', '2011-06-03 09:44:50', 'OFF', 'ON'),
(7837702, 81, '1009070072', NULL, '2012-08-09 02:45:05', -6.944672, 107.748442, 0, 58, 704, 8, 155953.7, 2, '00000001', '00000000', NULL, 0, NULL, NULL, 0, 2.5, 7837689, 7837718, 0, NULL, 0.00, NULL, 0.00, NULL, NULL, '2012-08-09 09:45:05', '', '2011-06-03 09:44:53', 'OFF', 'ON'),
(7837703, 271, '1009070258', NULL, '2012-08-09 02:46:09', -6.331922, 107.13929, 0, 87, 50, 9, 77543.1, 2, '00000000', '00000000', NULL, 0, NULL, NULL, 0, 0, 7837691, 7837723, 0, NULL, 0.00, NULL, 0.00, NULL, NULL, '2012-08-09 09:46:09', '', '2011-06-03 09:45:54', 'OFF', 'OFF'),
(7837704, 525, '1009070396', NULL, '2012-08-09 02:46:16', -6.568625, 106.766788, 0, 51, 226, 9, 807.5, 2, '00000001', '00000000', NULL, 0, NULL, NULL, 0, 0, 7837693, 7837724, 0, NULL, 0.00, NULL, 0.00, NULL, NULL, '2012-08-09 09:46:16', 'Kerub Head Office', '2011-06-03 09:46:03', 'OFF', 'ON'),
(7837705, 151, '1009070139', NULL, '2012-08-09 02:46:43', -6.713298, 106.947013, 0, 217, 1115, 7, 101622.7, 2, '00000001', '00000000', NULL, 0, NULL, NULL, 0, 0, 7837694, 7837725, 0, NULL, 0.00, NULL, 0.00, NULL, NULL, '2012-08-09 09:46:43', '', '2011-06-03 09:46:28', 'OFF', 'ON'),
(7837706, 73, '1009070064', NULL, '2012-08-09 02:46:52', -6.722145, 106.95299, 4, 73, 1236, 8, 309147, 60, '00000001', '00000000', NULL, 0, NULL, NULL, 0, 0.200000000011642, 7837698, 7837708, 0, NULL, 0.00, NULL, 0.00, NULL, NULL, '2012-08-09 09:46:52', '', '2011-06-03 09:46:38', 'OFF', 'ON'),
(7837707, 71, '1009070062', NULL, '2012-08-09 02:47:03', -6.713427, 106.947042, 0, 248, 1122, 8, 182451.2, 2, '00000001', '00000000', NULL, 0, NULL, NULL, 0, 0, 7837695, 7837716, 0, NULL, 0.00, NULL, 0.00, NULL, NULL, '2012-08-09 09:47:03', '', '2011-06-03 09:46:48', 'OFF', 'ON'),
(7837708, 73, '1009070064', NULL, '2012-08-09 02:47:45', -6.722028, 106.953373, 11, 92, 1234, 8, 309147, 61, '00000001', '00000000', NULL, 0, NULL, NULL, 0, 0, 7837706, 7837711, 0, NULL, 0.00, NULL, 0.00, NULL, NULL, '2012-08-09 09:47:45', '', '2011-06-03 09:47:31', 'OFF', 'ON'),
(7837709, 76, '1009070067', NULL, '2012-08-09 02:47:55', -6.656455, 106.916355, 0, 305, 692, 8, 176796.6, 2, '00000001', '00000000', NULL, 0, NULL, NULL, 0, 0, 7837696, 7837728, 0, NULL, 0.00, NULL, 0.00, NULL, NULL, '2012-08-09 09:47:55', '', '2011-06-03 09:47:40', 'OFF', 'ON'),
(7837710, 82, '1009070073', NULL, '2012-08-09 02:48:09', -6.722833, 106.953727, 0, 251, 1243, 8, 26687.4, 2, '00000001', '00000000', NULL, 0, NULL, NULL, 0, 0.100000000002183, 7837697, 7837713, 0, NULL, 0.00, NULL, 0.00, NULL, NULL, '2012-08-09 09:48:09', '', '2011-06-03 09:47:54', 'OFF', 'ON'),
(7837711, 73, '1009070064', NULL, '2012-08-09 02:48:24', -6.722153, 106.95398, 0, 357, 1237, 8, 309147.1, 2, '00000001', '00000000', NULL, 0, NULL, NULL, 0, 0.099999999976717, 7837708, 7837730, 0, NULL, 0.00, NULL, 0.00, NULL, NULL, '2012-08-09 09:48:24', '', '2011-06-03 09:48:09', 'OFF', 'ON'),
(7837712, 530, '1009080001', NULL, '2012-08-09 02:48:31', -6.113618, 106.87485, 14, 78, 30, 9, 197.9, 2, '00000001', '00000000', NULL, 0, NULL, NULL, 0, 2.70000000000002, 7837699, 7837731, 0, NULL, 0.00, NULL, 0.00, NULL, NULL, '2012-08-09 09:48:31', '', '2011-06-03 09:48:16', 'DISABLE', 'ON'),
(7837713, 82, '1009070073', NULL, '2012-08-09 02:48:38', -6.722833, 106.953727, 0, 251, 1243, 8, 26687.4, 60, '00000001', '00000000', NULL, 0, NULL, NULL, 0, 0, 7837710, 7837715, 0, NULL, 0.00, NULL, 0.00, NULL, NULL, '2012-08-09 09:48:38', '', '2011-06-03 09:48:24', 'OFF', 'ON'),
(7837714, 150, '1009070138', NULL, '2012-08-09 02:48:54', -6.713763, 106.94752, 10, 170, 1131, 8, 105539.3, 2, '00000001', '00000000', NULL, 0, NULL, NULL, 0, 0.100000000005821, 7837700, 7837722, 0, NULL, 0.00, NULL, 0.00, NULL, NULL, '2012-08-09 09:48:54', '', '2011-06-03 09:48:42', 'OFF', 'ON'),
(7837715, 82, '1009070073', NULL, '2012-08-09 02:48:57', -6.722575, 106.95303, 11, 298, 1242, 8, 26687.5, 61, '00000001', '00000000', NULL, 0, NULL, NULL, 0, 0.0999999999985448, 7837713, 7837729, 0, NULL, 0.00, NULL, 0.00, NULL, NULL, '2012-08-09 09:48:57', '', '2011-06-03 09:48:45', 'OFF', 'ON'),
(7837716, 71, '1009070062', NULL, '2012-08-09 02:49:40', -6.713755, 106.947273, 11, 56, 1127, 8, 182451.2, 61, '00000001', '00000000', NULL, 0, NULL, NULL, 0, 0, 7837707, 7837726, 0, NULL, 0.00, NULL, 0.00, NULL, NULL, '2012-08-09 09:49:40', '', '2011-06-03 09:49:26', 'OFF', 'ON'),
(7837717, 87, '1009070078', NULL, '2012-08-09 02:50:03', -6.576117, 107.43432, 78, 164, 157, 8, 1807.9, 2, '00000001', '00000000', NULL, 0, NULL, NULL, 0, 6.70000000000005, 7837701, 7837734, 0, NULL, 0.00, NULL, 0.00, NULL, NULL, '2012-08-09 09:50:03', '', '2011-06-03 09:49:48', 'OFF', 'ON'),
(7837718, 81, '1009070072', NULL, '2012-08-09 02:50:05', -6.950962, 107.763628, 48, 122, 700, 7, 155956.5, 2, '00000001', '00000000', NULL, 0, NULL, NULL, 0, 2.79999999998836, 7837702, 7837733, 0, NULL, 0.00, NULL, 0.00, NULL, NULL, '2012-08-09 09:50:05', '', '2011-06-03 09:49:52', 'OFF', 'ON'),
(7837719, 296, '1009070283', NULL, '2012-08-09 02:40:49', -6.898673, 107.540482, 82, 79, 754, 8, 76083.7, 2, '00000001', '00000000', NULL, 0, NULL, NULL, 0, 6.5, 7837677, 7837720, 0, NULL, 0.00, NULL, 0.00, NULL, NULL, '2012-08-09 09:40:49', '', '2011-06-03 09:50:36', 'OFF', 'ON'),
(7837720, 296, '1009070283', NULL, '2012-08-09 02:45:49', -6.889692, 107.571422, 13, 99, 788, 8, 76087.5, 2, '00000001', '00000000', NULL, 0, NULL, NULL, 0, 3.80000000000291, 7837719, 7837721, 0, NULL, 0.00, NULL, 0.00, NULL, NULL, '2012-08-09 09:45:49', '', '2011-06-03 09:50:39', 'OFF', 'ON'),
(7837721, 296, '1009070283', NULL, '2012-08-09 02:50:49', -6.890273, 107.574092, 0, 105, 791, 8, 76087.7, 2, '00000001', '00000000', NULL, 0, NULL, NULL, 0, 0.19999999999709, 7837720, 7837735, 0, NULL, 0.00, NULL, 0.00, NULL, NULL, '2012-08-09 09:50:49', '', '2011-06-03 09:50:43', 'OFF', 'ON'),
(7837722, 150, '1009070138', NULL, '2012-08-09 02:51:05', -6.713723, 106.948248, 11, 357, 1127, 8, 105539.4, 61, '00000001', '00000000', NULL, 0, NULL, NULL, 0, 0.0999999999912689, 7837714, 7837732, 0, NULL, 0.00, NULL, 0.00, NULL, NULL, '2012-08-09 09:51:05', '', '2011-06-03 09:50:51', 'OFF', 'ON'),
(7837723, 271, '1009070258', NULL, '2012-08-09 02:51:09', -6.331922, 107.13929, 0, 87, 50, 9, 77543.1, 2, '00000000', '00000000', NULL, 0, NULL, NULL, 0, 0, 7837703, 7837758, 0, NULL, 0.00, NULL, 0.00, NULL, NULL, '2012-08-09 09:51:09', '', '2011-06-03 09:50:55', 'OFF', 'OFF'),
(7837724, 525, '1009070396', NULL, '2012-08-09 02:51:16', -6.568625, 106.766788, 0, 51, 226, 9, 807.5, 2, '00000001', '00000000', NULL, 0, NULL, NULL, 0, 0, 7837704, 7837736, 0, NULL, 0.00, NULL, 0.00, NULL, NULL, '2012-08-09 09:51:16', 'Kerub Head Office', '2011-06-03 09:51:01', 'OFF', 'ON'),
(7837725, 151, '1009070139', NULL, '2012-08-09 02:51:43', -6.714355, 106.947735, 0, 143, 1115, 8, 101622.8, 2, '00000001', '00000000', NULL, 0, NULL, NULL, 0, 0.100000000005821, 7837705, 7837727, 0, NULL, 0.00, NULL, 0.00, NULL, NULL, '2012-08-09 09:51:43', '', '2011-06-03 09:51:28', 'OFF', 'ON'),
(7837726, 71, '1009070062', NULL, '2012-08-09 02:52:03', -6.713593, 106.94829, 13, 48, 1132, 8, 182451.4, 2, '00000001', '00000000', NULL, 0, NULL, NULL, 0, 0.199999999982538, 7837716, 7837744, 0, NULL, 0.00, NULL, 0.00, NULL, NULL, '2012-08-09 09:52:03', '', '2011-06-03 09:51:48', 'OFF', 'ON'),
(7837727, 151, '1009070139', NULL, '2012-08-09 02:52:10', -6.714282, 106.948002, 12, 51, 1120, 8, 101622.9, 61, '00000001', '00000000', NULL, 0, NULL, NULL, 0, 0.0999999999912689, 7837725, 7837743, 0, NULL, 0.00, NULL, 0.00, NULL, NULL, '2012-08-09 09:52:10', '', '2011-06-03 09:51:55', 'OFF', 'ON'),
(7837728, 76, '1009070067', NULL, '2012-08-09 02:52:58', -6.656527, 106.91626, 0, 249, 699, 8, 176796.7, 2, '00000001', '00000000', NULL, 0, NULL, NULL, 0, 0.100000000005821, 7837709, 7837745, 0, NULL, 0.00, NULL, 0.00, NULL, NULL, '2012-08-09 09:52:58', '', '2011-06-03 09:52:43', 'OFF', 'ON'),
(7837729, 82, '1009070073', NULL, '2012-08-09 02:53:09', -6.720668, 106.952388, 0, 160, 1210, 7, 26688, 2, '00000001', '00000000', NULL, 0, NULL, NULL, 0, 0.5, 7837715, 7837747, 0, NULL, 0.00, NULL, 0.00, NULL, NULL, '2012-08-09 09:53:09', '', '2011-06-03 09:52:58', 'OFF', 'ON'),
(7837730, 73, '1009070064', NULL, '2012-08-09 02:53:24', -6.718537, 106.951578, 0, 320, 1192, 8, 309147.8, 2, '00000001', '00000000', NULL, 0, NULL, NULL, 0, 0.700000000011641, 7837711, 7837750, 0, NULL, 0.00, NULL, 0.00, NULL, NULL, '2012-08-09 09:53:24', '', '2011-06-03 09:53:09', 'OFF', 'ON'),
(7837731, 530, '1009080001', NULL, '2012-08-09 02:53:31', -6.113183, 106.8759, 0, 295, 40, 9, 198.1, 2, '00000001', '00000000', NULL, 0, NULL, NULL, 0, 0.199999999999989, 7837712, 7837746, 0, NULL, 0.00, NULL, 0.00, NULL, NULL, '2012-08-09 09:53:31', '', '2011-06-03 09:53:16', 'DISABLE', 'ON'),
(7837732, 150, '1009070138', NULL, '2012-08-09 02:53:54', -6.71442, 106.948917, 0, 149, 1132, 8, 105539.6, 2, '00000001', '00000000', NULL, 0, NULL, NULL, 0, 0.200000000011642, 7837722, 7837752, 0, NULL, 0.00, NULL, 0.00, NULL, NULL, '2012-08-09 09:53:54', '', '2011-06-03 09:53:39', 'OFF', 'ON'),
(7837733, 81, '1009070072', NULL, '2012-08-09 02:55:05', -6.959597, 107.785687, 37, 108, 705, 8, 155959.1, 2, '00000001', '00000000', NULL, 0, NULL, NULL, 0, 2.60000000000582, 7837718, 7837754, 0, NULL, 0.00, NULL, 0.00, NULL, NULL, '2012-08-09 09:55:05', '', '2011-06-03 09:54:50', 'OFF', 'ON'),
(7837734, 87, '1009070078', NULL, '2012-08-09 02:55:03', -6.611608, 107.42147, 78, 181, 286, 9, 1812.2, 2, '00000001', '00000000', NULL, 0, NULL, NULL, 0, 4.29999999999995, 7837717, 7837753, 0, NULL, 0.00, NULL, 0.00, NULL, NULL, '2012-08-09 09:55:03', '', '2011-06-03 09:54:54', 'OFF', 'ON'),
(7837735, 296, '1009070283', NULL, '2012-08-09 02:55:49', -6.892002, 107.58057, 0, 111, 781, 8, 76088.5, 2, '00000001', '00000000', NULL, 0, NULL, NULL, 0, 0.80000000000291, 7837721, 7837755, 0, NULL, 0.00, NULL, 0.00, NULL, NULL, '2012-08-09 09:55:49', '', '2011-06-03 09:55:34', 'OFF', 'ON'),
(7837736, 525, '1009070396', NULL, '2012-08-09 02:56:16', -6.568625, 106.766788, 0, 51, 226, 9, 807.5, 2, '00000001', '00000000', NULL, 0, NULL, NULL, 0, 0, 7837724, 7837759, 0, NULL, 0.00, NULL, 0.00, NULL, NULL, '2012-08-09 09:56:16', 'Kerub Head Office', '2011-06-03 09:56:01', 'OFF', 'ON'),
(7837737, 89, '1009070080', NULL, '2012-08-09 01:26:59', -6.6582, 106.915368, 0, 118, 695, 0, 331822.8, 11, '00000001', '00000000', NULL, 0, NULL, NULL, 0, 0, 7837400, 7837738, 0, NULL, 0.00, NULL, 0.00, NULL, NULL, '2012-08-09 08:26:59', '', '2011-06-03 09:56:04', 'OFF', 'ON'),
(7837738, 89, '1009070080', NULL, '2012-08-09 02:56:23', -6.6582, 106.915368, 0, 118, 695, 0, 331822.8, 11, '00000000', '00000000', NULL, 0, NULL, NULL, 0, 0, 7837737, 7837739, 0, NULL, 0.00, NULL, 0.00, NULL, NULL, '2012-08-09 09:56:23', '', '2011-06-03 09:56:08', 'OFF', 'OFF'),
(7837739, 89, '1009070080', NULL, '2012-08-09 02:56:24', -6.658078, 106.915145, 0, 0, 696, 4, 331822.8, 2, '00000000', '00000000', NULL, 0, NULL, NULL, 0, 0, 7837738, 7837740, 0, NULL, 0.00, NULL, 0.00, NULL, NULL, '2012-08-09 09:56:24', '', '2011-06-03 09:56:12', 'OFF', 'OFF'),
(7837740, 89, '1009070080', NULL, '2012-08-09 02:56:27', -6.657987, 106.915415, 0, 0, 733, 8, 331822.8, 11, '00000001', '00000000', NULL, 0, NULL, NULL, 0, 0, 7837739, 7837741, 0, NULL, 0.00, NULL, 0.00, NULL, NULL, '2012-08-09 09:56:27', '', '2011-06-03 09:56:15', 'OFF', 'ON'),
(7837741, 89, '1009070080', NULL, '2012-08-09 02:56:35', -6.657983, 106.915372, 0, 0, 722, 8, 331822.8, 11, '00000000', '00000000', NULL, 0, NULL, NULL, 0, 0, 7837740, 7837742, 0, NULL, 0.00, NULL, 0.00, NULL, NULL, '2012-08-09 09:56:35', '', '2011-06-03 09:56:21', 'OFF', 'OFF'),
(7837742, 89, '1009070080', NULL, '2012-08-09 02:56:39', -6.657983, 106.915372, 0, 0, 722, 8, 331822.8, 11, '00000001', '00000000', NULL, 0, NULL, NULL, 0, 0, 7837741, 7837760, 0, NULL, 0.00, NULL, 0.00, NULL, NULL, '2012-08-09 09:56:39', '', '2011-06-03 09:56:25', 'OFF', 'ON'),
(7837743, 151, '1009070139', NULL, '2012-08-09 02:56:43', -6.714188, 106.948802, 0, 149, 1129, 8, 101623.1, 2, '00000001', '00000000', NULL, 0, NULL, NULL, 0, 0.200000000011642, 7837727, 7837761, 0, NULL, 0.00, NULL, 0.00, NULL, NULL, '2012-08-09 09:56:43', '', '2011-06-03 09:56:29', 'OFF', 'ON'),
(7837744, 71, '1009070062', NULL, '2012-08-09 02:57:03', -6.714813, 106.949168, 0, 125, 1140, 8, 182451.6, 2, '00000001', '00000000', NULL, 0, NULL, NULL, 0, 0.200000000011642, 7837726, 7837762, 0, NULL, 0.00, NULL, 0.00, NULL, NULL, '2012-08-09 09:57:03', '', '2011-06-03 09:56:48', 'OFF', 'ON'),
(7837745, 76, '1009070067', NULL, '2012-08-09 02:57:58', -6.656527, 106.91626, 0, 249, 699, 9, 176796.7, 2, '00000001', '00000000', NULL, 0, NULL, NULL, 0, 0, 7837728, 7837756, 0, NULL, 0.00, NULL, 0.00, NULL, NULL, '2012-08-09 09:57:58', '', '2011-06-03 09:57:43', 'OFF', 'ON'),
(7837746, 530, '1009080001', NULL, '2012-08-09 02:58:03', -6.11347, 106.875838, 0, 173, 51, 9, 198.2, 11, '00000000', '00000000', NULL, 0, NULL, NULL, 0, 0.0999999999999943, 7837731, 7837751, 0, NULL, 0.00, NULL, 0.00, NULL, NULL, '2012-08-09 09:58:03', '', '2011-06-03 09:57:48', 'DISABLE', 'OFF'),
(7837747, 82, '1009070073', NULL, '2012-08-09 02:58:09', -6.717623, 106.951007, 0, 343, 1174, 8, 26688.4, 2, '00000001', '00000000', NULL, 0, NULL, NULL, 0, 0.400000000001455, 7837729, 7837765, 0, NULL, 0.00, NULL, 0.00, NULL, NULL, '2012-08-09 09:58:09', '', '2011-06-03 09:57:54', 'OFF', 'ON'),
(7837748, 77, '1009070068', NULL, '2012-08-09 02:58:20', -6.127125, 106.84179, 0, 136, 22, 0, 291941.8, 11, '00000001', '00000000', NULL, 0, NULL, NULL, 0, 0, 7837645, 7837749, 0, NULL, 0.00, NULL, 0.00, NULL, NULL, '2012-08-09 09:58:20', '', '2011-06-03 09:58:06', 'OFF', 'ON'),
(7837749, 77, '1009070068', NULL, '2012-08-09 02:58:22', -6.12719, 106.841783, 0, 0, 22, 5, 291941.8, 2, '00000001', '00000000', NULL, 0, NULL, NULL, 0, 0, 7837748, 7837766, 0, NULL, 0.00, NULL, 0.00, NULL, NULL, '2012-08-09 09:58:22', '', '2011-06-03 09:58:10', 'OFF', 'ON'),
(7837750, 73, '1009070064', NULL, '2012-08-09 02:58:24', -6.717042, 106.95085, 0, 327, 1173, 8, 309147.9, 2, '00000001', '00000000', NULL, 0, NULL, NULL, 0, 0.100000000034925, 7837730, 7837768, 0, NULL, 0.00, NULL, 0.00, NULL, NULL, '2012-08-09 09:58:24', '', '2011-06-03 09:58:13', 'OFF', 'ON'),
(7837751, 530, '1009080001', NULL, '2012-08-09 02:58:31', -6.11347, 106.875838, 0, 173, 51, 8, 198.2, 2, '00000000', '00000000', NULL, 0, NULL, NULL, 0, 0, 7837746, 7837887, 0, NULL, 0.00, NULL, 0.00, NULL, NULL, '2012-08-09 09:58:31', '', '2011-06-03 09:58:17', 'DISABLE', 'OFF'),
(7837752, 150, '1009070138', NULL, '2012-08-09 02:58:54', -6.715775, 106.949387, 0, 155, 1152, 8, 105539.7, 2, '00000001', '00000000', NULL, 0, NULL, NULL, 0, 0.0999999999912689, 7837732, 7837763, 0, NULL, 0.00, NULL, 0.00, NULL, NULL, '2012-08-09 09:58:54', '', '2011-06-03 09:58:39', 'OFF', 'ON'),
(7837753, 87, '1009070078', NULL, '2012-08-09 03:00:03', -6.651105, 107.426837, 44, 186, 456, 7, 1816.8, 2, '00000001', '00000000', NULL, 0, NULL, NULL, 0, 4.59999999999991, 7837734, 7837771, 0, NULL, 0.00, NULL, 0.00, NULL, NULL, '2012-08-09 10:00:03', '', '2011-06-03 09:59:48', 'OFF', 'ON'),
(7837754, 81, '1009070072', NULL, '2012-08-09 03:00:05', -6.966497, 107.823732, 36, 74, 711, 8, 155963.4, 2, '00000001', '00000000', NULL, 0, NULL, NULL, 0, 4.29999999998836, 7837733, 7837772, 0, NULL, 0.00, NULL, 0.00, NULL, NULL, '2012-08-09 10:00:05', '', '2011-06-03 09:59:51', 'OFF', 'ON'),
(7837755, 296, '1009070283', NULL, '2012-08-09 03:00:49', -6.892968, 107.585722, 33, 122, 779, 7, 76089, 2, '00000001', '00000000', NULL, 0, NULL, NULL, 0, 0.5, 7837735, 7837823, 0, NULL, 0.00, NULL, 0.00, NULL, NULL, '2012-08-09 10:00:49', '', '2011-06-03 10:00:35', 'OFF', 'ON'),
(7837756, 76, '1009070067', NULL, '2012-08-09 03:01:02', -6.656527, 106.91626, 0, 249, 699, 9, 176796.7, 11, '00000000', '00000000', NULL, 0, NULL, NULL, 0, 0, 7837745, 7837757, 0, NULL, 0.00, NULL, 0.00, NULL, NULL, '2012-08-09 10:01:02', '', '2011-06-03 10:00:48', 'OFF', 'OFF'),
(7837757, 76, '1009070067', NULL, '2012-08-09 03:01:02', -6.656527, 106.91626, 0, 249, 699, 9, 176796.7, 61, '00000000', '00000000', NULL, 0, NULL, NULL, 0, 0, 7837756, 7837764, 0, NULL, 0.00, NULL, 0.00, NULL, NULL, '2012-08-09 10:01:02', '', '2011-06-03 10:00:52', 'OFF', 'OFF'),
(7837758, 271, '1009070258', NULL, '2012-08-09 03:01:09', -6.331922, 107.13929, 0, 87, 50, 9, 77543.1, 2, '00000000', '00000000', NULL, 0, NULL, NULL, 0, 0, 7837723, 7837777, 0, NULL, 0.00, NULL, 0.00, NULL, NULL, '2012-08-09 10:01:09', '', '2011-06-03 10:00:55', 'OFF', 'OFF'),
(7837759, 525, '1009070396', NULL, '2012-08-09 03:01:16', -6.568625, 106.766788, 0, 51, 226, 9, 807.5, 2, '00000001', '00000000', NULL, 0, NULL, NULL, 0, 0, 7837736, 7837778, 0, NULL, 0.00, NULL, 0.00, NULL, NULL, '2012-08-09 10:01:16', 'Kerub Head Office', '2011-06-03 10:01:01', 'OFF', 'ON'),
(7837760, 89, '1009070080', NULL, '2012-08-09 03:01:24', -6.657983, 106.915372, 0, 0, 722, 8, 331822.8, 2, '00000001', '00000000', NULL, 0, NULL, NULL, 0, 0, 7837742, 7837774, 0, NULL, 0.00, NULL, 0.00, NULL, NULL, '2012-08-09 10:01:24', '', '2011-06-03 10:01:09', 'OFF', 'ON'),
(7837761, 151, '1009070139', NULL, '2012-08-09 03:01:43', -6.715782, 106.949422, 0, 136, 1143, 8, 101623.2, 2, '00000001', '00000000', NULL, 0, NULL, NULL, 0, 0.0999999999912689, 7837743, 7837769, 0, NULL, 0.00, NULL, 0.00, NULL, NULL, '2012-08-09 10:01:43', '', '2011-06-03 10:01:28', 'OFF', 'ON'),
(7837762, 71, '1009070062', NULL, '2012-08-09 03:02:03', -6.7156, 106.949572, 0, 359, 1157, 7, 182451.7, 2, '00000001', '00000000', NULL, 0, NULL, NULL, 0, 0.100000000005821, 7837744, 7837767, 0, NULL, 0.00, NULL, 0.00, NULL, NULL, '2012-08-09 10:02:03', '', '2011-06-03 10:01:49', 'OFF', 'ON'),
(7837763, 150, '1009070138', NULL, '2012-08-09 03:02:31', -6.716122, 106.950697, 6, 32, 1144, 8, 105539.9, 60, '00000001', '00000000', NULL, 0, NULL, NULL, 0, 0.19999999999709, 7837752, 7837770, 0, NULL, 0.00, NULL, 0.00, NULL, NULL, '2012-08-09 10:02:31', '', '2011-06-03 10:02:17', 'OFF', 'ON'),
(7837764, 76, '1009070067', NULL, '2012-08-09 03:02:58', -6.656527, 106.91626, 0, 249, 699, 9, 176796.7, 2, '00000000', '00000000', NULL, 0, NULL, NULL, 0, 0, 7837757, NULL, 0, NULL, 0.00, NULL, 0.00, NULL, NULL, '2012-08-09 10:02:58', '', '2011-06-03 10:02:43', 'OFF', 'OFF'),
(7837765, 82, '1009070073', NULL, '2012-08-09 03:03:09', -6.716365, 106.949505, 0, 264, 1132, 8, 26688.7, 2, '00000001', '00000000', NULL, 0, NULL, NULL, 0, 0.299999999999272, 7837747, 7837785, 0, NULL, 0.00, NULL, 0.00, NULL, NULL, '2012-08-09 10:03:09', '', '2011-06-03 10:02:55', 'OFF', 'ON'),
(7837766, 77, '1009070068', NULL, '2012-08-09 03:03:22', -6.127148, 106.84172, 0, 0, 16, 8, 291941.8, 2, '00000001', '00000000', NULL, 0, NULL, NULL, 0, 0, 7837749, 7837786, 0, NULL, 0.00, NULL, 0.00, NULL, NULL, '2012-08-09 10:03:22', '', '2011-06-03 10:03:07', 'OFF', 'ON'),
(7837767, 71, '1009070062', NULL, '2012-08-09 03:03:22', -6.71617, 106.950615, 9, 82, 1161, 8, 182451.9, 60, '00000001', '00000000', NULL, 0, NULL, NULL, 0, 0.199999999982538, 7837762, 7837779, 0, NULL, 0.00, NULL, 0.00, NULL, NULL, '2012-08-09 10:03:22', '', '2011-06-03 10:03:10', 'OFF', 'ON'),
(7837768, 73, '1009070064', NULL, '2012-08-09 03:03:24', -6.716185, 106.94931, 0, 349, 1142, 7, 309148.2, 2, '00000001', '00000000', NULL, 0, NULL, NULL, 0, 0.299999999988358, 7837750, 7837787, 0, NULL, 0.00, NULL, 0.00, NULL, NULL, '2012-08-09 10:03:24', '', '2011-06-03 10:03:13', 'OFF', 'ON'),
(7837769, 151, '1009070139', NULL, '2012-08-09 03:03:34', -6.7154, 106.950012, 0, 164, 1153, 8, 101623.3, 60, '00000001', '00000000', NULL, 0, NULL, NULL, 0, 0.100000000005821, 7837761, 7837781, 0, NULL, 0.00, NULL, 0.00, NULL, NULL, '2012-08-09 10:03:34', '', '2011-06-03 10:03:20', 'OFF', 'ON'),
(7837770, 150, '1009070138', NULL, '2012-08-09 03:03:54', -6.715637, 106.950937, 0, 107, 1155, 7, 105540, 2, '00000001', '00000000', NULL, 0, NULL, NULL, 0, 0.100000000005821, 7837763, 7837773, 0, NULL, 0.00, NULL, 0.00, NULL, NULL, '2012-08-09 10:03:54', '', '2011-06-03 10:03:39', 'OFF', 'ON'),
(7837771, 87, '1009070078', NULL, '2012-08-09 03:05:03', -6.679325, 107.439055, 46, 190, 568, 10, 1820.8, 2, '00000001', '00000000', NULL, 0, NULL, NULL, 0, 4, 7837753, 7837796, 0, NULL, 0.00, NULL, 0.00, NULL, NULL, '2012-08-09 10:05:03', '', '2011-06-03 10:04:48', 'OFF', 'ON'),
(7837772, 81, '1009070072', NULL, '2012-08-09 03:05:05', -6.976798, 107.833225, 41, 145, 719, 6, 155965.5, 2, '00000001', '00000000', NULL, 0, NULL, NULL, 0, 2.10000000000582, 7837754, 7837797, 0, NULL, 0.00, NULL, 0.00, NULL, NULL, '2012-08-09 10:05:05', '', '2011-06-03 10:04:51', 'OFF', 'ON'),
(7837773, 150, '1009070138', NULL, '2012-08-09 03:05:45', -6.716337, 106.951648, 11, 118, 1165, 7, 105540.1, 61, '00000001', '00000000', NULL, 0, NULL, NULL, 0, 0.100000000005821, 7837770, 7837789, 0, NULL, 0.00, NULL, 0.00, NULL, NULL, '2012-08-09 10:05:45', '', '2011-06-03 10:05:31', 'OFF', 'ON'),
(7837774, 89, '1009070080', NULL, '2012-08-09 03:05:53', -6.657983, 106.915372, 0, 0, 722, 8, 331822.8, 11, '00000000', '00000000', NULL, 0, NULL, NULL, 0, 0, 7837760, 7837775, 0, NULL, 0.00, NULL, 0.00, NULL, NULL, '2012-08-09 10:05:53', '', '2011-06-03 10:05:39', 'OFF', 'OFF'),
(7837775, 89, '1009070080', NULL, '2012-08-09 03:05:57', -6.657983, 106.915372, 0, 0, 722, 8, 331822.8, 11, '00000001', '00000000', NULL, 0, NULL, NULL, 0, 0, 7837774, 7837776, 0, NULL, 0.00, NULL, 0.00, NULL, NULL, '2012-08-09 10:05:57', '', '2011-06-03 10:05:44', 'OFF', 'ON'),
(7837776, 89, '1009070080', NULL, '2012-08-09 03:06:00', -6.657983, 106.915372, 0, 0, 722, 8, 331822.8, 11, '00000000', '00000000', NULL, 0, NULL, NULL, 0, 0, 7837775, 7837780, 0, NULL, 0.00, NULL, 0.00, NULL, NULL, '2012-08-09 10:06:00', '', '2011-06-03 10:05:48', 'OFF', 'OFF'),
(7837777, 271, '1009070258', NULL, '2012-08-09 03:06:09', -6.331922, 107.13929, 0, 87, 50, 9, 77543.1, 2, '00000000', '00000000', NULL, 0, NULL, NULL, 0, 0, 7837758, 7837798, 0, NULL, 0.00, NULL, 0.00, NULL, NULL, '2012-08-09 10:06:09', '', '2011-06-03 10:05:54', 'OFF', 'OFF'),
(7837778, 525, '1009070396', NULL, '2012-08-09 03:06:16', -6.568625, 106.766788, 0, 51, 226, 9, 807.5, 2, '00000001', '00000000', NULL, 0, NULL, NULL, 0, 0, 7837759, 7837799, 0, NULL, 0.00, NULL, 0.00, NULL, NULL, '2012-08-09 10:06:16', 'Kerub Head Office', '2011-06-03 10:06:01', 'OFF', 'ON'),
(7837779, 71, '1009070062', NULL, '2012-08-09 03:06:16', -6.716283, 106.951497, 13, 108, 1162, 6, 182452.1, 61, '00000001', '00000000', NULL, 0, NULL, NULL, 0, 0.200000000011642, 7837767, 7837782, 0, NULL, 0.00, NULL, 0.00, NULL, NULL, '2012-08-09 10:06:16', '', '2011-06-03 10:06:04', 'OFF', 'ON'),
(7837780, 89, '1009070080', NULL, '2012-08-09 03:06:24', -6.657983, 106.915372, 0, 0, 722, 8, 331822.8, 2, '00000000', '00000000', NULL, 0, NULL, NULL, 0, 0, 7837776, 7837856, 0, NULL, 0.00, NULL, 0.00, NULL, NULL, '2012-08-09 10:06:24', '', '2011-06-03 10:06:09', 'OFF', 'OFF'),
(7837781, 151, '1009070139', NULL, '2012-08-09 03:06:43', -6.716177, 106.951238, 4, 129, 1150, 7, 101623.6, 2, '00000001', '00000000', NULL, 0, NULL, NULL, 0, 0.30000000000291, 7837769, 7837800, 0, NULL, 0.00, NULL, 0.00, NULL, NULL, '2012-08-09 10:06:43', '', '2011-06-03 10:06:28', 'OFF', 'ON'),
(7837782, 71, '1009070062', NULL, '2012-08-09 03:07:03', -6.716723, 106.951877, 5, 200, 1166, 7, 182452.1, 2, '00000001', '00000000', NULL, 0, NULL, NULL, 0, 0, 7837779, 7837801, 0, NULL, 0.00, NULL, 0.00, NULL, NULL, '2012-08-09 10:07:03', '', '2011-06-03 10:06:48', 'OFF', 'ON'),
(7837783, 58, '1009070049', NULL, '2012-08-09 03:08:00', -7.604527, 110.206803, 0, 275, 275, 0, 137220.5, 11, '00000001', '00000000', NULL, 0, NULL, NULL, 0, 0, 7837542, 7837784, 0, NULL, 0.00, NULL, 0.00, NULL, NULL, '2012-08-09 10:08:00', '', '2011-06-03 10:07:45', 'OFF', 'ON'),
(7837784, 58, '1009070049', NULL, '2012-08-09 03:08:02', -7.604697, 110.206668, 0, 0, 273, 5, 137220.5, 2, '00000001', '00000000', NULL, 0, NULL, NULL, 0, 0, 7837783, 7837802, 0, NULL, 0.00, NULL, 0.00, NULL, NULL, '2012-08-09 10:08:02', '', '2011-06-03 10:07:49', 'OFF', 'ON'),
(7837785, 82, '1009070073', NULL, '2012-08-09 03:08:09', -6.713372, 106.949558, 0, 337, 1122, 7, 26689.3, 2, '00000001', '00000000', NULL, 0, NULL, NULL, 0, 0.599999999998545, 7837765, 7837795, 0, NULL, 0.00, NULL, 0.00, NULL, NULL, '2012-08-09 10:08:09', '', '2011-06-03 10:07:54', 'OFF', 'ON'),
(7837786, 77, '1009070068', NULL, '2012-08-09 03:08:22', -6.127148, 106.84172, 0, 0, 16, 8, 291941.8, 2, '00000001', '00000000', NULL, 0, NULL, NULL, 0, 0, 7837766, 7837791, 0, NULL, 0.00, NULL, 0.00, NULL, NULL, '2012-08-09 10:08:22', '', '2011-06-03 10:08:07', 'OFF', 'ON'),
(7837787, 73, '1009070064', NULL, '2012-08-09 03:08:24', -6.713378, 106.949598, 0, 343, 1123, 7, 309148.8, 2, '00000001', '00000000', NULL, 0, NULL, NULL, 0, 0.599999999976717, 7837768, 7837805, 0, NULL, 0.00, NULL, 0.00, NULL, NULL, '2012-08-09 10:08:24', '', '2011-06-03 10:08:12', 'OFF', 'ON'),
(7837788, 84, '1009070075', NULL, '2012-08-09 03:08:52', -7.604547, 110.206905, 0, 346, 267, 0, 153872.5, 11, '00000001', '00000000', NULL, 0, NULL, NULL, 0, 0, 7837532, 7837790, 0, NULL, 0.00, NULL, 0.00, NULL, NULL, '2012-08-09 10:08:52', '', '2011-06-03 10:08:36', 'OFF', 'ON'),
(7837789, 150, '1009070138', NULL, '2012-08-09 03:08:54', -6.716482, 106.951057, 0, 283, 1154, 6, 105540.3, 2, '00000001', '00000000', NULL, 0, NULL, NULL, 0, 0.19999999999709, 7837773, 7837806, 0, NULL, 0.00, NULL, 0.00, NULL, NULL, '2012-08-09 10:08:54', '', '2011-06-03 10:08:40', 'OFF', 'ON'),
(7837790, 84, '1009070075', NULL, '2012-08-09 03:08:57', -7.60473, 110.20661, 0, 0, 266, 5, 153872.6, 2, '00000001', '00000000', NULL, 0, NULL, NULL, 0, 0.100000000005821, 7837788, 7837807, 0, NULL, 0.00, NULL, 0.00, NULL, NULL, '2012-08-09 10:08:57', '', '2011-06-03 10:08:43', 'OFF', 'ON'),
(7837791, 77, '1009070068', NULL, '2012-08-09 03:09:19', -6.127148, 106.84172, 0, 0, 16, 8, 291941.8, 60, '00000001', '00000000', NULL, 0, NULL, NULL, 0, 0, 7837786, 7837804, 0, NULL, 0.00, NULL, 0.00, NULL, NULL, '2012-08-09 10:09:19', '', '2011-06-03 10:09:06', 'OFF', 'ON'),
(7837792, 75, '1009070066', NULL, '2012-08-09 03:09:25', -6.568758, 106.766705, 0, 0, 227, 0, 362944.7, 11, '00000001', '00000000', NULL, 0, NULL, NULL, 0, 0, 7837605, 7837793, 0, NULL, 0.00, NULL, 0.00, NULL, NULL, '2012-08-09 10:09:25', 'Kerub Head Office', '2011-06-03 10:09:11', 'OFF', 'ON'),
(7837793, 75, '1009070066', NULL, '2012-08-09 03:09:25', -6.568875, 106.767058, 0, 0, 329, 5, 362944.7, 2, '00000001', '00000000', NULL, 0, NULL, NULL, 0, 0, 7837792, 7837794, 0, NULL, 0.00, NULL, 0.00, NULL, NULL, '2012-08-09 10:09:25', '', '2011-06-03 10:09:14', 'OFF', 'ON'),
(7837794, 75, '1009070066', NULL, '2012-08-09 03:09:41', -6.568822, 106.766795, 0, 0, 232, 8, 362944.8, 11, '00000000', '00000000', NULL, 0, NULL, NULL, 0, 0.099999999976717, 7837793, 7837934, 0, NULL, 0.00, NULL, 0.00, NULL, NULL, '2012-08-09 10:09:41', 'Kerub Head Office', '2011-06-03 10:09:27', 'OFF', 'OFF'),
(7837795, 82, '1009070073', NULL, '2012-08-09 03:10:00', -6.713372, 106.949558, 0, 337, 1122, 7, 26689.3, 11, '00000000', '00000000', NULL, 0, NULL, NULL, 0, 0, 7837785, 7837803, 0, NULL, 0.00, NULL, 0.00, NULL, NULL, '2012-08-09 10:10:00', '', '2011-06-03 10:09:47', 'OFF', 'OFF'),
(7837796, 87, '1009070078', NULL, '2012-08-09 03:10:03', -6.726215, 107.435303, 86, 159, 654, 10, 1826.2, 2, '00000001', '00000000', NULL, 0, NULL, NULL, 0, 5.40000000000009, 7837771, 7837808, 0, NULL, 0.00, NULL, 0.00, NULL, NULL, '2012-08-09 10:10:03', '', '2011-06-03 10:09:50', 'OFF', 'ON'),
(7837797, 81, '1009070072', NULL, '2012-08-09 03:10:05', -6.986827, 107.839193, 0, 109, 729, 7, 155966.8, 2, '00000001', '00000000', NULL, 0, NULL, NULL, 0, 1.29999999998836, 7837772, 7837809, 0, NULL, 0.00, NULL, 0.00, NULL, NULL, '2012-08-09 10:10:05', '', '2011-06-03 10:09:53', 'OFF', 'ON'),
(7837798, 271, '1009070258', NULL, '2012-08-09 03:11:09', -6.331922, 107.13929, 0, 87, 50, 10, 77543.1, 2, '00000000', '00000000', NULL, 0, NULL, NULL, 0, 0, 7837777, 7837811, 0, NULL, 0.00, NULL, 0.00, NULL, NULL, '2012-08-09 10:11:09', '', '2011-06-03 10:10:54', 'OFF', 'OFF'),
(7837799, 525, '1009070396', NULL, '2012-08-09 03:11:16', -6.568625, 106.766788, 0, 51, 226, 10, 807.5, 2, '00000001', '00000000', NULL, 0, NULL, NULL, 0, 0, 7837778, 7837812, 0, NULL, 0.00, NULL, 0.00, NULL, NULL, '2012-08-09 10:11:16', 'Kerub Head Office', '2011-06-03 10:11:01', 'OFF', 'ON'),
(7837800, 151, '1009070139', NULL, '2012-08-09 03:11:43', -6.716725, 106.950925, 0, 127, 1156, 8, 101623.8, 2, '00000001', '00000000', NULL, 0, NULL, NULL, 0, 0.19999999999709, 7837781, 7837810, 0, NULL, 0.00, NULL, 0.00, NULL, NULL, '2012-08-09 10:11:43', '', '2011-06-03 10:11:28', 'OFF', 'ON'),
(7837801, 71, '1009070062', NULL, '2012-08-09 03:12:03', -6.717325, 106.951233, 0, 148, 1178, 7, 182452.4, 2, '00000001', '00000000', NULL, 0, NULL, NULL, 0, 0.299999999988358, 7837782, 7837830, 0, NULL, 0.00, NULL, 0.00, NULL, NULL, '2012-08-09 10:12:03', '', '2011-06-03 10:11:48', 'OFF', 'ON'),
(7837802, 58, '1009070049', NULL, '2012-08-09 03:13:02', -7.604527, 110.206738, 0, 0, 260, 8, 137220.6, 2, '00000001', '00000000', NULL, 0, NULL, NULL, 0, 0.100000000005821, 7837784, 7837814, 0, NULL, 0.00, NULL, 0.00, NULL, NULL, '2012-08-09 10:13:02', '', '2011-06-03 10:12:47', 'OFF', 'ON'),
(7837803, 82, '1009070073', NULL, '2012-08-09 03:13:09', -6.713372, 106.949558, 0, 337, 1122, 7, 26689.3, 2, '00000000', '00000000', NULL, 0, NULL, NULL, 0, 0, 7837795, 7837844, 0, NULL, 0.00, NULL, 0.00, NULL, NULL, '2012-08-09 10:13:09', '', '2011-06-03 10:12:58', 'OFF', 'OFF'),
(7837804, 77, '1009070068', NULL, '2012-08-09 03:13:22', -6.127148, 106.84172, 0, 0, 16, 9, 291941.8, 2, '00000001', '00000000', NULL, 0, NULL, NULL, 0, 0, 7837791, 7837816, 0, NULL, 0.00, NULL, 0.00, NULL, NULL, '2012-08-09 10:13:22', '', '2011-06-03 10:13:07', 'OFF', 'ON'),
(7837805, 73, '1009070064', NULL, '2012-08-09 03:13:24', -6.713378, 106.949598, 0, 343, 1123, 7, 309148.8, 2, '00000001', '00000000', NULL, 0, NULL, NULL, 0, 0, 7837787, 7837815, 0, NULL, 0.00, NULL, 0.00, NULL, NULL, '2012-08-09 10:13:24', '', '2011-06-03 10:13:10', 'OFF', 'ON'),
(7837806, 150, '1009070138', NULL, '2012-08-09 03:13:54', -6.717303, 106.952567, 0, 132, 1174, 7, 105540.6, 2, '00000001', '00000000', NULL, 0, NULL, NULL, 0, 0.30000000000291, 7837789, 7837818, 0, NULL, 0.00, NULL, 0.00, NULL, NULL, '2012-08-09 10:13:54', '', '2011-06-03 10:13:39', 'OFF', 'ON'),
(7837807, 84, '1009070075', NULL, '2012-08-09 03:13:57', -7.604483, 110.206767, 0, 0, 276, 9, 153872.6, 2, '00000001', '00000000', NULL, 0, NULL, NULL, 0, 0, 7837790, 7837820, 0, NULL, 0.00, NULL, 0.00, NULL, NULL, '2012-08-09 10:13:57', '', '2011-06-03 10:13:43', 'OFF', 'ON'),
(7837808, 87, '1009070078', NULL, '2012-08-09 03:15:03', -6.784305, 107.441877, 88, 149, 570, 9, 1832.9, 2, '00000001', '00000000', NULL, 0, NULL, NULL, 0, 6.70000000000005, 7837796, 7837821, 0, NULL, 0.00, NULL, 0.00, NULL, NULL, '2012-08-09 10:15:03', '', '2011-06-03 10:14:48', 'OFF', 'ON'),
(7837809, 81, '1009070072', NULL, '2012-08-09 03:15:05', -6.988038, 107.843215, 7, 105, 736, 6, 155967.3, 2, '00000001', '00000000', NULL, 0, NULL, NULL, 0, 0.5, 7837797, 7837831, 0, NULL, 0.00, NULL, 0.00, NULL, NULL, '2012-08-09 10:15:05', '', '2011-06-03 10:14:51', 'OFF', 'ON'),
(7837810, 151, '1009070139', NULL, '2012-08-09 03:15:07', -6.717522, 106.952062, 11, 296, 1175, 7, 101624.1, 61, '00000001', '00000000', NULL, 0, NULL, NULL, 0, 0.30000000000291, 7837800, 7837813, 0, NULL, 0.00, NULL, 0.00, NULL, NULL, '2012-08-09 10:15:07', '', '2011-06-03 10:14:55', 'OFF', 'ON'),
(7837811, 271, '1009070258', NULL, '2012-08-09 03:16:09', -6.331922, 107.13929, 0, 87, 50, 9, 77543.1, 2, '00000000', '00000000', NULL, 0, NULL, NULL, 0, 0, 7837798, 7837827, 0, NULL, 0.00, NULL, 0.00, NULL, NULL, '2012-08-09 10:16:09', '', '2011-06-03 10:15:54', 'OFF', 'OFF'),
(7837812, 525, '1009070396', NULL, '2012-08-09 03:16:16', -6.568625, 106.766788, 0, 51, 226, 9, 807.5, 2, '00000001', '00000000', NULL, 0, NULL, NULL, 0, 0, 7837799, 7837828, 0, NULL, 0.00, NULL, 0.00, NULL, NULL, '2012-08-09 10:16:16', 'Kerub Head Office', '2011-06-03 10:16:01', 'OFF', 'ON'),
(7837813, 151, '1009070139', NULL, '2012-08-09 03:16:43', -6.717255, 106.952035, 0, 92, 1164, 7, 101624.1, 2, '00000001', '00000000', NULL, 0, NULL, NULL, 0, 0, 7837810, 7837829, 0, NULL, 0.00, NULL, 0.00, NULL, NULL, '2012-08-09 10:16:43', '', '2011-06-03 10:16:28', 'OFF', 'ON'),
(7837814, 58, '1009070049', NULL, '2012-08-09 03:18:02', -7.604527, 110.206738, 0, 0, 260, 8, 137220.6, 2, '00000001', '00000000', NULL, 0, NULL, NULL, 0, 0, 7837802, 7837819, 0, NULL, 0.00, NULL, 0.00, NULL, NULL, '2012-08-09 10:18:02', '', '2011-06-03 10:17:48', 'OFF', 'ON'),
(7837815, 73, '1009070064', NULL, '2012-08-09 03:18:05', -6.713378, 106.949598, 0, 343, 1123, 7, 309148.8, 60, '00000001', '00000000', NULL, 0, NULL, NULL, 0, 0, 7837805, 7837817, 0, NULL, 0.00, NULL, 0.00, NULL, NULL, '2012-08-09 10:18:05', '', '2011-06-03 10:17:52', 'OFF', 'ON'),
(7837816, 77, '1009070068', NULL, '2012-08-09 03:18:22', -6.127148, 106.84172, 0, 0, 16, 9, 291941.8, 2, '00000001', '00000000', NULL, 0, NULL, NULL, 0, 0, 7837804, 7837834, 0, NULL, 0.00, NULL, 0.00, NULL, NULL, '2012-08-09 10:18:22', '', '2011-06-03 10:18:07', 'OFF', 'ON'),
(7837817, 73, '1009070064', NULL, '2012-08-09 03:18:24', -6.713378, 106.949598, 0, 343, 1123, 7, 309148.8, 2, '00000001', '00000000', NULL, 0, NULL, NULL, 0, 0, 7837815, 7837835, 0, NULL, 0.00, NULL, 0.00, NULL, NULL, '2012-08-09 10:18:24', '', '2011-06-03 10:18:10', 'OFF', 'ON'),
(7837818, 150, '1009070138', NULL, '2012-08-09 03:18:54', -6.717687, 106.953412, 6, 75, 1173, 6, 105540.8, 2, '00000001', '00000000', NULL, 0, NULL, NULL, 0, 0.19999999999709, 7837806, 7837822, 0, NULL, 0.00, NULL, 0.00, NULL, NULL, '2012-08-09 10:18:54', '', '2011-06-03 10:18:40', 'OFF', 'ON'),
(7837819, 58, '1009070049', NULL, '2012-08-09 03:19:00', -7.604527, 110.206738, 0, 0, 260, 8, 137220.6, 60, '00000001', '00000000', NULL, 0, NULL, NULL, 0, 0, 7837814, 7837833, 0, NULL, 0.00, NULL, 0.00, NULL, NULL, '2012-08-09 10:19:00', '', '2011-06-03 10:18:45', 'OFF', 'ON'),
(7837820, 84, '1009070075', NULL, '2012-08-09 03:19:54', -7.604483, 110.206767, 0, 0, 276, 9, 153872.6, 60, '00000001', '00000000', NULL, 0, NULL, NULL, 0, 0, 7837807, 7837840, 0, NULL, 0.00, NULL, 0.00, NULL, NULL, '2012-08-09 10:19:54', '', '2011-06-03 10:19:39', 'OFF', 'ON'),
(7837821, 87, '1009070078', NULL, '2012-08-09 03:20:03', -6.813193, 107.476565, 77, 135, 667, 9, 1838.3, 2, '00000001', '00000000', NULL, 0, NULL, NULL, 0, 5.39999999999986, 7837808, 7837842, 0, NULL, 0.00, NULL, 0.00, NULL, NULL, '2012-08-09 10:20:03', '', '2011-06-03 10:19:52', 'OFF', 'ON'),
(7837822, 150, '1009070138', NULL, '2012-08-09 03:20:40', -6.718328, 106.954205, 0, 155, 1185, 6, 105540.9, 60, '00000001', '00000000', NULL, 0, NULL, NULL, 0, 0.0999999999912689, 7837818, 7837832, 0, NULL, 0.00, NULL, 0.00, NULL, NULL, '2012-08-09 10:20:40', '', '2011-06-03 10:20:26', 'OFF', 'ON'),
(7837823, 296, '1009070283', NULL, '2012-08-09 03:05:49', -6.897405, 107.597302, 20, 358, 784, 8, 76090.7, 2, '00000001', '00000000', NULL, 0, NULL, NULL, 0, 1.69999999999709, 7837755, 7837824, 0, NULL, 0.00, NULL, 0.00, NULL, NULL, '2012-08-09 10:05:49', '', '2011-06-03 10:20:43', 'OFF', 'ON'),
(7837824, 296, '1009070283', NULL, '2012-08-09 03:10:49', -6.894445, 107.597168, 9, 357, 774, 7, 76091, 2, '00000001', '00000000', NULL, 0, NULL, NULL, 0, 0.30000000000291, 7837823, 7837825, 0, NULL, 0.00, NULL, 0.00, NULL, NULL, '2012-08-09 10:10:49', '', '2011-06-03 10:20:46', 'OFF', 'ON'),
(7837825, 296, '1009070283', NULL, '2012-08-09 03:15:49', -6.882563, 107.596447, 19, 356, 826, 9, 76092.3, 2, '00000001', '00000000', NULL, 0, NULL, NULL, 0, 1.30000000000291, 7837824, 7837826, 0, NULL, 0.00, NULL, 0.00, NULL, NULL, '2012-08-09 10:15:49', '', '2011-06-03 10:20:49', 'OFF', 'ON'),
(7837826, 296, '1009070283', NULL, '2012-08-09 03:20:49', -6.874437, 107.595918, 1, 341, 877, 8, 76093.1, 2, '00000001', '00000000', NULL, 0, NULL, NULL, 0, 0.80000000000291, 7837825, 7837846, 0, NULL, 0.00, NULL, 0.00, NULL, NULL, '2012-08-09 10:20:49', '', '2011-06-03 10:20:52', 'OFF', 'ON'),
(7837827, 271, '1009070258', NULL, '2012-08-09 03:21:09', -6.331922, 107.13929, 0, 87, 50, 10, 77543.1, 2, '00000000', '00000000', NULL, 0, NULL, NULL, 0, 0, 7837811, 7837848, 0, NULL, 0.00, NULL, 0.00, NULL, NULL, '2012-08-09 10:21:09', '', '2011-06-03 10:20:56', 'OFF', 'OFF'),
(7837828, 525, '1009070396', NULL, '2012-08-09 03:21:16', -6.568625, 106.766788, 0, 51, 226, 9, 807.5, 2, '00000001', '00000000', NULL, 0, NULL, NULL, 0, 0, 7837812, 7837849, 0, NULL, 0.00, NULL, 0.00, NULL, NULL, '2012-08-09 10:21:16', 'Kerub Head Office', '2011-06-03 10:21:01', 'OFF', 'ON'),
(7837829, 151, '1009070139', NULL, '2012-08-09 03:21:43', -6.7177, 106.953482, 5, 72, 1191, 6, 101624.2, 2, '00000001', '00000000', NULL, 0, NULL, NULL, 0, 0.0999999999912689, 7837813, 7837851, 0, NULL, 0.00, NULL, 0.00, NULL, NULL, '2012-08-09 10:21:43', '', '2011-06-03 10:21:31', 'OFF', 'ON'),
(7837830, 71, '1009070062', NULL, '2012-08-09 03:22:04', -6.717757, 106.954032, 5, 136, 1169, 6, 182452.8, 2, '00000001', '00000000', NULL, 0, NULL, NULL, 0, 0.399999999994179, 7837801, 7837854, 0, NULL, 0.00, NULL, 0.00, NULL, NULL, '2012-08-09 10:22:04', '', '2011-06-03 10:21:49', 'OFF', 'ON'),
(7837831, 81, '1009070072', NULL, '2012-08-09 03:20:05', -6.987947, 107.844492, 0, 32, 740, 8, 155967.4, 2, '00000001', '00000000', NULL, 0, NULL, NULL, 0, 0.100000000005821, 7837809, 7837843, 0, NULL, 0.00, NULL, 0.00, NULL, NULL, '2012-08-09 10:20:05', '', '2011-06-03 10:22:34', 'OFF', 'ON'),
(7837832, 150, '1009070138', NULL, '2012-08-09 03:22:55', -6.719615, 106.955105, 11, 157, 1186, 4, 105541, 61, '00000001', '00000000', NULL, 0, NULL, NULL, 0, 0.100000000005821, 7837822, 7837838, 0, NULL, 0.00, NULL, 0.00, NULL, NULL, '2012-08-09 10:22:55', '', '2011-06-03 10:22:41', 'OFF', 'ON'),
(7837833, 58, '1009070049', NULL, '2012-08-09 03:23:02', -7.604527, 110.206738, 0, 0, 260, 8, 137220.6, 2, '00000001', '00000000', NULL, 0, NULL, NULL, 0, 0, 7837819, 7837855, 0, NULL, 0.00, NULL, 0.00, NULL, NULL, '2012-08-09 10:23:02', '', '2011-06-03 10:22:47', 'OFF', 'ON'),
(7837834, 77, '1009070068', NULL, '2012-08-09 03:23:22', -6.127148, 106.84172, 0, 0, 16, 10, 291941.8, 2, '00000001', '00000000', NULL, 0, NULL, NULL, 0, 0, 7837816, 7837858, 0, NULL, 0.00, NULL, 0.00, NULL, NULL, '2012-08-09 10:23:22', '', '2011-06-03 10:23:08', 'OFF', 'ON'),
(7837835, 73, '1009070064', NULL, '2012-08-09 03:23:24', -6.713378, 106.949598, 0, 343, 1123, 8, 309148.8, 2, '00000001', '00000000', NULL, 0, NULL, NULL, 0, 0, 7837817, 7837859, 0, NULL, 0.00, NULL, 0.00, NULL, NULL, '2012-08-09 10:23:24', '', '2011-06-03 10:23:11', 'OFF', 'ON'),
(7837836, 88, '1009070079', NULL, '2012-08-09 03:23:51', -6.568638, 106.76654, 0, 77, 233, 0, 204223.1, 11, '00000001', '00000000', NULL, 0, NULL, NULL, 0, 0, 7837606, 7837837, 0, NULL, 0.00, NULL, 0.00, NULL, NULL, '2012-08-09 10:23:51', 'Kerub Head Office', '2011-06-03 10:23:37', 'OFF', 'ON'),
(7837837, 88, '1009070079', NULL, '2012-08-09 03:23:51', -6.568638, 106.76654, 0, 77, 233, 0, 204223.1, 11, '00000001', '00000000', NULL, 0, NULL, NULL, 0, 0, 7837836, 7837839, 0, NULL, 0.00, NULL, 0.00, NULL, NULL, '2012-08-09 10:23:51', 'Kerub Head Office', '2011-06-03 10:23:40', 'OFF', 'ON'),
(7837838, 150, '1009070138', NULL, '2012-08-09 03:23:54', -6.719953, 106.954792, 0, 280, 1202, 6, 105541.2, 2, '00000001', '00000000', NULL, 0, NULL, NULL, 0, 0.19999999999709, 7837832, 7837861, 0, NULL, 0.00, NULL, 0.00, NULL, NULL, '2012-08-09 10:23:54', '', '2011-06-03 10:23:43', 'OFF', 'ON'),
(7837839, 88, '1009070079', NULL, '2012-08-09 03:23:53', -6.568603, 106.766625, 0, 0, 219, 5, 204223.1, 2, '00000001', '00000000', NULL, 0, NULL, NULL, 0, 0, 7837837, 7837841, 0, NULL, 0.00, NULL, 0.00, NULL, NULL, '2012-08-09 10:23:53', 'Kerub Head Office', '2011-06-03 10:23:46', 'OFF', 'ON'),
(7837840, 84, '1009070075', NULL, '2012-08-09 03:23:57', -7.604483, 110.206767, 0, 0, 276, 10, 153872.6, 2, '00000001', '00000000', NULL, 0, NULL, NULL, 0, 0, 7837820, 7837862, 0, NULL, 0.00, NULL, 0.00, NULL, NULL, '2012-08-09 10:23:57', '', '2011-06-03 10:23:50', 'OFF', 'ON'),
(7837841, 88, '1009070079', NULL, '2012-08-09 03:23:56', -6.56863, 106.76662, 0, 0, 229, 8, 204223.1, 11, '00000000', '00000000', NULL, 0, NULL, NULL, 0, 0, 7837839, 7837852, 0, NULL, 0.00, NULL, 0.00, NULL, NULL, '2012-08-09 10:23:56', 'Kerub Head Office', '2011-06-03 10:23:53', 'OFF', 'OFF'),
(7837842, 87, '1009070078', NULL, '2012-08-09 03:25:03', -6.848833, 107.50575, 64, 181, 745, 9, 1843.6, 2, '00000001', '00000000', NULL, 0, NULL, NULL, 0, 5.29999999999995, 7837821, 7837864, 0, NULL, 0.00, NULL, 0.00, NULL, NULL, '2012-08-09 10:25:03', '', '2011-06-03 10:24:48', 'OFF', 'ON'),
(7837843, 81, '1009070072', NULL, '2012-08-09 03:25:05', -6.988177, 107.844625, 0, 83, 738, 8, 155967.4, 2, '00000001', '00000000', NULL, 0, NULL, NULL, 0, 0, 7837831, 7837850, 0, NULL, 0.00, NULL, 0.00, NULL, NULL, '2012-08-09 10:25:05', '', '2011-06-03 10:24:52', 'OFF', 'ON'),
(7837844, 82, '1009070073', NULL, '2012-08-09 03:25:29', -6.713372, 106.949558, 0, 337, 1122, 0, 26689.3, 11, '00000001', '00000000', NULL, 0, NULL, NULL, 0, 0, 7837803, 7837845, 0, NULL, 0.00, NULL, 0.00, NULL, NULL, '2012-08-09 10:25:29', '', '2011-06-03 10:25:15', 'OFF', 'ON'),
(7837845, 82, '1009070073', NULL, '2012-08-09 03:25:30', -6.713367, 106.949508, 0, 0, 1104, 5, 26689.3, 2, '00000001', '00000000', NULL, 0, NULL, NULL, 0, 0, 7837844, 7837847, 0, NULL, 0.00, NULL, 0.00, NULL, NULL, '2012-08-09 10:25:30', '', '2011-06-03 10:25:18', 'OFF', 'ON'),
(7837846, 296, '1009070283', NULL, '2012-08-09 03:25:49', -6.868692, 107.593647, 24, 7, 910, 7, 76093.7, 2, '00000001', '00000000', NULL, 0, NULL, NULL, 0, 0.599999999991269, 7837826, 7837866, 0, NULL, 0.00, NULL, 0.00, NULL, NULL, '2012-08-09 10:25:49', '', '2011-06-03 10:25:34', 'OFF', 'ON'),
(7837847, 82, '1009070073', NULL, '2012-08-09 03:25:50', -6.713377, 106.949585, 0, 0, 1127, 7, 26689.4, 11, '00000000', '00000000', NULL, 0, NULL, NULL, 0, 0.100000000002183, 7837845, NULL, 0, NULL, 0.00, NULL, 0.00, NULL, NULL, '2012-08-09 10:25:50', '', '2011-06-03 10:25:38', 'OFF', 'OFF'),
(7837848, 271, '1009070258', NULL, '2012-08-09 03:26:09', -6.331922, 107.13929, 0, 87, 50, 9, 77543.1, 2, '00000000', '00000000', NULL, 0, NULL, NULL, 0, 0, 7837827, 7837867, 0, NULL, 0.00, NULL, 0.00, NULL, NULL, '2012-08-09 10:26:09', '', '2011-06-03 10:25:54', 'OFF', 'OFF'),
(7837849, 525, '1009070396', NULL, '2012-08-09 03:26:16', -6.568625, 106.766788, 0, 51, 226, 9, 807.5, 2, '00000001', '00000000', NULL, 0, NULL, NULL, 0, 0, 7837828, 7837868, 0, NULL, 0.00, NULL, 0.00, NULL, NULL, '2012-08-09 10:26:16', 'Kerub Head Office', '2011-06-03 10:26:01', 'OFF', 'ON'),
(7837850, 81, '1009070072', NULL, '2012-08-09 03:26:35', -6.988177, 107.844625, 0, 83, 738, 8, 155967.4, 60, '00000001', '00000000', NULL, 0, NULL, NULL, 0, 0, 7837843, 7837865, 0, NULL, 0.00, NULL, 0.00, NULL, NULL, '2012-08-09 10:26:35', '', '2011-06-03 10:26:21', 'OFF', 'ON'),
(7837851, 151, '1009070139', NULL, '2012-08-09 03:26:43', -6.720022, 106.954892, 7, 306, 1194, 6, 101624.7, 2, '00000001', '00000000', NULL, 0, NULL, NULL, 0, 0.5, 7837829, 7837869, 0, NULL, 0.00, NULL, 0.00, NULL, NULL, '2012-08-09 10:26:43', '', '2011-06-03 10:26:28', 'OFF', 'ON'),
(7837852, 88, '1009070079', NULL, '2012-08-09 03:26:53', -6.568622, 106.76666, 0, 0, 225, 8, 204223.1, 11, '00000001', '00000000', NULL, 0, NULL, NULL, 0, 0, 7837841, 7837853, 0, NULL, 0.00, NULL, 0.00, NULL, NULL, '2012-08-09 10:26:53', 'Kerub Head Office', '2011-06-03 10:26:39', 'OFF', 'ON'),
(7837853, 88, '1009070079', NULL, '2012-08-09 03:26:57', -6.568622, 106.76666, 0, 0, 225, 9, 204223.1, 11, '00000000', '00000000', NULL, 0, NULL, NULL, 0, 0, 7837852, 7837860, 0, NULL, 0.00, NULL, 0.00, NULL, NULL, '2012-08-09 10:26:57', 'Kerub Head Office', '2011-06-03 10:26:43', 'OFF', 'OFF'),
(7837854, 71, '1009070062', NULL, '2012-08-09 03:27:04', -6.719235, 106.954235, 18, 318, 1194, 7, 182453.3, 2, '00000001', '00000000', NULL, 0, NULL, NULL, 0, 0.5, 7837830, 7837872, 0, NULL, 0.00, NULL, 0.00, NULL, NULL, '2012-08-09 10:27:04', '', '2011-06-03 10:26:49', 'OFF', 'ON'),
(7837855, 58, '1009070049', NULL, '2012-08-09 03:28:02', -7.604527, 110.206738, 0, 0, 260, 8, 137220.6, 2, '00000001', '00000000', NULL, 0, NULL, NULL, 0, 0, 7837833, 7837873, 0, NULL, 0.00, NULL, 0.00, NULL, NULL, '2012-08-09 10:28:02', '', '2011-06-03 10:27:47', 'OFF', 'ON'),
(7837856, 89, '1009070080', NULL, '2012-08-09 03:09:18', -6.657983, 106.915372, 0, 0, 722, 0, 331822.8, 11, '00000001', '00000000', NULL, 0, NULL, NULL, 0, 0, 7837780, 7837857, 0, NULL, 0.00, NULL, 0.00, NULL, NULL, '2012-08-09 10:09:18', '', '2011-06-03 10:28:00', 'OFF', 'ON'),
(7837857, 89, '1009070080', NULL, '2012-08-09 03:28:21', -6.658007, 106.91543, 0, 0, 718, 6, 331822.8, 2, '00000001', '00000000', NULL, 0, NULL, NULL, 0, 0, 7837856, 7837863, 0, NULL, 0.00, NULL, 0.00, NULL, NULL, '2012-08-09 10:28:21', '', '2011-06-03 10:28:06', 'OFF', 'ON'),
(7837858, 77, '1009070068', NULL, '2012-08-09 03:28:22', -6.127148, 106.84172, 0, 0, 16, 9, 291941.8, 2, '00000001', '00000000', NULL, 0, NULL, NULL, 0, 0, 7837834, 7837874, 0, NULL, 0.00, NULL, 0.00, NULL, NULL, '2012-08-09 10:28:22', '', '2011-06-03 10:28:09', 'OFF', 'ON'),
(7837859, 73, '1009070064', NULL, '2012-08-09 03:28:25', -6.713378, 106.949598, 0, 343, 1123, 8, 309148.8, 2, '00000001', '00000000', NULL, 0, NULL, NULL, 0, 0, 7837835, 7837875, 0, NULL, 0.00, NULL, 0.00, NULL, NULL, '2012-08-09 10:28:25', '', '2011-06-03 10:28:13', 'OFF', 'ON'),
(7837860, 88, '1009070079', NULL, '2012-08-09 03:28:53', -6.568622, 106.76666, 0, 0, 225, 8, 204223.1, 2, '00000000', '00000000', NULL, 0, NULL, NULL, 0, 0, 7837853, 7837954, 0, NULL, 0.00, NULL, 0.00, NULL, NULL, '2012-08-09 10:28:53', 'Kerub Head Office', '2011-06-03 10:28:39', 'OFF', 'OFF'),
(7837861, 150, '1009070138', NULL, '2012-08-09 03:28:54', -6.718258, 106.953177, 0, 227, 1176, 7, 105541.4, 2, '00000001', '00000000', NULL, 0, NULL, NULL, 0, 0.19999999999709, 7837838, 7837876, 0, NULL, 0.00, NULL, 0.00, NULL, NULL, '2012-08-09 10:28:54', '', '2011-06-03 10:28:42', 'OFF', 'ON');
INSERT INTO `gps_track` (`id`, `device_id`, `unit_id`, `tag`, `gps_time`, `latitude`, `longitude`, `speed`, `heading`, `altitude`, `satellite`, `mileage`, `report_id`, `input_flags`, `output_flags`, `device_status`, `is_from_sms`, `driver_id`, `location`, `initial_mileage`, `mileage_distance`, `prev_id`, `next_id`, `reverse_geo_attempt`, `analog_input1`, `analog_input1_value`, `analog_input2`, `analog_input2_value`, `rfid_tag`, `barcode`, `local_time`, `landmark_name`, `created_date`, `sos_status`, `acc_status`) VALUES
(7837862, 84, '1009070075', NULL, '2012-08-09 03:28:57', -7.604483, 110.206767, 0, 0, 276, 9, 153872.6, 2, '00000001', '00000000', NULL, 0, NULL, NULL, 0, 0, 7837840, 7837877, 0, NULL, 0.00, NULL, 0.00, NULL, NULL, '2012-08-09 10:28:57', '', '2011-06-03 10:28:45', 'OFF', 'ON'),
(7837863, 89, '1009070080', NULL, '2012-08-09 03:29:25', -6.658075, 106.915337, 0, 0, 697, 7, 331822.8, 11, '00000000', '00000000', NULL, 0, NULL, NULL, 0, 0, 7837857, NULL, 0, NULL, 0.00, NULL, 0.00, NULL, NULL, '2012-08-09 10:29:25', '', '2011-06-03 10:29:11', 'OFF', 'OFF'),
(7837864, 87, '1009070078', NULL, '2012-08-09 03:30:03', -6.899095, 107.532968, 83, 152, 751, 8, 1850.3, 2, '00000001', '00000000', NULL, 0, NULL, NULL, 0, 6.70000000000005, 7837842, 7837878, 0, NULL, 0.00, NULL, 0.00, NULL, NULL, '2012-08-09 10:30:03', '', '2011-06-03 10:29:48', 'OFF', 'ON'),
(7837865, 81, '1009070072', NULL, '2012-08-09 03:30:05', -6.988177, 107.844625, 0, 83, 738, 8, 155967.4, 2, '00000001', '00000000', NULL, 0, NULL, NULL, 0, 0, 7837850, 7837870, 0, NULL, 0.00, NULL, 0.00, NULL, NULL, '2012-08-09 10:30:05', '', '2011-06-03 10:29:51', 'OFF', 'ON'),
(7837866, 296, '1009070283', NULL, '2012-08-09 03:30:49', -6.855903, 107.59565, 19, 13, 980, 7, 76095.2, 2, '00000001', '00000000', NULL, 0, NULL, NULL, 0, 1.5, 7837846, 7837880, 0, NULL, 0.00, NULL, 0.00, NULL, NULL, '2012-08-09 10:30:49', '', '2011-06-03 10:30:34', 'OFF', 'ON'),
(7837867, 271, '1009070258', NULL, '2012-08-09 03:31:09', -6.331922, 107.13929, 0, 87, 50, 9, 77543.1, 2, '00000000', '00000000', NULL, 0, NULL, NULL, 0, 0, 7837848, 7837882, 0, NULL, 0.00, NULL, 0.00, NULL, NULL, '2012-08-09 10:31:09', '', '2011-06-03 10:30:54', 'OFF', 'OFF'),
(7837868, 525, '1009070396', NULL, '2012-08-09 03:31:16', -6.568625, 106.766788, 0, 51, 226, 9, 807.5, 2, '00000001', '00000000', NULL, 0, NULL, NULL, 0, 0, 7837849, 7837883, 0, NULL, 0.00, NULL, 0.00, NULL, NULL, '2012-08-09 10:31:16', 'Kerub Head Office', '2011-06-03 10:31:01', 'OFF', 'ON'),
(7837869, 151, '1009070139', NULL, '2012-08-09 03:31:43', -6.718837, 106.953665, 0, 255, 1184, 6, 101624.8, 2, '00000001', '00000000', NULL, 0, NULL, NULL, 0, 0.100000000005821, 7837851, 7837884, 0, NULL, 0.00, NULL, 0.00, NULL, NULL, '2012-08-09 10:31:43', '', '2011-06-03 10:31:28', 'OFF', 'ON'),
(7837870, 81, '1009070072', NULL, '2012-08-09 03:31:43', -6.988177, 107.844625, 0, 83, 738, 8, 155967.4, 11, '00000000', '00000000', NULL, 0, NULL, NULL, 0, 0, 7837865, 7837871, 0, NULL, 0.00, NULL, 0.00, NULL, NULL, '2012-08-09 10:31:43', '', '2011-06-03 10:31:31', 'OFF', 'OFF'),
(7837871, 81, '1009070072', NULL, '2012-08-09 03:31:44', -6.988177, 107.844625, 0, 83, 738, 8, 155967.4, 61, '00000000', '00000000', NULL, 0, NULL, NULL, 0, 0, 7837870, NULL, 0, NULL, 0.00, NULL, 0.00, NULL, NULL, '2012-08-09 10:31:44', '', '2011-06-03 10:31:35', 'OFF', 'OFF'),
(7837872, 71, '1009070062', NULL, '2012-08-09 03:32:04', -6.718412, 106.953045, 3, 207, 1173, 7, 182453.4, 2, '00000001', '00000000', NULL, 0, NULL, NULL, 0, 0.100000000005821, 7837854, 7837885, 0, NULL, 0.00, NULL, 0.00, NULL, NULL, '2012-08-09 10:32:04', '', '2011-06-03 10:31:49', 'OFF', 'ON'),
(7837873, 58, '1009070049', NULL, '2012-08-09 03:33:02', -7.604527, 110.206738, 0, 0, 260, 9, 137220.6, 2, '00000001', '00000000', NULL, 0, NULL, NULL, 0, 0, 7837855, 7837886, 0, NULL, 0.00, NULL, 0.00, NULL, NULL, '2012-08-09 10:33:02', '', '2011-06-03 10:32:47', 'OFF', 'ON'),
(7837874, 77, '1009070068', NULL, '2012-08-09 03:33:22', -6.127148, 106.84172, 0, 0, 16, 9, 291941.8, 2, '00000001', '00000000', NULL, 0, NULL, NULL, 0, 0, 7837858, 7837902, 0, NULL, 0.00, NULL, 0.00, NULL, NULL, '2012-08-09 10:33:22', '', '2011-06-03 10:33:07', 'OFF', 'ON'),
(7837875, 73, '1009070064', NULL, '2012-08-09 03:33:25', -6.713378, 106.949598, 0, 343, 1123, 8, 309148.8, 2, '00000001', '00000000', NULL, 0, NULL, NULL, 0, 0, 7837859, 7837889, 0, NULL, 0.00, NULL, 0.00, NULL, NULL, '2012-08-09 10:33:25', '', '2011-06-03 10:33:10', 'OFF', 'ON'),
(7837876, 150, '1009070138', NULL, '2012-08-09 03:33:54', -6.71912, 106.952867, 0, 92, 1189, 7, 105541.6, 2, '00000001', '00000000', NULL, 0, NULL, NULL, 0, 0.200000000011642, 7837861, 7837890, 0, NULL, 0.00, NULL, 0.00, NULL, NULL, '2012-08-09 10:33:54', '', '2011-06-03 10:33:39', 'OFF', 'ON'),
(7837877, 84, '1009070075', NULL, '2012-08-09 03:33:57', -7.604483, 110.206767, 0, 0, 276, 8, 153872.6, 2, '00000001', '00000000', NULL, 0, NULL, NULL, 0, 0, 7837862, 7837891, 0, NULL, 0.00, NULL, 0.00, NULL, NULL, '2012-08-09 10:33:57', '', '2011-06-03 10:33:43', 'OFF', 'ON'),
(7837878, 87, '1009070078', NULL, '2012-08-09 03:35:03', -6.95216, 107.56441, 88, 122, 705, 9, 1857.4, 2, '00000001', '00000000', NULL, 0, NULL, NULL, 0, 7.10000000000014, 7837864, 7837909, 0, NULL, 0.00, NULL, 0.00, NULL, NULL, '2012-08-09 10:35:03', '', '2011-06-03 10:34:56', 'OFF', 'ON'),
(7837879, 527, '1009070398', NULL, '2012-08-09 03:35:33', -7.56798, 110.815135, 0, 0, 165, 5, 345113.7, 2, '00000000', '00000000', NULL, 0, NULL, NULL, 0, 0, 7837382, 7837892, 0, NULL, 0.00, NULL, 0.00, NULL, NULL, '2012-08-09 10:35:33', '', '2011-06-03 10:35:18', 'OFF', 'OFF'),
(7837880, 296, '1009070283', NULL, '2012-08-09 03:35:49', -6.85183, 107.595693, 0, 288, 1018, 7, 76095.7, 2, '00000001', '00000000', NULL, 0, NULL, NULL, 0, 0.5, 7837866, 7837893, 0, NULL, 0.00, NULL, 0.00, NULL, NULL, '2012-08-09 10:35:49', '', '2011-06-03 10:35:34', 'OFF', 'ON'),
(7837881, 79, '1009070070', NULL, '2012-08-09 03:36:01', -6.569007, 106.76734, 0, 0, 214, 4, 239619.6, 2, '00000000', '00000000', NULL, 0, NULL, NULL, 0, 0, 7837371, 7837894, 0, NULL, 0.00, NULL, 0.00, NULL, NULL, '2012-08-09 10:36:01', '', '2011-06-03 10:35:46', 'OFF', 'OFF'),
(7837882, 271, '1009070258', NULL, '2012-08-09 03:36:09', -6.331922, 107.13929, 0, 87, 50, 9, 77543.1, 2, '00000000', '00000000', NULL, 0, NULL, NULL, 0, 0, 7837867, 7837895, 0, NULL, 0.00, NULL, 0.00, NULL, NULL, '2012-08-09 10:36:09', '', '2011-06-03 10:35:54', 'OFF', 'OFF'),
(7837883, 525, '1009070396', NULL, '2012-08-09 03:36:16', -6.568625, 106.766788, 0, 51, 226, 9, 807.5, 2, '00000001', '00000000', NULL, 0, NULL, NULL, 0, 0, 7837868, 7837896, 0, NULL, 0.00, NULL, 0.00, NULL, NULL, '2012-08-09 10:36:16', 'Kerub Head Office', '2011-06-03 10:36:01', 'OFF', 'ON'),
(7837884, 151, '1009070139', NULL, '2012-08-09 03:36:43', -6.71929, 106.953388, 6, 138, 1189, 6, 101625.2, 2, '00000001', '00000000', NULL, 0, NULL, NULL, 0, 0.399999999994179, 7837869, 7837897, 0, NULL, 0.00, NULL, 0.00, NULL, NULL, '2012-08-09 10:36:43', '', '2011-06-03 10:36:28', 'OFF', 'ON'),
(7837885, 71, '1009070062', NULL, '2012-08-09 03:37:04', -6.719952, 106.952663, 18, 128, 1199, 8, 182453.9, 2, '00000001', '00000000', NULL, 0, NULL, NULL, 0, 0.5, 7837872, 7837899, 0, NULL, 0.00, NULL, 0.00, NULL, NULL, '2012-08-09 10:37:04', '', '2011-06-03 10:36:49', 'OFF', 'ON'),
(7837886, 58, '1009070049', NULL, '2012-08-09 03:38:02', -7.604527, 110.206738, 0, 0, 260, 9, 137220.6, 2, '00000001', '00000000', NULL, 0, NULL, NULL, 0, 0, 7837873, 7837901, 0, NULL, 0.00, NULL, 0.00, NULL, NULL, '2012-08-09 10:38:02', '', '2011-06-03 10:37:47', 'OFF', 'ON'),
(7837887, 530, '1009080001', NULL, '2012-08-09 03:38:23', -6.11347, 106.875838, 0, 173, 51, 0, 198.2, 11, '00000001', '00000000', NULL, 0, NULL, NULL, 0, 0, 7837751, 7837888, 0, NULL, 0.00, NULL, 0.00, NULL, NULL, '2012-08-09 10:38:23', '', '2011-06-03 10:38:09', 'DISABLE', 'ON'),
(7837888, 530, '1009080001', NULL, '2012-08-09 03:38:23', -6.113325, 106.875673, 0, 0, 81, 8, 198.2, 2, '00000001', '00000000', NULL, 0, NULL, NULL, 0, 0, 7837887, 7837903, 0, NULL, 0.00, NULL, 0.00, NULL, NULL, '2012-08-09 10:38:23', '', '2011-06-03 10:38:12', 'DISABLE', 'ON'),
(7837889, 73, '1009070064', NULL, '2012-08-09 03:38:25', -6.713378, 106.949598, 0, 343, 1123, 8, 309148.8, 2, '00000001', '00000000', NULL, 0, NULL, NULL, 0, 0, 7837875, 7837904, 0, NULL, 0.00, NULL, 0.00, NULL, NULL, '2012-08-09 10:38:25', '', '2011-06-03 10:38:15', 'OFF', 'ON'),
(7837890, 150, '1009070138', NULL, '2012-08-09 03:38:54', -6.72092, 106.952907, 5, 164, 1210, 6, 105542.2, 2, '00000001', '00000000', NULL, 0, NULL, NULL, 0, 0.599999999991269, 7837876, 7837905, 0, NULL, 0.00, NULL, 0.00, NULL, NULL, '2012-08-09 10:38:54', '', '2011-06-03 10:38:39', 'OFF', 'ON'),
(7837891, 84, '1009070075', NULL, '2012-08-09 03:38:57', -7.604483, 110.206767, 0, 0, 276, 9, 153872.6, 2, '00000001', '00000000', NULL, 0, NULL, NULL, 0, 0, 7837877, 7837908, 0, NULL, 0.00, NULL, 0.00, NULL, NULL, '2012-08-09 10:38:57', '', '2011-06-03 10:38:43', 'OFF', 'ON'),
(7837892, 527, '1009070398', NULL, '2012-08-09 03:40:33', -7.567923, 110.81507, 0, 0, 128, 8, 345113.7, 2, '00000000', '00000000', NULL, 0, NULL, NULL, 0, 0, 7837879, 7837898, 0, NULL, 0.00, NULL, 0.00, NULL, NULL, '2012-08-09 10:40:33', '', '2011-06-03 10:40:18', 'OFF', 'OFF'),
(7837893, 296, '1009070283', NULL, '2012-08-09 03:40:49', -6.85183, 107.595693, 0, 288, 1018, 7, 76095.7, 2, '00000001', '00000000', NULL, 0, NULL, NULL, 0, 0, 7837880, 7837900, 0, NULL, 0.00, NULL, 0.00, NULL, NULL, '2012-08-09 10:40:49', '', '2011-06-03 10:40:34', 'OFF', 'ON'),
(7837894, 79, '1009070070', NULL, '2012-08-09 03:41:01', -6.568838, 106.766857, 0, 0, 244, 8, 239619.6, 2, '00000000', '00000000', NULL, 0, NULL, NULL, 0, 0, 7837881, 7837913, 0, NULL, 0.00, NULL, 0.00, NULL, NULL, '2012-08-09 10:41:01', 'Kerub Head Office', '2011-06-03 10:40:46', 'OFF', 'OFF'),
(7837895, 271, '1009070258', NULL, '2012-08-09 03:41:09', -6.331922, 107.13929, 0, 87, 50, 9, 77543.1, 2, '00000000', '00000000', NULL, 0, NULL, NULL, 0, 0, 7837882, 7837930, 0, NULL, 0.00, NULL, 0.00, NULL, NULL, '2012-08-09 10:41:09', '', '2011-06-03 10:40:54', 'OFF', 'OFF'),
(7837896, 525, '1009070396', NULL, '2012-08-09 03:41:16', -6.568625, 106.766788, 0, 51, 226, 9, 807.5, 2, '00000001', '00000000', NULL, 0, NULL, NULL, 0, 0, 7837883, 7837914, 0, NULL, 0.00, NULL, 0.00, NULL, NULL, '2012-08-09 10:41:16', 'Kerub Head Office', '2011-06-03 10:41:01', 'OFF', 'ON'),
(7837897, 151, '1009070139', NULL, '2012-08-09 03:41:43', -6.720778, 106.952932, 0, 219, 1211, 6, 101625.7, 2, '00000001', '00000000', NULL, 0, NULL, NULL, 0, 0.5, 7837884, 7837915, 0, NULL, 0.00, NULL, 0.00, NULL, NULL, '2012-08-09 10:41:43', '', '2011-06-03 10:41:28', 'OFF', 'ON'),
(7837898, 527, '1009070398', NULL, '2012-08-09 03:42:02', -7.567923, 110.81507, 0, 0, 128, 8, 345113.7, 11, '00000001', '00000000', NULL, 0, NULL, NULL, 0, 0, 7837892, 7837911, 0, NULL, 0.00, NULL, 0.00, NULL, NULL, '2012-08-09 10:42:02', '', '2011-06-03 10:41:48', 'OFF', 'ON'),
(7837899, 71, '1009070062', NULL, '2012-08-09 03:42:04', -6.721302, 106.953145, 0, 144, 1219, 7, 182454.2, 2, '00000001', '00000000', NULL, 0, NULL, NULL, 0, 0.300000000017462, 7837885, 7837916, 0, NULL, 0.00, NULL, 0.00, NULL, NULL, '2012-08-09 10:42:04', '', '2011-06-03 10:41:51', 'OFF', 'ON'),
(7837900, 296, '1009070283', NULL, '2012-08-09 03:42:50', -6.85183, 107.595693, 0, 288, 1018, 7, 76095.7, 60, '00000001', '00000000', NULL, 0, NULL, NULL, 0, 0, 7837893, 7837912, 0, NULL, 0.00, NULL, 0.00, NULL, NULL, '2012-08-09 10:42:50', '', '2011-06-03 10:42:36', 'OFF', 'ON'),
(7837901, 58, '1009070049', NULL, '2012-08-09 03:43:02', -7.604527, 110.206738, 0, 0, 260, 8, 137220.6, 2, '00000001', '00000000', NULL, 0, NULL, NULL, 0, 0, 7837886, 7837917, 0, NULL, 0.00, NULL, 0.00, NULL, NULL, '2012-08-09 10:43:02', '', '2011-06-03 10:42:47', 'OFF', 'ON'),
(7837902, 77, '1009070068', NULL, '2012-08-09 03:43:22', -6.127148, 106.84172, 0, 0, 16, 9, 291941.8, 2, '00000001', '00000000', NULL, 0, NULL, NULL, 0, 0, 7837874, 7837918, 0, NULL, 0.00, NULL, 0.00, NULL, NULL, '2012-08-09 10:43:22', '', '2011-06-03 10:43:07', 'OFF', 'ON'),
(7837903, 530, '1009080001', NULL, '2012-08-09 03:43:23', -6.112942, 106.876253, 0, 226, 34, 9, 198.4, 2, '00000001', '00000000', NULL, 0, NULL, NULL, 0, 0.200000000000017, 7837888, 7837919, 0, NULL, 0.00, NULL, 0.00, NULL, NULL, '2012-08-09 10:43:23', '', '2011-06-03 10:43:11', 'DISABLE', 'ON'),
(7837904, 73, '1009070064', NULL, '2012-08-09 03:43:25', -6.713378, 106.949598, 0, 343, 1123, 8, 309148.8, 2, '00000001', '00000000', NULL, 0, NULL, NULL, 0, 0, 7837889, 7837920, 0, NULL, 0.00, NULL, 0.00, NULL, NULL, '2012-08-09 10:43:25', '', '2011-06-03 10:43:13', 'OFF', 'ON'),
(7837905, 150, '1009070138', NULL, '2012-08-09 03:43:54', -6.72193, 106.954842, 6, 125, 1235, 6, 105542.5, 2, '00000001', '00000000', NULL, 0, NULL, NULL, 0, 0.30000000000291, 7837890, 7837923, 0, NULL, 0.00, NULL, 0.00, NULL, NULL, '2012-08-09 10:43:54', '', '2011-06-03 10:43:39', 'OFF', 'ON'),
(7837906, 272, '1009070259', NULL, '2012-08-09 03:43:55', -6.568713, 106.766613, 0, 0, 229, 0, 93755.8, 11, '00000001', '00000000', NULL, 0, NULL, NULL, 0, 0, 7837447, 7837907, 0, NULL, 0.00, NULL, 0.00, NULL, NULL, '2012-08-09 10:43:55', 'Kerub Head Office', '2011-06-03 10:43:43', 'OFF', 'ON'),
(7837907, 272, '1009070259', NULL, '2012-08-09 03:43:55', -6.568762, 106.766645, 0, 0, 229, 4, 93755.8, 2, '00000001', '00000000', NULL, 0, NULL, NULL, 0, 0, 7837906, 7837922, 0, NULL, 0.00, NULL, 0.00, NULL, NULL, '2012-08-09 10:43:55', 'Kerub Head Office', '2011-06-03 10:43:45', 'OFF', 'ON'),
(7837908, 84, '1009070075', NULL, '2012-08-09 03:43:57', -7.604483, 110.206767, 0, 0, 276, 9, 153872.6, 2, '00000001', '00000000', NULL, 0, NULL, NULL, 0, 0, 7837891, 7837924, 0, NULL, 0.00, NULL, 0.00, NULL, NULL, '2012-08-09 10:43:57', '', '2011-06-03 10:43:48', 'OFF', 'ON'),
(7837909, 87, '1009070078', NULL, '2012-08-09 03:45:03', -6.969497, 107.690047, 93, 95, 694, 10, 1871.8, 2, '00000001', '00000000', NULL, 0, NULL, NULL, 0, 14.3999999999999, 7837878, 7837925, 0, NULL, 0.00, NULL, 0.00, NULL, NULL, '2012-08-09 10:45:03', '', '2011-06-03 10:44:48', 'OFF', 'ON'),
(7837910, 529, '1009070400', NULL, '2012-08-09 03:45:15', -6.568742, 106.76658, 0, 0, 209, 7, 284553.2, 2, '00000000', '00000000', NULL, 0, NULL, NULL, 0, 0, 7837423, 7837926, 0, NULL, 0.00, NULL, 0.00, NULL, NULL, '2012-08-09 10:45:15', 'Kerub Head Office', '2011-06-03 10:45:01', 'OFF', 'OFF'),
(7837911, 527, '1009070398', NULL, '2012-08-09 03:45:33', -7.567923, 110.81507, 0, 0, 128, 9, 345113.7, 2, '00000001', '00000000', NULL, 0, NULL, NULL, 0, 0, 7837898, 7837927, 0, NULL, 0.00, NULL, 0.00, NULL, NULL, '2012-08-09 10:45:33', '', '2011-06-03 10:45:19', 'OFF', 'ON'),
(7837912, 296, '1009070283', NULL, '2012-08-09 03:45:49', -6.85183, 107.595693, 0, 288, 1018, 9, 76095.7, 2, '00000001', '00000000', NULL, 0, NULL, NULL, 0, 0, 7837900, 7837928, 0, NULL, 0.00, NULL, 0.00, NULL, NULL, '2012-08-09 10:45:49', '', '2011-06-03 10:45:34', 'OFF', 'ON'),
(7837913, 79, '1009070070', NULL, '2012-08-09 03:46:01', -6.568838, 106.766857, 0, 0, 244, 9, 239619.6, 2, '00000000', '00000000', NULL, 0, NULL, NULL, 0, 0, 7837894, NULL, 0, NULL, 0.00, NULL, 0.00, NULL, NULL, '2012-08-09 10:46:01', 'Kerub Head Office', '2011-06-03 10:45:46', 'OFF', 'OFF'),
(7837914, 525, '1009070396', NULL, '2012-08-09 03:46:16', -6.568625, 106.766788, 0, 51, 226, 10, 807.5, 2, '00000001', '00000000', NULL, 0, NULL, NULL, 0, 0, 7837896, 7837931, 0, NULL, 0.00, NULL, 0.00, NULL, NULL, '2012-08-09 10:46:16', 'Kerub Head Office', '2011-06-03 10:46:01', 'OFF', 'ON'),
(7837915, 151, '1009070139', NULL, '2012-08-09 03:46:43', -6.722137, 106.954532, 2, 33, 1232, 7, 101626, 2, '00000001', '00000000', NULL, 0, NULL, NULL, 0, 0.30000000000291, 7837897, 7837921, 0, NULL, 0.00, NULL, 0.00, NULL, NULL, '2012-08-09 10:46:43', '', '2011-06-03 10:46:29', 'OFF', 'ON'),
(7837916, 71, '1009070062', NULL, '2012-08-09 03:47:04', -6.722312, 106.9549, 5, 145, 1250, 7, 182454.5, 2, '00000001', '00000000', NULL, 0, NULL, NULL, 0, 0.299999999988358, 7837899, 7837933, 0, NULL, 0.00, NULL, 0.00, NULL, NULL, '2012-08-09 10:47:04', '', '2011-06-03 10:46:49', 'OFF', 'ON'),
(7837917, 58, '1009070049', NULL, '2012-08-09 03:48:02', -7.604527, 110.206738, 0, 0, 260, 9, 137220.6, 2, '00000001', '00000000', NULL, 0, NULL, NULL, 0, 0, 7837901, 7837938, 0, NULL, 0.00, NULL, 0.00, NULL, NULL, '2012-08-09 10:48:02', '', '2011-06-03 10:47:47', 'OFF', 'ON'),
(7837918, 77, '1009070068', NULL, '2012-08-09 03:48:22', -6.127148, 106.84172, 0, 0, 16, 8, 291941.8, 2, '00000001', '00000000', NULL, 0, NULL, NULL, 0, 0, 7837902, 7837939, 0, NULL, 0.00, NULL, 0.00, NULL, NULL, '2012-08-09 10:48:22', '', '2011-06-03 10:48:07', 'OFF', 'ON'),
(7837919, 530, '1009080001', NULL, '2012-08-09 03:48:23', -6.11365, 106.875965, 19, 228, 47, 10, 198.5, 2, '00000001', '00000000', NULL, 0, NULL, NULL, 0, 0.0999999999999943, 7837903, 7837940, 0, NULL, 0.00, NULL, 0.00, NULL, NULL, '2012-08-09 10:48:23', '', '2011-06-03 10:48:11', 'DISABLE', 'ON'),
(7837920, 73, '1009070064', NULL, '2012-08-09 03:48:25', -6.713378, 106.949598, 0, 343, 1123, 8, 309148.8, 2, '00000001', '00000000', NULL, 0, NULL, NULL, 0, 0, 7837904, 7837941, 0, NULL, 0.00, NULL, 0.00, NULL, NULL, '2012-08-09 10:48:25', '', '2011-06-03 10:48:13', 'OFF', 'ON'),
(7837921, 151, '1009070139', NULL, '2012-08-09 03:48:51', -6.722068, 106.95485, 0, 178, 1250, 7, 101626, 60, '00000001', '00000000', NULL, 0, NULL, NULL, 0, 0, 7837915, 7837929, 0, NULL, 0.00, NULL, 0.00, NULL, NULL, '2012-08-09 10:48:51', '', '2011-06-03 10:48:37', 'OFF', 'ON'),
(7837922, 272, '1009070259', NULL, '2012-08-09 03:48:55', -6.568713, 106.766612, 0, 0, 224, 9, 93755.9, 2, '00000001', '00000000', NULL, 0, NULL, NULL, 0, 0.0999999999912689, 7837907, 7837943, 0, NULL, 0.00, NULL, 0.00, NULL, NULL, '2012-08-09 10:48:55', 'Kerub Head Office', '2011-06-03 10:48:41', 'OFF', 'ON'),
(7837923, 150, '1009070138', NULL, '2012-08-09 03:48:54', -6.72212, 106.95334, 16, 88, 1225, 6, 105542.9, 2, '00000001', '00000000', NULL, 0, NULL, NULL, 0, 0.399999999994179, 7837905, 7837942, 0, NULL, 0.00, NULL, 0.00, NULL, NULL, '2012-08-09 10:48:54', '', '2011-06-03 10:48:43', 'OFF', 'ON'),
(7837924, 84, '1009070075', NULL, '2012-08-09 03:48:57', -7.604483, 110.206767, 0, 0, 276, 9, 153872.6, 2, '00000001', '00000000', NULL, 0, NULL, NULL, 0, 0, 7837908, 7837944, 0, NULL, 0.00, NULL, 0.00, NULL, NULL, '2012-08-09 10:48:57', '', '2011-06-03 10:48:47', 'OFF', 'ON'),
(7837925, 87, '1009070078', NULL, '2012-08-09 03:50:03', -6.945325, 107.74716, 62, 67, 708, 10, 1878.8, 2, '00000001', '00000000', NULL, 0, NULL, NULL, 0, 7, 7837909, 7837946, 0, NULL, 0.00, NULL, 0.00, NULL, NULL, '2012-08-09 10:50:03', '', '2011-06-03 10:49:51', 'OFF', 'ON'),
(7837926, 529, '1009070400', NULL, '2012-08-09 03:50:15', -6.568643, 106.766698, 0, 0, 225, 10, 284553.2, 2, '00000000', '00000000', NULL, 0, NULL, NULL, 0, 0, 7837910, 7837947, 0, NULL, 0.00, NULL, 0.00, NULL, NULL, '2012-08-09 10:50:15', 'Kerub Head Office', '2011-06-03 10:50:00', 'OFF', 'OFF'),
(7837927, 527, '1009070398', NULL, '2012-08-09 03:50:33', -7.567923, 110.81507, 0, 0, 128, 8, 345113.7, 2, '00000001', '00000000', NULL, 0, NULL, NULL, 0, 0, 7837911, 7837936, 0, NULL, 0.00, NULL, 0.00, NULL, NULL, '2012-08-09 10:50:33', '', '2011-06-03 10:50:18', 'OFF', 'ON'),
(7837928, 296, '1009070283', NULL, '2012-08-09 03:50:49', -6.85183, 107.595693, 0, 288, 1018, 8, 76095.7, 2, '00000001', '00000000', NULL, 0, NULL, NULL, 0, 0, 7837912, 7837949, 0, NULL, 0.00, NULL, 0.00, NULL, NULL, '2012-08-09 10:50:49', '', '2011-06-03 10:50:34', 'OFF', 'ON'),
(7837929, 151, '1009070139', NULL, '2012-08-09 03:50:58', -6.72276, 106.954323, 11, 286, 1243, 7, 101626.2, 61, '00000001', '00000000', NULL, 0, NULL, NULL, 0, 0.19999999999709, 7837921, 7837932, 0, NULL, 0.00, NULL, 0.00, NULL, NULL, '2012-08-09 10:50:58', '', '2011-06-03 10:50:43', 'OFF', 'ON'),
(7837930, 271, '1009070258', NULL, '2012-08-09 03:51:09', -6.331922, 107.13929, 0, 87, 50, 10, 77543.1, 2, '00000000', '00000000', NULL, 0, NULL, NULL, 0, 0, 7837895, 7837950, 0, NULL, 0.00, NULL, 0.00, NULL, NULL, '2012-08-09 10:51:09', '', '2011-06-03 10:50:54', 'OFF', 'OFF'),
(7837931, 525, '1009070396', NULL, '2012-08-09 03:51:16', -6.568625, 106.766788, 0, 51, 226, 8, 807.5, 2, '00000001', '00000000', NULL, 0, NULL, NULL, 0, 0, 7837914, 7837972, 0, NULL, 0.00, NULL, 0.00, NULL, NULL, '2012-08-09 10:51:16', 'Kerub Head Office', '2011-06-03 10:51:01', 'OFF', 'ON'),
(7837932, 151, '1009070139', NULL, '2012-08-09 03:51:43', -6.722723, 106.953663, 0, 251, 1259, 5, 101626.2, 2, '00000001', '00000000', NULL, 0, NULL, NULL, 0, 0, 7837929, 7837951, 0, NULL, 0.00, NULL, 0.00, NULL, NULL, '2012-08-09 10:51:43', '', '2011-06-03 10:51:28', 'OFF', 'ON'),
(7837933, 71, '1009070062', NULL, '2012-08-09 03:52:04', -6.721563, 106.952763, 8, 71, 1218, 7, 182455, 2, '00000001', '00000000', NULL, 0, NULL, NULL, 0, 0.5, 7837916, 7837952, 0, NULL, 0.00, NULL, 0.00, NULL, NULL, '2012-08-09 10:52:04', '', '2011-06-03 10:51:49', 'OFF', 'ON'),
(7837934, 75, '1009070066', NULL, '2012-08-09 03:52:08', -6.568822, 106.766795, 0, 0, 232, 0, 362944.8, 41, '00000000', '00000000', NULL, 0, NULL, NULL, 0, 0, 7837794, 7837935, 0, NULL, 0.00, NULL, 0.00, NULL, NULL, '2012-08-09 10:52:08', 'Kerub Head Office', '2011-06-03 10:51:54', 'OFF', 'OFF'),
(7837935, 75, '1009070066', NULL, '2012-08-09 03:52:08', -6.568835, 106.766693, 0, 0, 264, 6, 362944.8, 2, '00000000', '00000000', NULL, 0, NULL, NULL, 0, 0, 7837934, 7837953, 0, NULL, 0.00, NULL, 0.00, NULL, NULL, '2012-08-09 10:52:08', 'Kerub Head Office', '2011-06-03 10:51:57', 'OFF', 'OFF'),
(7837936, 527, '1009070398', NULL, '2012-08-09 03:53:00', -7.567923, 110.81507, 0, 0, 128, 9, 345113.7, 60, '00000001', '00000000', NULL, 0, NULL, NULL, 0, 0, 7837927, 7837948, 0, NULL, 0.00, NULL, 0.00, NULL, NULL, '2012-08-09 10:53:00', '', '2011-06-03 10:52:46', 'OFF', 'ON'),
(7837937, 33, '1009070023', NULL, '2012-08-09 03:53:02', -6.656612, 106.916017, 0, 0, 684, 4, 136450.8, 2, '00000000', '00000000', NULL, 0, NULL, NULL, 0, 0, 7837466, 7837958, 0, NULL, 0.00, NULL, 0.00, NULL, NULL, '2012-08-09 10:53:02', '', '2011-06-03 10:52:50', 'OFF', 'OFF'),
(7837938, 58, '1009070049', NULL, '2012-08-09 03:53:02', -7.604527, 110.206738, 0, 0, 260, 9, 137220.6, 2, '00000001', '00000000', NULL, 0, NULL, NULL, 0, 0, 7837917, 7837959, 0, NULL, 0.00, NULL, 0.00, NULL, NULL, '2012-08-09 10:53:02', '', '2011-06-03 10:52:53', 'OFF', 'ON'),
(7837939, 77, '1009070068', NULL, '2012-08-09 03:53:22', -6.127148, 106.84172, 0, 0, 16, 9, 291941.8, 2, '00000001', '00000000', NULL, 0, NULL, NULL, 0, 0, 7837918, 7837960, 0, NULL, 0.00, NULL, 0.00, NULL, NULL, '2012-08-09 10:53:22', '', '2011-06-03 10:53:07', 'OFF', 'ON'),
(7837940, 530, '1009080001', NULL, '2012-08-09 03:53:23', -6.121015, 106.862577, 8, 327, 28, 10, 200.4, 2, '00000001', '00000000', NULL, 0, NULL, NULL, 0, 1.90000000000001, 7837919, 7837961, 0, NULL, 0.00, NULL, 0.00, NULL, NULL, '2012-08-09 10:53:23', '', '2011-06-03 10:53:10', 'DISABLE', 'ON'),
(7837941, 73, '1009070064', NULL, '2012-08-09 03:53:25', -6.713378, 106.949598, 0, 343, 1123, 8, 309148.8, 2, '00000001', '00000000', NULL, 0, NULL, NULL, 0, 0, 7837920, 7837962, 0, NULL, 0.00, NULL, 0.00, NULL, NULL, '2012-08-09 10:53:25', '', '2011-06-03 10:53:13', 'OFF', 'ON'),
(7837942, 150, '1009070138', NULL, '2012-08-09 03:53:54', -6.719907, 106.952417, 0, 329, 1200, 7, 105543.5, 2, '00000001', '00000000', NULL, 0, NULL, NULL, 0, 0.600000000005821, 7837923, 7837964, 0, NULL, 0.00, NULL, 0.00, NULL, NULL, '2012-08-09 10:53:54', '', '2011-06-03 10:53:39', 'OFF', 'ON'),
(7837943, 272, '1009070259', NULL, '2012-08-09 03:53:55', -6.569115, 106.766418, 0, 226, 228, 10, 93755.9, 2, '00000001', '00000000', NULL, 0, NULL, NULL, 0, 0, 7837922, 7837945, 0, NULL, 0.00, NULL, 0.00, NULL, NULL, '2012-08-09 10:53:55', 'Kerub Head Office', '2011-06-03 10:53:42', 'OFF', 'ON'),
(7837944, 84, '1009070075', NULL, '2012-08-09 03:53:57', -7.604483, 110.206767, 0, 0, 276, 9, 153872.6, 2, '00000001', '00000000', NULL, 0, NULL, NULL, 0, 0, 7837924, 7837966, 0, NULL, 0.00, NULL, 0.00, NULL, NULL, '2012-08-09 10:53:57', '', '2011-06-03 10:53:45', 'OFF', 'ON'),
(7837945, 272, '1009070259', NULL, '2012-08-09 03:54:52', -6.569115, 106.766418, 0, 226, 228, 10, 93755.9, 60, '00000001', '00000000', NULL, 0, NULL, NULL, 0, 0, 7837943, 7837963, 0, NULL, 0.00, NULL, 0.00, NULL, NULL, '2012-08-09 10:54:52', 'Kerub Head Office', '2011-06-03 10:54:38', 'OFF', 'ON'),
(7837946, 87, '1009070078', NULL, '2012-08-09 03:55:03', -6.945373, 107.758037, 48, 169, 722, 10, 1880.9, 2, '00000001', '00000000', NULL, 0, NULL, NULL, 0, 2.10000000000014, 7837925, 7837967, 0, NULL, 0.00, NULL, 0.00, NULL, NULL, '2012-08-09 10:55:03', '', '2011-06-03 10:54:48', 'OFF', 'ON'),
(7837947, 529, '1009070400', NULL, '2012-08-09 03:55:15', -6.568643, 106.766698, 0, 0, 225, 10, 284553.2, 2, '00000000', '00000000', NULL, 0, NULL, NULL, 0, 0, 7837926, NULL, 0, NULL, 0.00, NULL, 0.00, NULL, NULL, '2012-08-09 10:55:15', 'Kerub Head Office', '2011-06-03 10:55:01', 'OFF', 'OFF'),
(7837948, 527, '1009070398', NULL, '2012-08-09 03:55:33', -7.567923, 110.81507, 0, 0, 128, 9, 345113.7, 2, '00000001', '00000000', NULL, 0, NULL, NULL, 0, 0, 7837936, 7837968, 0, NULL, 0.00, NULL, 0.00, NULL, NULL, '2012-08-09 10:55:33', '', '2011-06-03 10:55:18', 'OFF', 'ON'),
(7837949, 296, '1009070283', NULL, '2012-08-09 03:55:49', -6.85183, 107.595693, 0, 288, 1018, 9, 76095.7, 2, '00000001', '00000000', NULL, 0, NULL, NULL, 0, 0, 7837928, 7837970, 0, NULL, 0.00, NULL, 0.00, NULL, NULL, '2012-08-09 10:55:49', '', '2011-06-03 10:55:34', 'OFF', 'ON'),
(7837950, 271, '1009070258', NULL, '2012-08-09 03:56:09', -6.331922, 107.13929, 0, 87, 50, 9, 77543.1, 2, '00000000', '00000000', NULL, 0, NULL, NULL, 0, 0, 7837930, 7837971, 0, NULL, 0.00, NULL, 0.00, NULL, NULL, '2012-08-09 10:56:09', '', '2011-06-03 10:55:54', 'OFF', 'OFF'),
(7837951, 151, '1009070139', NULL, '2012-08-09 03:56:43', -6.721215, 106.952722, 10, 271, 1212, 7, 101626.7, 2, '00000001', '00000000', NULL, 0, NULL, NULL, 0, 0.5, 7837932, 7837973, 0, NULL, 0.00, NULL, 0.00, NULL, NULL, '2012-08-09 10:56:43', '', '2011-06-03 10:56:28', 'OFF', 'ON'),
(7837952, 71, '1009070062', NULL, '2012-08-09 03:57:04', -6.71831, 106.951395, 0, 313, 1181, 8, 182455.6, 2, '00000001', '00000000', NULL, 0, NULL, NULL, 0, 0.600000000005821, 7837933, 7837974, 0, NULL, 0.00, NULL, 0.00, NULL, NULL, '2012-08-09 10:57:04', '', '2011-06-03 10:56:49', 'OFF', 'ON'),
(7837953, 75, '1009070066', NULL, '2012-08-09 03:57:08', -6.568812, 106.76673, 0, 0, 233, 10, 362944.8, 2, '00000000', '00000000', NULL, 0, NULL, NULL, 0, 0, 7837935, 7837975, 0, NULL, 0.00, NULL, 0.00, NULL, NULL, '2012-08-09 10:57:08', 'Kerub Head Office', '2011-06-03 10:56:53', 'OFF', 'OFF'),
(7837954, 88, '1009070079', NULL, '2012-08-09 03:57:13', -6.568622, 106.76666, 0, 0, 225, 0, 204223.1, 11, '00000001', '00000000', NULL, 0, NULL, NULL, 0, 0, 7837860, 7837955, 0, NULL, 0.00, NULL, 0.00, NULL, NULL, '2012-08-09 10:57:13', 'Kerub Head Office', '2011-06-03 10:57:01', 'OFF', 'ON'),
(7837955, 88, '1009070079', NULL, '2012-08-09 03:57:13', -6.568622, 106.76666, 0, 0, 225, 0, 204223.1, 11, '00000000', '00000000', NULL, 0, NULL, NULL, 0, 0, 7837954, 7837956, 0, NULL, 0.00, NULL, 0.00, NULL, NULL, '2012-08-09 10:57:13', 'Kerub Head Office', '2011-06-03 10:57:04', 'OFF', 'OFF'),
(7837956, 88, '1009070079', NULL, '2012-08-09 03:57:13', -6.568673, 106.766718, 0, 0, 251, 5, 204223.1, 2, '00000000', '00000000', NULL, 0, NULL, NULL, 0, 0, 7837955, NULL, 0, NULL, 0.00, NULL, 0.00, NULL, NULL, '2012-08-09 10:57:13', 'Kerub Head Office', '2011-06-03 10:57:06', 'OFF', 'OFF'),
(7837957, 86, '1009070077', NULL, '2012-08-09 03:57:35', -6.410283, 106.986428, 0, 0, 100, 6, 222037.9, 2, '00000000', '00000000', NULL, 0, NULL, NULL, 0, 0, 7837484, 7837976, 0, NULL, 0.00, NULL, 0.00, NULL, NULL, '2012-08-09 10:57:35', 'Taman Rekreasi & Olahraga, Cileungsi-Jonggol', '2011-06-03 10:57:20', 'OFF', 'OFF'),
(7837958, 33, '1009070023', NULL, '2012-08-09 03:58:02', -6.656607, 106.916198, 0, 0, 724, 9, 136450.8, 2, '00000000', '00000000', NULL, 0, NULL, NULL, 0, 0, 7837937, 7837977, 0, NULL, 0.00, NULL, 0.00, NULL, NULL, '2012-08-09 10:58:02', '', '2011-06-03 10:57:47', 'OFF', 'OFF'),
(7837959, 58, '1009070049', NULL, '2012-08-09 03:58:02', -7.604527, 110.206738, 0, 0, 260, 9, 137220.6, 2, '00000001', '00000000', NULL, 0, NULL, NULL, 0, 0, 7837938, 7837978, 0, NULL, 0.00, NULL, 0.00, NULL, NULL, '2012-08-09 10:58:02', '', '2011-06-03 10:57:50', 'OFF', 'ON'),
(7837960, 77, '1009070068', NULL, '2012-08-09 03:58:22', -6.127148, 106.84172, 0, 0, 16, 9, 291941.8, 2, '00000001', '00000000', NULL, 0, NULL, NULL, 0, 0, 7837939, 7837980, 0, NULL, 0.00, NULL, 0.00, NULL, NULL, '2012-08-09 10:58:22', '', '2011-06-03 10:58:07', 'OFF', 'ON'),
(7837961, 530, '1009080001', NULL, '2012-08-09 03:58:23', -6.127265, 106.84876, 19, 262, 25, 10, 202.1, 2, '00000001', '00000000', NULL, 0, NULL, NULL, 0, 1.69999999999999, 7837940, 7837979, 0, NULL, 0.00, NULL, 0.00, NULL, NULL, '2012-08-09 10:58:23', '', '2011-06-03 10:58:10', 'DISABLE', 'ON'),
(7837962, 73, '1009070064', NULL, '2012-08-09 03:58:25', -6.713378, 106.949598, 0, 343, 1123, 7, 309148.8, 2, '00000001', '00000000', NULL, 0, NULL, NULL, 0, 0, 7837941, 7837981, 0, NULL, 0.00, NULL, 0.00, NULL, NULL, '2012-08-09 10:58:25', '', '2011-06-03 10:58:13', 'OFF', 'ON'),
(7837963, 272, '1009070259', NULL, '2012-08-09 03:58:39', -6.569133, 106.766207, 11, 313, 241, 10, 93755.9, 61, '00000001', '00000000', NULL, 0, NULL, NULL, 0, 0, 7837945, 7837965, 0, NULL, 0.00, NULL, 0.00, NULL, NULL, '2012-08-09 10:58:39', '', '2011-06-03 10:58:25', 'OFF', 'ON'),
(7837964, 150, '1009070138', NULL, '2012-08-09 03:58:54', -6.716265, 106.949597, 8, 186, 1141, 6, 105544.1, 2, '00000001', '00000000', NULL, 0, NULL, NULL, 0, 0.600000000005821, 7837942, 7837982, 0, NULL, 0.00, NULL, 0.00, NULL, NULL, '2012-08-09 10:58:54', '', '2011-06-03 10:58:39', 'OFF', 'ON'),
(7837965, 272, '1009070259', NULL, '2012-08-09 03:58:55', -6.568617, 106.765818, 20, 324, 237, 10, 93756, 2, '00000001', '00000000', NULL, 0, NULL, NULL, 0, 0.100000000005821, 7837963, 7837983, 0, NULL, 0.00, NULL, 0.00, NULL, NULL, '2012-08-09 10:58:55', '', '2011-06-03 10:58:43', 'OFF', 'ON'),
(7837966, 84, '1009070075', NULL, '2012-08-09 03:58:57', -7.604483, 110.206767, 0, 0, 276, 9, 153872.6, 2, '00000001', '00000000', NULL, 0, NULL, NULL, 0, 0, 7837944, 7837984, 0, NULL, 0.00, NULL, 0.00, NULL, NULL, '2012-08-09 10:58:57', '', '2011-06-03 10:58:46', 'OFF', 'ON'),
(7837967, 87, '1009070078', NULL, '2012-08-09 04:00:03', -6.95593, 107.7746, 45, 107, 716, 10, 1883.1, 2, '00000001', '00000000', NULL, 0, NULL, NULL, 0, 2.19999999999982, 7837946, NULL, 0, NULL, 0.00, NULL, 0.00, NULL, NULL, '2012-08-09 11:00:03', '', '2011-06-03 10:59:48', 'OFF', 'ON'),
(7837968, 527, '1009070398', NULL, '2012-08-09 04:00:12', -7.568222, 110.815338, 12, 104, 120, 9, 345113.8, 61, '00000001', '00000000', NULL, 0, NULL, NULL, 0, 0.099999999976717, 7837948, 7837969, 0, NULL, 0.00, NULL, 0.00, NULL, NULL, '2012-08-09 11:00:12', '', '2011-06-03 10:59:58', 'OFF', 'ON'),
(7837969, 527, '1009070398', NULL, '2012-08-09 04:00:33', -7.568595, 110.8165, 26, 109, 123, 10, 345113.9, 2, '00000001', '00000000', NULL, 0, NULL, NULL, 0, 0.100000000034925, 7837968, NULL, 0, NULL, 0.00, NULL, 0.00, NULL, NULL, '2012-08-09 11:00:33', '', '2011-06-03 11:00:18', 'OFF', 'ON'),
(7837970, 296, '1009070283', NULL, '2012-08-09 04:00:49', -6.85183, 107.595693, 0, 288, 1018, 8, 76095.7, 2, '00000001', '00000000', NULL, 0, NULL, NULL, 0, 0, 7837949, NULL, 0, NULL, 0.00, NULL, 0.00, NULL, NULL, '2012-08-09 11:00:49', '', '2011-06-03 11:00:35', 'OFF', 'ON'),
(7837971, 271, '1009070258', NULL, '2012-08-09 04:01:09', -6.331922, 107.13929, 0, 87, 50, 10, 77543.1, 2, '00000000', '00000000', NULL, 0, NULL, NULL, 0, 0, 7837950, NULL, 0, NULL, 0.00, NULL, 0.00, NULL, NULL, '2012-08-09 11:01:09', '', '2011-06-03 11:00:54', 'OFF', 'OFF'),
(7837972, 525, '1009070396', NULL, '2012-08-09 04:01:16', -6.568625, 106.766788, 0, 51, 226, 9, 807.5, 2, '00000001', '00000000', NULL, 0, NULL, NULL, 0, 0, 7837931, NULL, 0, NULL, 0.00, NULL, 0.00, NULL, NULL, '2012-08-09 11:01:16', 'Kerub Head Office', '2011-06-03 11:01:01', 'OFF', 'ON'),
(7837973, 151, '1009070139', NULL, '2012-08-09 04:01:43', -6.718147, 106.951282, 0, 327, 1151, 8, 101627.2, 2, '00000001', '00000000', NULL, 0, NULL, NULL, 0, 0.5, 7837951, NULL, 0, NULL, 0.00, NULL, 0.00, NULL, NULL, '2012-08-09 11:01:43', '', '2011-06-03 11:01:28', 'OFF', 'ON'),
(7837974, 71, '1009070062', NULL, '2012-08-09 04:02:04', -6.716432, 106.949485, 0, 279, 1154, 8, 182455.9, 2, '00000001', '00000000', NULL, 0, NULL, NULL, 0, 0.299999999988358, 7837952, NULL, 0, NULL, 0.00, NULL, 0.00, NULL, NULL, '2012-08-09 11:02:04', '', '2011-06-03 11:01:49', 'OFF', 'ON'),
(7837975, 75, '1009070066', NULL, '2012-08-09 04:02:08', -6.568812, 106.76673, 0, 0, 233, 10, 362944.8, 2, '00000000', '00000000', NULL, 0, NULL, NULL, 0, 0, 7837953, NULL, 0, NULL, 0.00, NULL, 0.00, NULL, NULL, '2012-08-09 11:02:08', 'Kerub Head Office', '2011-06-03 11:01:54', 'OFF', 'OFF'),
(7837976, 86, '1009070077', NULL, '2012-08-09 04:02:35', -6.410285, 106.986423, 0, 0, 100, 10, 222037.9, 2, '00000000', '00000000', NULL, 0, NULL, NULL, 0, 0, 7837957, NULL, 0, NULL, 0.00, NULL, 0.00, NULL, NULL, '2012-08-09 11:02:35', 'Taman Rekreasi & Olahraga, Cileungsi-Jonggol', '2011-06-03 11:02:18', 'OFF', 'OFF'),
(7837977, 33, '1009070023', NULL, '2012-08-09 04:03:02', -6.656607, 106.916198, 0, 0, 724, 9, 136450.8, 2, '00000000', '00000000', NULL, 0, NULL, NULL, 0, 0, 7837958, NULL, 0, NULL, 0.00, NULL, 0.00, NULL, NULL, '2012-08-09 11:03:02', '', '2011-06-03 11:02:47', 'OFF', 'OFF'),
(7837978, 58, '1009070049', NULL, '2012-08-09 04:03:02', -7.604527, 110.206738, 0, 0, 260, 9, 137220.6, 2, '00000001', '00000000', NULL, 0, NULL, NULL, 0, 0, 7837959, NULL, 0, NULL, 0.00, NULL, 0.00, NULL, NULL, '2012-08-09 11:03:02', '', '2011-06-03 11:02:50', 'OFF', 'ON'),
(7837979, 530, '1009080001', NULL, '2012-08-09 04:03:23', -6.146007, 106.849228, 42, 168, 28, 10, 205.1, 2, '00000001', '00000000', NULL, 0, NULL, NULL, 0, 3, 7837961, 7837985, 0, NULL, 0.00, NULL, 0.00, NULL, NULL, '2012-08-09 11:03:23', '', '2011-06-03 11:03:08', 'DISABLE', 'ON'),
(7837980, 77, '1009070068', NULL, '2012-08-09 04:03:22', -6.127148, 106.84172, 0, 0, 16, 10, 291941.8, 2, '00000001', '00000000', NULL, 0, NULL, NULL, 0, 0, 7837960, NULL, 0, NULL, 0.00, NULL, 0.00, NULL, NULL, '2012-08-09 11:03:22', '', '2011-06-03 11:03:11', 'OFF', 'ON'),
(7837981, 73, '1009070064', NULL, '2012-08-09 04:03:25', -6.713378, 106.949598, 0, 343, 1123, 8, 309148.8, 2, '00000001', '00000000', NULL, 0, NULL, NULL, 0, 0, 7837962, NULL, 0, NULL, 0.00, NULL, 0.00, NULL, NULL, '2012-08-09 11:03:25', '', '2011-06-03 11:03:14', 'OFF', 'ON'),
(7837982, 150, '1009070138', NULL, '2012-08-09 04:03:54', -6.716015, 106.949227, 4, 325, 1151, 8, 105544.2, 2, '00000001', '00000000', NULL, 0, NULL, NULL, 0, 0.0999999999912689, 7837964, NULL, 0, NULL, 0.00, NULL, 0.00, NULL, NULL, '2012-08-09 11:03:54', '', '2011-06-03 11:03:39', 'OFF', 'ON'),
(7837983, 272, '1009070259', NULL, '2012-08-09 04:03:55', -6.556383, 106.777737, 21, 80, 219, 10, 93758.4, 2, '00000001', '00000000', NULL, 0, NULL, NULL, 0, 2.39999999999418, 7837965, NULL, 0, NULL, 0.00, NULL, 0.00, NULL, NULL, '2012-08-09 11:03:55', '', '2011-06-03 11:03:43', 'OFF', 'ON'),
(7837984, 84, '1009070075', NULL, '2012-08-09 04:03:57', -7.604483, 110.206767, 0, 0, 276, 10, 153872.6, 2, '00000001', '00000000', NULL, 0, NULL, NULL, 0, 0, 7837966, NULL, 0, NULL, 0.00, NULL, 0.00, NULL, NULL, '2012-08-09 11:03:57', '', '2011-06-03 11:03:46', 'OFF', 'ON');

-- --------------------------------------------------------

--
-- Table structure for table `gps_track_active`
--

CREATE TABLE IF NOT EXISTS `gps_track_active` (
  `device_id` int(10) NOT NULL,
  `unit_id` varchar(50) DEFAULT NULL,
  `tag` varchar(50) DEFAULT NULL,
  `gps_time` datetime DEFAULT NULL,
  `latitude` double DEFAULT NULL,
  `longitude` double DEFAULT NULL,
  `speed` int(10) DEFAULT NULL,
  `heading` int(10) DEFAULT NULL,
  `altitude` int(10) DEFAULT NULL,
  `satellite` int(10) DEFAULT NULL,
  `mileage` double DEFAULT NULL,
  `report_id` int(10) DEFAULT NULL,
  `input_flags` varchar(8) DEFAULT NULL,
  `output_flags` varchar(8) DEFAULT NULL,
  `device_status` int(10) DEFAULT NULL,
  `is_from_sms` tinyint(4) DEFAULT '0',
  `driver_id` int(10) DEFAULT NULL,
  `location` varchar(255) DEFAULT NULL,
  `initial_mileage` double DEFAULT NULL,
  `mileage_distance` double DEFAULT NULL,
  `current_id` bigint(19) DEFAULT NULL,
  `reverse_geo_attempt` int(10) DEFAULT '0',
  `analog_input1` varchar(50) DEFAULT NULL,
  `analog_input1_value` decimal(18,2) DEFAULT NULL,
  `analog_input2` varchar(50) DEFAULT NULL,
  `analog_input2_value` decimal(18,2) DEFAULT NULL,
  `rfid_tag` varchar(50) DEFAULT NULL,
  `barcode` varchar(50) DEFAULT NULL,
  `last_activity` datetime DEFAULT NULL,
  `local_time` datetime DEFAULT NULL,
  `landmark_name` varchar(255) DEFAULT NULL,
  `created_date` timestamp NULL DEFAULT CURRENT_TIMESTAMP,
  `sos_status` varchar(50) DEFAULT NULL,
  `acc_status` varchar(50) DEFAULT NULL,
  PRIMARY KEY (`device_id`)
) ENGINE=InnoDB DEFAULT CHARSET=latin1;

--
-- Dumping data for table `gps_track_active`
--

INSERT INTO `gps_track_active` (`device_id`, `unit_id`, `tag`, `gps_time`, `latitude`, `longitude`, `speed`, `heading`, `altitude`, `satellite`, `mileage`, `report_id`, `input_flags`, `output_flags`, `device_status`, `is_from_sms`, `driver_id`, `location`, `initial_mileage`, `mileage_distance`, `current_id`, `reverse_geo_attempt`, `analog_input1`, `analog_input1_value`, `analog_input2`, `analog_input2_value`, `rfid_tag`, `barcode`, `last_activity`, `local_time`, `landmark_name`, `created_date`, `sos_status`, `acc_status`) VALUES
(20, '1009070010', NULL, '2011-06-03 01:57:53', -6.63566, 106.793212, 0, 124, 346, 9, 165858.1, 2, '00000000', '00000000', NULL, 0, NULL, '', 0, 0, 7837551, 0, NULL, 0.00, NULL, 0.00, NULL, NULL, '2012-07-25 10:37:00', '2011-06-03 08:57:53', '', '2011-05-23 22:56:34', 'ON', 'OFF'),
(33, '1009070023', NULL, '2011-06-03 04:03:02', -6.656607, 106.916198, 0, 0, 724, 9, 136450.8, 2, '00000000', '00000000', NULL, 0, NULL, '', 0, 0, 7837977, 0, NULL, 0.00, NULL, 0.00, NULL, NULL, '2012-07-25 10:37:01', '2011-06-03 11:03:02', '', '2011-05-24 00:20:17', 'OFF', 'OFF'),
(58, '1009070049', NULL, '2011-06-03 04:03:02', -7.604527, 110.206738, 0, 0, 260, 9, 137220.6, 2, '00000001', '00000000', NULL, 0, NULL, '', 0, 0, 7837978, 0, NULL, 0.00, NULL, 0.00, NULL, NULL, '2011-06-03 11:02:53', '2011-06-03 11:03:02', '', '2011-05-24 21:31:27', 'OFF', 'ON'),
(68, '1009070059', NULL, '2011-06-03 01:53:14', -6.33193, 107.139148, 0, 85, 57, 9, 323958.2, 11, '00000000', '00000000', NULL, 0, NULL, '', 0, 0, 7837531, 0, NULL, 0.00, NULL, 0.00, NULL, NULL, '2011-06-03 11:03:46', '2011-06-03 08:53:14', '', '2011-05-26 23:25:26', 'OFF', 'OFF'),
(71, '1009070062', NULL, '2011-06-03 04:02:04', -6.716432, 106.949485, 0, 279, 1154, 8, 182455.9, 2, '00000001', '00000000', NULL, 0, NULL, '', 0, 0.299999999988358, 7837974, 0, NULL, 0.00, NULL, 0.00, NULL, NULL, '2011-06-03 11:01:52', '2011-06-03 11:02:04', '', '2011-05-24 00:08:14', 'OFF', 'ON'),
(72, '1009070063', NULL, '2011-06-03 02:41:12', -6.568897, 106.766705, 0, 0, 197, 8, 356195.5, 2, '00000000', '00000000', NULL, 0, NULL, '', 0, 0, 7837692, 0, NULL, 0.00, NULL, 0.00, NULL, NULL, '2011-06-03 11:04:40', '2011-06-03 09:41:12', 'Kerub Head Office', '2011-05-27 22:27:14', 'OFF', 'OFF'),
(73, '1009070064', NULL, '2011-06-03 04:03:25', -6.713378, 106.949598, 0, 343, 1123, 8, 309148.8, 2, '00000001', '00000000', NULL, 0, NULL, '', 0, 0, 7837981, 0, NULL, 0.00, NULL, 0.00, NULL, NULL, '2011-06-03 11:03:17', '2011-06-03 11:03:25', '', '2011-05-31 22:23:20', 'OFF', 'ON'),
(75, '1009070066', NULL, '2011-06-03 04:02:08', -6.568812, 106.76673, 0, 0, 233, 10, 362944.8, 2, '00000000', '00000000', NULL, 0, NULL, '', 0, 0, 7837975, 0, NULL, 0.00, NULL, 0.00, NULL, NULL, '2011-06-03 11:01:57', '2011-06-03 11:02:08', 'Kerub Head Office', '2011-05-31 22:08:09', 'OFF', 'OFF'),
(76, '1009070067', NULL, '2011-06-03 03:02:58', -6.656527, 106.91626, 0, 249, 699, 9, 176796.7, 2, '00000000', '00000000', NULL, 0, NULL, '', 0, 0, 7837764, 0, NULL, 0.00, NULL, 0.00, NULL, NULL, '2011-06-03 11:04:08', '2011-06-03 10:02:58', '', '2011-05-24 21:05:17', 'OFF', 'OFF'),
(77, '1009070068', NULL, '2011-06-03 04:03:22', -6.127148, 106.84172, 0, 0, 16, 10, 291941.8, 2, '00000001', '00000000', NULL, 0, NULL, '', 0, 0, 7837980, 0, NULL, 0.00, NULL, 0.00, NULL, NULL, '2011-06-03 11:03:13', '2011-06-03 11:03:22', '', '2011-05-24 23:16:32', 'OFF', 'ON'),
(78, '1009070069', NULL, '2011-06-02 23:51:08', -6.568963, 106.766708, 0, 0, 222, 9, 346470.6, 2, '00000000', '00000000', NULL, 0, NULL, '', 0, 0, 7836887, 0, NULL, 0.00, NULL, 0.00, NULL, NULL, '2011-06-03 11:03:14', '2011-06-03 06:51:08', 'Kerub Head Office', '2011-05-24 22:44:28', 'OFF', 'OFF'),
(79, '1009070070', NULL, '2011-06-03 03:46:01', -6.568838, 106.766857, 0, 0, 244, 9, 239619.6, 2, '00000000', '00000000', NULL, 0, NULL, '', 0, 0, 7837913, 0, NULL, 0.00, NULL, 0.00, NULL, NULL, '2011-06-03 11:02:27', '2011-06-03 10:46:01', 'Kerub Head Office', '2011-05-24 22:22:28', 'OFF', 'OFF'),
(80, '1009070071', NULL, '2011-06-03 02:21:53', -6.656457, 106.916555, 0, 149, 695, 8, 185844.6, 2, '00000000', '00000000', NULL, 0, NULL, '', 0, 0, 7837632, 0, NULL, 0.00, NULL, 0.00, NULL, NULL, '2011-06-03 11:02:24', '2011-06-03 09:21:53', '', '2011-05-24 22:56:29', 'OFF', 'OFF'),
(81, '1009070072', NULL, '2011-06-03 03:31:44', -6.988177, 107.844625, 0, 83, 738, 8, 155967.4, 61, '00000000', '00000000', NULL, 0, NULL, '', 0, 0, 7837871, 0, NULL, 0.00, NULL, 0.00, NULL, NULL, '2011-06-03 11:01:52', '2011-06-03 10:31:44', '', '2011-05-27 22:06:12', 'OFF', 'OFF'),
(82, '1009070073', NULL, '2011-06-03 03:25:50', -6.713377, 106.949585, 0, 0, 1127, 7, 26689.4, 11, '00000000', '00000000', NULL, 0, NULL, '', 0, 0.100000000002183, 7837847, 0, NULL, 0.00, NULL, 0.00, NULL, NULL, '2011-06-03 11:02:25', '2011-06-03 10:25:50', '', '2011-05-27 21:42:57', 'OFF', 'OFF'),
(84, '1009070075', NULL, '2011-06-03 04:03:57', -7.604483, 110.206767, 0, 0, 276, 10, 153872.6, 2, '00000001', '00000000', NULL, 0, NULL, '', 0, 0, 7837984, 0, NULL, 0.00, NULL, 0.00, NULL, NULL, '2011-06-03 11:03:49', '2011-06-03 11:03:57', '', '2011-05-23 22:29:53', 'OFF', 'ON'),
(85, '1009070076', NULL, '2011-06-02 14:42:18', -7.702493, 111.424468, 0, 163, 134, 11, 203691.1, 2, '00000000', '00000000', NULL, 0, NULL, '', 0, 0, 7835116, 0, NULL, 0.00, NULL, 0.00, NULL, NULL, '2011-06-03 10:40:44', '2011-06-02 21:42:18', '', '2011-05-26 23:41:13', 'OFF', 'OFF'),
(86, '1009070077', NULL, '2011-06-03 04:02:35', -6.410285, 106.986423, 0, 0, 100, 10, 222037.9, 2, '00000000', '00000000', NULL, 0, NULL, '', 0, 0, 7837976, 0, NULL, 0.00, NULL, 0.00, NULL, NULL, '2011-06-03 11:02:23', '2011-06-03 11:02:35', 'Taman Rekreasi & Olahraga, Cileungsi-Jonggol', '2011-05-24 21:10:35', 'OFF', 'OFF'),
(87, '1009070078', NULL, '2011-06-03 04:00:03', -6.95593, 107.7746, 45, 107, 716, 10, 1883.1, 2, '00000001', '00000000', NULL, 0, NULL, '', 0, 2.19999999999982, 7837967, 0, NULL, 0.00, NULL, 0.00, NULL, NULL, '2011-06-03 11:03:24', '2011-06-03 11:00:03', '', '2011-05-26 22:49:27', 'OFF', 'ON'),
(88, '1009070079', NULL, '2011-06-03 03:57:13', -6.568673, 106.766718, 0, 0, 251, 5, 204223.1, 2, '00000000', '00000000', NULL, 0, NULL, '', 0, 0, 7837956, 0, NULL, 0.00, NULL, 0.00, NULL, NULL, '2011-06-03 11:03:45', '2011-06-03 10:57:13', 'Kerub Head Office', '2011-05-26 21:51:19', 'OFF', 'OFF'),
(89, '1009070080', NULL, '2011-06-03 03:29:25', -6.658075, 106.915337, 0, 0, 697, 7, 331822.8, 11, '00000000', '00000000', NULL, 0, NULL, '', 0, 0, 7837863, 0, NULL, 0.00, NULL, 0.00, NULL, NULL, '2011-06-03 11:02:42', '2011-06-03 10:29:25', '', '2011-05-24 22:12:22', 'OFF', 'OFF'),
(150, '1009070138', NULL, '2011-06-03 04:03:54', -6.716015, 106.949227, 4, 325, 1151, 8, 105544.2, 2, '00000001', '00000000', NULL, 0, NULL, '', 0, 0.0999999999912689, 7837982, 0, NULL, 0.00, NULL, 0.00, NULL, NULL, '2011-06-03 11:03:42', '2011-06-03 11:03:54', '', '2011-05-31 21:32:27', 'OFF', 'ON'),
(151, '1009070139', NULL, '2011-06-03 04:01:43', -6.718147, 106.951282, 0, 327, 1151, 8, 101627.2, 2, '00000001', '00000000', NULL, 0, NULL, '', 0, 0.5, 7837973, 0, NULL, 0.00, NULL, 0.00, NULL, NULL, '2011-06-03 11:01:31', '2011-06-03 11:01:43', '', '2011-05-23 23:27:49', 'OFF', 'ON'),
(153, '1009070141', NULL, '2011-06-03 01:34:23', -6.41025, 106.98651, 0, 346, 97, 9, 109502.3, 2, '00000000', '00000000', NULL, 0, NULL, '', 0, 0, 7837446, 0, NULL, 0.00, NULL, 0.00, NULL, NULL, '2011-06-03 11:01:07', '2011-06-03 08:34:23', 'Taman Rekreasi & Olahraga, Cileungsi-Jonggol', '2011-05-26 23:14:59', 'OFF', 'OFF'),
(271, '1009070258', NULL, '2011-06-03 04:01:09', -6.331922, 107.13929, 0, 87, 50, 10, 77543.1, 2, '00000000', '00000000', NULL, 0, NULL, '', 0, 0, 7837971, 0, NULL, 0.00, NULL, 0.00, NULL, NULL, '2011-06-03 11:04:18', '2011-06-03 11:01:09', '', '2011-05-27 00:19:14', 'OFF', 'OFF'),
(272, '1009070259', NULL, '2011-06-03 04:03:55', -6.556383, 106.777737, 21, 80, 219, 10, 93758.4, 2, '00000001', '00000000', NULL, 0, NULL, '', 0, 2.39999999999418, 7837983, 0, NULL, 0.00, NULL, 0.00, NULL, NULL, '2011-06-03 11:03:46', '2011-06-03 11:03:55', '', '2011-05-24 21:44:04', 'OFF', 'ON'),
(277, '1009070264', NULL, '2011-06-03 01:12:21', -6.568593, 106.766663, 0, 0, 243, 9, 2247.7, 2, '00000000', '00000000', NULL, 0, NULL, '', 0, 0.0999999999999091, 7837327, 0, NULL, 0.00, NULL, 0.00, NULL, NULL, '2011-06-03 08:18:48', '2011-06-03 08:12:21', 'Kerub Head Office', '2011-05-26 23:02:04', 'OFF', 'OFF'),
(296, '1009070283', NULL, '2011-06-03 04:00:49', -6.85183, 107.595693, 0, 288, 1018, 8, 76095.7, 2, '00000001', '00000000', NULL, 0, NULL, '', 0, 0, 7837970, 0, NULL, 0.00, NULL, 0.00, NULL, NULL, '2011-06-03 11:03:59', '2011-06-03 11:00:49', '', '2011-05-24 20:40:33', 'OFF', 'ON'),
(525, '1009070396', NULL, '2011-06-03 04:01:16', -6.568625, 106.766788, 0, 51, 226, 9, 807.5, 2, '00000001', '00000000', NULL, 0, NULL, '', 0, 0, 7837972, 0, NULL, 0.00, NULL, 0.00, NULL, NULL, '2011-06-03 11:01:04', '2011-06-03 11:01:16', 'Kerub Head Office', '2011-05-27 20:59:26', 'OFF', 'ON'),
(527, '1009070398', NULL, '2011-06-03 04:00:33', -7.568595, 110.8165, 26, 109, 123, 10, 345113.9, 2, '00000001', '00000000', NULL, 0, NULL, '', 0, 0.100000000034925, 7837969, 0, NULL, 0.00, NULL, 0.00, NULL, NULL, '2011-06-03 11:03:39', '2011-06-03 11:00:33', '', '2011-05-26 22:02:05', 'OFF', 'ON'),
(528, '1009070399', NULL, '2011-06-02 20:04:33', -6.652273, 106.910415, 0, 0, 669, 5, 17219.8, 2, '00000000', '00000000', NULL, 0, NULL, '', 0, 0, 7836040, 0, NULL, 0.00, NULL, 0.00, NULL, NULL, '2011-06-03 09:48:25', '2011-06-03 03:04:33', '', '2011-05-26 22:22:42', 'OFF', 'OFF'),
(529, '1009070400', NULL, '2011-06-03 03:55:15', -6.568643, 106.766698, 0, 0, 225, 10, 284553.2, 2, '00000000', '00000000', NULL, 0, NULL, '', 0, 0, 7837947, 0, NULL, 0.00, NULL, 0.00, NULL, NULL, '2011-06-03 11:01:44', '2011-06-03 10:55:15', 'Kerub Head Office', '2011-05-26 23:50:28', 'OFF', 'OFF'),
(530, '1009080001', NULL, '2011-11-25 16:10:00', -6.321, 106.123, 0, 100, 100, 8, 5021.32, 1, '00000010', '01111001', NULL, 0, NULL, '', 0, 0, 7837990, 0, NULL, 0.00, NULL, 0.00, NULL, NULL, '2012-01-06 09:58:01', '2011-11-25 23:10:00', '', '2011-05-31 13:57:17', 'DISABLE', 'OFF');

-- --------------------------------------------------------

--
-- Table structure for table `groups`
--

CREATE TABLE IF NOT EXISTS `groups` (
  `id` int(10) NOT NULL AUTO_INCREMENT,
  `code` varchar(50) NOT NULL,
  `name` varchar(100) DEFAULT NULL,
  `group_type` int(11) NOT NULL COMMENT '0=internal group; 1=external/customer',
  `is_active` tinyint(4) DEFAULT '1',
  `created` timestamp NULL DEFAULT CURRENT_TIMESTAMP,
  `created_by` int(10) DEFAULT NULL,
  `modified` datetime DEFAULT NULL,
  `modified_by` int(10) DEFAULT NULL,
  PRIMARY KEY (`id`),
  UNIQUE KEY `IX_groups` (`code`)
) ENGINE=InnoDB  DEFAULT CHARSET=latin1 AUTO_INCREMENT=14 ;

--
-- Dumping data for table `groups`
--

INSERT INTO `groups` (`id`, `code`, `name`, `group_type`, `is_active`, `created`, `created_by`, `modified`, `modified_by`) VALUES
(1, 'ADMIN', 'Group of System Administrator', 0, 1, '2009-07-06 16:02:07', NULL, '2012-07-09 13:39:44', NULL),
(3, 'USER', 'Group of Users', 0, 1, '2009-07-06 16:02:07', NULL, NULL, NULL),
(4, 'MANAGERs', 'GROUP OF MANAGER', 0, 1, NULL, NULL, '2009-09-25 22:44:14', 17),
(5, 'DEVELOPER', 'GROUP OF DEVELOPER', 0, 1, '2009-07-06 16:02:07', NULL, NULL, NULL),
(11, 'CSTAFF', 'CUSTOMER STAFF', 1, 1, '2012-07-05 13:45:11', NULL, '2012-07-09 13:39:50', NULL),
(13, 'CADMIN', 'CUSTOMER ADMIN', 1, 1, '2012-07-09 13:43:29', NULL, '2012-07-09 13:43:37', NULL);

-- --------------------------------------------------------

--
-- Table structure for table `group_menus`
--

CREATE TABLE IF NOT EXISTS `group_menus` (
  `group_id` int(10) NOT NULL,
  `menu_id` int(10) NOT NULL,
  `is_view` tinyint(4) DEFAULT NULL,
  `is_edit` tinyint(4) DEFAULT NULL,
  `is_delete` tinyint(4) DEFAULT NULL,
  `is_approve` tinyint(4) DEFAULT NULL,
  PRIMARY KEY (`group_id`,`menu_id`),
  KEY `fk_adm_group_menu2` (`menu_id`)
) ENGINE=InnoDB DEFAULT CHARSET=latin1;

--
-- Dumping data for table `group_menus`
--

INSERT INTO `group_menus` (`group_id`, `menu_id`, `is_view`, `is_edit`, `is_delete`, `is_approve`) VALUES
(1, 111, 1, 0, 0, 0),
(1, 112, 1, 0, 0, 0),
(1, 113, 1, 0, 0, 0),
(1, 114, 1, 0, 0, 0),
(1, 115, 1, 0, 0, 0),
(1, 117, 1, 0, 0, 0),
(1, 118, 1, 0, 0, 0),
(1, 119, 1, 0, 0, 0),
(1, 120, 1, 0, 0, 0),
(1, 121, 1, 0, 0, 0),
(1, 122, 1, 0, 0, 0),
(1, 123, 1, 0, 0, 0),
(1, 124, 1, 0, 0, 0),
(1, 125, 1, 0, 0, 0),
(1, 126, 1, 0, 0, 0),
(1, 127, 1, 0, 0, 0),
(1, 128, 1, 0, 0, 0),
(1, 129, 1, 0, 0, 0),
(1, 130, 1, 0, 0, 0),
(1, 131, 1, 0, 0, 0),
(1, 132, 1, 0, 0, 0),
(1, 133, 1, 0, 0, 0),
(1, 134, 1, 0, 0, 0),
(1, 135, 1, 0, 0, 0),
(1, 136, 1, 0, 0, 0),
(1, 137, 1, 0, 0, 0),
(1, 138, 1, 0, 0, 0),
(1, 139, 1, 0, 0, 0),
(1, 141, 1, 0, 0, 0),
(1, 142, 1, 0, 0, 0),
(1, 143, 1, 0, 0, 0),
(1, 144, 1, 0, 0, 0),
(1, 145, 1, 0, 0, 0),
(1, 146, 1, 0, 0, 0),
(1, 147, 1, 0, 0, 0),
(1, 148, 1, 0, 0, 0),
(1, 149, 1, 0, 0, 0),
(1, 150, 1, 0, 0, 0),
(1, 151, 1, 0, 0, 0),
(1, 153, 1, 0, 0, 0),
(1, 154, 1, 0, 0, 0),
(1, 155, 1, 0, 0, 0),
(1, 156, 1, 0, 0, 0),
(1, 157, 1, 0, 0, 0),
(1, 158, 1, 0, 0, 0),
(5, 111, 1, 0, 0, 0),
(5, 112, 1, 0, 0, 0),
(5, 113, 1, 0, 0, 0),
(5, 114, 1, 0, 0, 0),
(5, 115, 1, 0, 0, 0),
(5, 117, 1, 0, 0, 0),
(5, 118, 1, 0, 0, 0),
(5, 119, 1, 0, 0, 0),
(5, 120, 1, 0, 0, 0),
(5, 121, 1, 0, 0, 0),
(5, 122, 1, 0, 0, 0),
(5, 123, 1, 0, 0, 0),
(5, 124, 1, 0, 0, 0),
(5, 125, 1, 0, 0, 0),
(5, 126, 1, 0, 0, 0),
(5, 127, 1, 0, 0, 0),
(5, 128, 1, 0, 0, 0),
(5, 129, 1, 0, 0, 0),
(5, 130, 1, 0, 0, 0),
(5, 131, 1, 0, 0, 0),
(5, 132, 1, 0, 0, 0),
(5, 133, 1, 0, 0, 0),
(5, 134, 1, 0, 0, 0),
(5, 135, 1, 0, 0, 0),
(5, 136, 1, 0, 0, 0),
(5, 137, 1, 0, 0, 0),
(5, 138, 1, 0, 0, 0),
(5, 139, 1, 0, 0, 0),
(5, 141, 1, 0, 0, 0),
(5, 142, 1, 0, 0, 0),
(5, 143, 1, 0, 0, 0),
(5, 144, 1, 0, 0, 0),
(5, 145, 1, 0, 0, 0),
(5, 146, 1, 0, 0, 0),
(5, 147, 1, 0, 0, 0),
(5, 148, 1, 0, 0, 0),
(5, 149, 1, 0, 0, 0),
(5, 150, 1, 0, 0, 0),
(5, 151, 1, 0, 0, 0),
(5, 153, 1, 0, 0, 0),
(5, 154, 1, 0, 0, 0),
(5, 155, 1, 0, 0, 0),
(5, 156, 1, 0, 0, 0),
(5, 157, 1, 0, 0, 0),
(5, 158, 1, 0, 0, 0),
(13, 135, 1, 0, 0, 0),
(13, 136, 1, 0, 0, 0),
(13, 137, 1, 0, 0, 0),
(13, 138, 1, 0, 0, 0),
(13, 139, 1, 0, 0, 0),
(13, 141, 1, 0, 0, 0),
(13, 142, 1, 0, 0, 0),
(13, 143, 1, 0, 0, 0),
(13, 144, 1, 0, 0, 0),
(13, 145, 1, 0, 0, 0),
(13, 146, 1, 0, 0, 0),
(13, 147, 1, 0, 0, 0),
(13, 148, 1, 0, 0, 0),
(13, 149, 1, 0, 0, 0),
(13, 150, 1, 0, 0, 0),
(13, 151, 1, 0, 0, 0),
(13, 153, 1, 0, 0, 0),
(13, 154, 1, 0, 0, 0),
(13, 155, 1, 0, 0, 0),
(13, 156, 1, 0, 0, 0),
(13, 157, 1, 0, 0, 0),
(13, 158, 1, 0, 0, 0);

-- --------------------------------------------------------

--
-- Table structure for table `gsm_cards`
--

CREATE TABLE IF NOT EXISTS `gsm_cards` (
  `simcard_sn` varchar(16) NOT NULL,
  `msisdn` varchar(50) DEFAULT NULL,
  `iccid` varchar(19) NOT NULL,
  `imsi` varchar(15) DEFAULT NULL,
  `operator` varchar(255) DEFAULT NULL,
  `billing_company` varchar(255) DEFAULT NULL,
  `billing_name` varchar(255) DEFAULT NULL,
  `pin` varchar(4) DEFAULT NULL,
  `puk` varchar(20) DEFAULT NULL,
  `puk2` varchar(20) DEFAULT NULL,
  `is_active` tinyint(4) DEFAULT '1',
  `sms_enable` tinyint(4) DEFAULT '1',
  `device_id` int(10) DEFAULT NULL,
  `delivery_date` datetime DEFAULT NULL,
  `apn_name` varchar(50) DEFAULT NULL,
  `activation_date` datetime DEFAULT NULL,
  `remarks` varchar(255) DEFAULT NULL,
  PRIMARY KEY (`simcard_sn`)
) ENGINE=InnoDB DEFAULT CHARSET=latin1;

--
-- Dumping data for table `gsm_cards`
--

INSERT INTO `gsm_cards` (`simcard_sn`, `msisdn`, `iccid`, `imsi`, `operator`, `billing_company`, `billing_name`, `pin`, `puk`, `puk2`, `is_active`, `sms_enable`, `device_id`, `delivery_date`, `apn_name`, `activation_date`, `remarks`) VALUES
('0012000000465009', '+628111213471', '8962101012130276005', '510101213027600', 'Telkomsel', 'Ken Solusindo', 'Ken Solusindo', '2302', '12345678', NULL, 1, 1, NULL, '2011-05-18 00:00:00', 'Internet', NULL, 'SMALL DENOM 35MB'),
('0012000000465010', '+628111213472', '8962101012130276013', '510101213027601', 'Telkomsel', 'Ken Solusindo', 'Ken Solusindo', '2302', '12345678', NULL, 1, 1, NULL, '2011-05-18 00:00:00', 'Internet', NULL, 'SMALL DENOM 35MB'),
('0012000000465011', '+628111213473', '8962101012130276021', '510101213027602', 'Telkomsel', 'Ken Solusindo', 'Ken Solusindo', '2302', '12345678', NULL, 1, 1, NULL, '2011-05-18 00:00:00', 'Internet', NULL, 'SMALL DENOM 35MB'),
('0012000000465012', '+628111213474', '8962101012130276039', '510101213027603', 'Telkomsel', 'Ken Solusindo', 'Ken Solusindo', '2302', '12345678', NULL, 1, 1, NULL, '2011-05-18 00:00:00', 'Internet', NULL, 'SMALL DENOM 35MB'),
('0012000000465013', '+628111213475', '8962101012130276047', '510101213027604', 'Telkomsel', 'Ken Solusindo', 'Ken Solusindo', '2302', '12345678', NULL, 1, 1, NULL, '2011-05-18 00:00:00', 'Internet', NULL, 'SMALL DENOM 35MB'),
('0012000000465014', '+628111213476', '8962101012130276054', '510101213027605', 'Telkomsel', 'Ken Solusindo', 'Ken Solusindo', '2302', '12345678', NULL, 1, 1, NULL, '2011-05-18 00:00:00', 'Internet', NULL, 'SMALL DENOM 35MB'),
('0012000000465015', '+628111213477', '8962101012130276062', '510101213027606', 'Telkomsel', 'Ken Solusindo', 'Ken Solusindo', '2302', '12345678', NULL, 1, 1, NULL, '2011-05-18 00:00:00', 'Internet', NULL, 'SMALL DENOM 35MB'),
('0012000000465016', '+628111213478', '8962101012130276070', '510101213027607', 'Telkomsel', 'Ken Solusindo', 'Ken Solusindo', '2302', '12345678', NULL, 1, 1, NULL, '2011-05-18 00:00:00', 'Internet', NULL, 'SMALL DENOM 35MB'),
('0012000000465017', '+628111213479', '8962101012130276088', '510101213027608', 'Telkomsel', 'Ken Solusindo', 'Ken Solusindo', '2302', '12345678', NULL, 1, 1, NULL, '2011-05-18 00:00:00', 'Internet', NULL, 'SMALL DENOM 35MB'),
('0012000000465018', '+628111213480', '8962101012130276096', '510101213027609', 'Telkomsel', 'Ken Solusindo', 'Ken Solusindo', '2302', '12345678', NULL, 1, 1, NULL, '2011-05-18 00:00:00', 'Internet', NULL, 'SMALL DENOM 35MB'),
('0012000000465019', '+628111213481', '8962101012130276104', '510101213027610', 'Telkomsel', 'Ken Solusindo', 'Ken Solusindo', '2302', '12345678', NULL, 1, 1, NULL, '2011-05-18 00:00:00', 'Internet', NULL, 'SMALL DENOM 35MB'),
('0012000000465020', '+628111213482', '8962101012130276112', '510101213027611', 'Telkomsel', 'Ken Solusindo', 'Ken Solusindo', '2302', '12345678', NULL, 1, 1, NULL, '2011-05-18 00:00:00', 'Internet', NULL, 'SMALL DENOM 35MB'),
('0012000000465021', '+628111213483', '8962101012130276120', '510101213027612', 'Telkomsel', 'Ken Solusindo', 'Ken Solusindo', '2302', '12345678', NULL, 1, 1, NULL, '2011-05-18 00:00:00', 'Internet', NULL, 'SMALL DENOM 35MB'),
('0012000000465022', '+628111213484', '8962101012130276138', '510101213027613', 'Telkomsel', 'Ken Solusindo', 'Ken Solusindo', '2302', '12345678', NULL, 1, 1, NULL, '2011-05-18 00:00:00', 'Internet', NULL, 'SMALL DENOM 35MB'),
('0012000000465023', '+628111213485', '8962101012130276146', '510101213027614', 'Telkomsel', 'Ken Solusindo', 'Ken Solusindo', '2302', '12345678', NULL, 1, 1, NULL, '2011-05-18 00:00:00', 'Internet', NULL, 'SMALL DENOM 35MB'),
('0012000000465024', '+628111213486', '8962101012130276153', '510101213027615', 'Telkomsel', 'Ken Solusindo', 'Ken Solusindo', '2302', '12345678', NULL, 1, 1, NULL, '2011-05-18 00:00:00', 'Internet', NULL, 'SMALL DENOM 35MB'),
('0012000000465025', '+628111213487', '8962101012130276161', '510101213027616', 'Telkomsel', 'Ken Solusindo', 'Ken Solusindo', '2302', '12345678', NULL, 1, 1, NULL, '2011-05-18 00:00:00', 'Internet', NULL, 'SMALL DENOM 35MB'),
('0012000000465026', '+628111213488', '8962101012130276179', '510101213027617', 'Telkomsel', 'Ken Solusindo', 'Ken Solusindo', '2302', '12345678', NULL, 1, 1, NULL, '2011-05-18 00:00:00', 'Internet', NULL, 'SMALL DENOM 35MB'),
('0012000000465027', '+628111213489', '8962101012130276187', '510101213027618', 'Telkomsel', 'Ken Solusindo', 'Ken Solusindo', '2302', '12345678', NULL, 1, 1, NULL, '2011-05-18 00:00:00', 'Internet', NULL, 'SMALL DENOM 35MB'),
('0012000000465028', '+628111213490', '8962101012130276195', '510101213027619', 'Telkomsel', 'Ken Solusindo', 'Ken Solusindo', '2302', '12345678', NULL, 1, 1, NULL, '2011-05-18 00:00:00', 'Internet', NULL, 'SMALL DENOM 35MB'),
('0012000000465029', '+628111213491', '8962101012130276203', '510101213027620', 'Telkomsel', 'Ken Solusindo', 'Ken Solusindo', '2302', '12345678', NULL, 1, 1, NULL, '2011-05-18 00:00:00', 'Internet', NULL, 'SMALL DENOM 35MB'),
('0012000000465030', '+628111213492', '8962101012130276211', '510101213027621', 'Telkomsel', 'Ken Solusindo', 'Ken Solusindo', '2302', '12345678', NULL, 1, 1, NULL, '2011-05-18 00:00:00', 'Internet', NULL, 'SMALL DENOM 35MB'),
('0012000000465031', '+628111213493', '8962101012130276229', '510101213027622', 'Telkomsel', 'Ken Solusindo', 'Ken Solusindo', '2302', '12345678', NULL, 1, 1, NULL, '2011-05-18 00:00:00', 'Internet', NULL, 'SMALL DENOM 35MB'),
('0012000000465032', '+628111213494', '8962101012130276237', '510101213027623', 'Telkomsel', 'Ken Solusindo', 'Ken Solusindo', '2302', '12345678', NULL, 1, 1, NULL, '2011-05-18 00:00:00', 'Internet', NULL, 'SMALL DENOM 35MB'),
('0012000000465033', '+628111213495', '8962101012130276245', '510101213027624', 'Telkomsel', 'Ken Solusindo', 'Ken Solusindo', '2302', '12345678', NULL, 1, 1, NULL, '2011-05-18 00:00:00', 'Internet', NULL, 'SMALL DENOM 35MB'),
('0012000000465034', '+628111213496', '8962101012130276252', '510101213027625', 'Telkomsel', 'Ken Solusindo', 'Ken Solusindo', '2302', '12345678', NULL, 1, 1, NULL, '2011-05-18 00:00:00', 'Internet', NULL, 'SMALL DENOM 35MB'),
('0012000000465035', '+628111213497', '8962101012130276260', '510101213027626', 'Telkomsel', 'Ken Solusindo', 'Ken Solusindo', '2302', '12345678', NULL, 1, 1, NULL, '2011-05-18 00:00:00', 'Internet', NULL, 'SMALL DENOM 35MB'),
('0012000000465036', '+628111213498', '8962101012130276278', '510101213027627', 'Telkomsel', 'Ken Solusindo', 'Ken Solusindo', '2302', '12345678', NULL, 1, 1, NULL, '2011-05-18 00:00:00', 'Internet', NULL, 'SMALL DENOM 35MB'),
('0012000000465037', '+628111213499', '8962101012130276286', '510101213027628', 'Telkomsel', 'Ken Solusindo', 'Ken Solusindo', '2302', '12345678', NULL, 1, 1, NULL, '2011-05-18 00:00:00', 'Internet', NULL, 'SMALL DENOM 35MB'),
('0012000000465038', '+628111213500', '8962101012130276294', '510101213027629', 'Telkomsel', 'Ken Solusindo', 'Ken Solusindo', NULL, '12345678', NULL, 1, 1, NULL, '2011-05-18 00:00:00', 'Internet', NULL, 'SMS Gateway'),
('0012000000465039', '+628111213501', '8962101012130276302', '510101213027630', 'Telkomsel', 'Ken Solusindo', 'Ken Solusindo', '2302', '12345678', NULL, 1, 1, NULL, '2011-05-18 00:00:00', 'Internet', NULL, 'SMALL DENOM 35MB'),
('0012000000465040', '+628111213502', '8962101012130276310', '510101213027631', 'Telkomsel', 'Ken Solusindo', 'Ken Solusindo', '2302', '12345678', NULL, 1, 1, NULL, '2011-05-18 00:00:00', 'Internet', NULL, 'SMALL DENOM 35MB'),
('0012000000465041', '+628111213503', '8962101012130276328', '510101213027632', 'Telkomsel', 'Ken Solusindo', 'Ken Solusindo', '2302', '12345678', NULL, 1, 1, NULL, '2011-05-18 00:00:00', 'Internet', NULL, 'SMALL DENOM 35MB'),
('0012000000465042', '+628111213504', '8962101012130276336', '510101213027633', 'Telkomsel', 'Ken Solusindo', 'Ken Solusindo', '2302', '12345678', NULL, 1, 1, NULL, '2011-05-18 00:00:00', 'Internet', NULL, 'SMALL DENOM 35MB'),
('0012000000465043', '+628111213505', '8962101012130276344', '510101213027634', 'Telkomsel', 'Ken Solusindo', 'Ken Solusindo', '2302', '12345678', NULL, 1, 1, NULL, '2011-05-18 00:00:00', 'Internet', NULL, 'SMALL DENOM 35MB'),
('0012000000465044', '+628111213506', '8962101012130276351', '510101213027635', 'Telkomsel', 'Ken Solusindo', 'Ken Solusindo', '2302', '12345678', NULL, 1, 1, NULL, '2011-05-18 00:00:00', 'Internet', NULL, 'SMALL DENOM 35MB'),
('0012000000465045', '+628111213507', '8962101012130276369', '510101213027636', 'Telkomsel', 'Ken Solusindo', 'Ken Solusindo', '2302', '12345678', NULL, 1, 1, NULL, '2011-05-18 00:00:00', 'Internet', NULL, 'SMALL DENOM 35MB'),
('0012000000465046', '+628111213508', '8962101012130276377', '510101213027637', 'Telkomsel', 'Ken Solusindo', 'Ken Solusindo', '2302', '12345678', NULL, 1, 1, NULL, '2011-05-18 00:00:00', 'Internet', NULL, 'SMALL DENOM 35MB'),
('0012000000465047', '+628111213509', '8962101012130276385', '510101213027638', 'Telkomsel', 'Ken Solusindo', 'Ken Solusindo', '2302', '12345678', NULL, 1, 1, NULL, '2011-05-18 00:00:00', 'Internet', NULL, 'SMALL DENOM 35MB'),
('0012000000465048', '+628111213510', '8962101012130276393', '510101213027639', 'Telkomsel', 'Ken Solusindo', 'Ken Solusindo', '2302', '12345678', NULL, 1, 1, NULL, '2011-05-18 00:00:00', 'Internet', NULL, 'SMALL DENOM 35MB');

-- --------------------------------------------------------

--
-- Table structure for table `landmarks`
--

CREATE TABLE IF NOT EXISTS `landmarks` (
  `id` int(11) NOT NULL AUTO_INCREMENT,
  `name` varchar(255) COLLATE utf8_unicode_ci DEFAULT NULL,
  `customer_id` bigint(20) DEFAULT '0',
  `fore_color` varchar(50) COLLATE utf8_unicode_ci DEFAULT NULL,
  `back_color` varchar(50) COLLATE utf8_unicode_ci DEFAULT NULL,
  `min_zoom_level` int(11) DEFAULT NULL,
  `radius` double DEFAULT '0',
  `geo_type` varchar(50) COLLATE utf8_unicode_ci DEFAULT NULL,
  `geo_location` polygon DEFAULT NULL,
  `circle_center` point DEFAULT NULL,
  `geo_location_string` varchar(255) COLLATE utf8_unicode_ci NOT NULL,
  `geofence_alert_in` int(11) NOT NULL,
  PRIMARY KEY (`id`),
  KEY `circle_center` (`circle_center`(25)),
  KEY `customer_id` (`customer_id`)
) ENGINE=MyISAM  DEFAULT CHARSET=utf8 COLLATE=utf8_unicode_ci AUTO_INCREMENT=15 ;

--
-- Dumping data for table `landmarks`
--

INSERT INTO `landmarks` (`id`, `name`, `customer_id`, `fore_color`, `back_color`, `min_zoom_level`, `radius`, `geo_type`, `geo_location`, `circle_center`, `geo_location_string`, `geofence_alert_in`) VALUES
(2, 'Test dulu', 7, '300e30', 'fc326c', 9, 239724.21695910054, 'CIRCLE', '', 0x0000000001010000001c4f3936fbb7da3ff0bb22f82fd15c40, 'POINT(3.9957830593122536, 119.79492000000005)', 0),
(3, 'poly', 7, '000000', '000000', 1, 0, 'POLYGON', 0x0000000001030000000100000005000000d75698c5f0d61c40f0bb22f8afea5940f48cf2309b531540f0bb22f83f695a4045cc855310ed1340f0bb22f8ffa95940d75698c5f0d61c40f0bb22f8afea5940d75698c5f0d61c40f0bb22f8afea5940, '', 'POLYGON (7.209902846739815, 103.66699031250005),(5.331646694950212, 105.64452937500005),(4.9815075922406935, 102.65624812500005)', 0),
(4, 'gaga', 7, '000000', 'b006b0', 1, 0, 'POLYGON', 0x00000000010300000001000000080000002036f1e24ff31740f0bb22f8bf415c401ce06bd565931340f0bb22f86f555c40879dfbc74be7f7bff0bb22f83fa45b406dfa74753bc01340f0bb22f80fa75b402a30941dfd501c40f0bb22f87faf5b4025c3f1bb49181b40f0bb22f8ff795c402036f1e24ff31740f0bb22f8bf415c402036f1e24ff31740f0bb22f8bf415c40, '', 'POLYGON (5.987609430286767, 113.02734187500005),(4.893943152150339, 113.33495906250005),(4.9377268173835605, 110.61034968750005),(7.079090559167563, 110.74218562500005),(6.773718773489951, 113.90624812500005)', 0),
(14, 'danger area', 7, '000000', '420042', 1, 0, 'POLYGON', 0x0000000001030000000100000006000000727aec31ba11ebbff0bb2278221759408c14bbdeedb1ecbff0bb22f827195940e7d0ca172ceaecbff0bb22f88416594045422307f6a3ebbff0bb2278e7155940727aec31ba11ebbff0bb227822175940727aec31ba11ebbff0bb227822175940, '', 'POLYGON (-0.8459139800141442, 100.36147883789067),(-0.8967198705874053, 100.39306453125005),(-0.9035854782764802, 100.3518658007813),(-0.863764776173476, 100.34225276367192)', 1),
(6, 'zsdfgzsdg', 7, '000000', '850085', 18, 0, 'POLYGON', 0x0000000001030000000100000006000000dfcde1b0abbc1840f0bb22f84fdc5e409c7f560a25cf0c40f0bb22f80f695d40dd85c5197ccbf53ff0bb22f8477b5e40c5f14e09b486fd3ff0bb22f8ffa35f40dfcde1b0abbc1840f0bb22f84fdc5e40dfcde1b0abbc1840f0bb22f84fdc5e40, '', 'POLYGON (6.184248698980325, 123.44238093750005),(3.601144867672657, 117.64159968750005),(1.8453865398033582, 126.56249812500005)', 0),
(11, 'SZDfvzsdg', 7, '000000', '000000', 1, 71998.01306812612, 'CIRCLE', '', 0x00000000010100000068ee2fad78d02040f0bb22f81fd45a40, 'POINT(8.407170688725458, 107.31445125000005)', 0),
(13, 'xzcf', 7, '000000', '000000', 1, 190761.18920767374, 'CIRCLE', '', 0x0000000001010000005c9190d1575b2640f0bb22f8af555840, 'POINT(11.178404377839506, 97.33886531250005)', 0);

-- --------------------------------------------------------

--
-- Table structure for table `landmark_zones`
--

CREATE TABLE IF NOT EXISTS `landmark_zones` (
  `id` int(11) NOT NULL AUTO_INCREMENT,
  `name` varchar(255) COLLATE utf8_unicode_ci DEFAULT NULL,
  `fore_color` varchar(50) COLLATE utf8_unicode_ci DEFAULT NULL,
  `back_color` varchar(50) COLLATE utf8_unicode_ci DEFAULT NULL,
  `timezone_id` int(11) DEFAULT NULL,
  `geo_location` polygon DEFAULT NULL,
  PRIMARY KEY (`id`),
  KEY `timezone_id` (`timezone_id`)
) ENGINE=MyISAM DEFAULT CHARSET=utf8 COLLATE=utf8_unicode_ci AUTO_INCREMENT=1 ;

--
-- Dumping data for table `landmark_zones`
--


-- --------------------------------------------------------

--
-- Table structure for table `locations`
--

CREATE TABLE IF NOT EXISTS `locations` (
  `id` int(11) NOT NULL AUTO_INCREMENT,
  `name` varchar(255) COLLATE utf8_unicode_ci DEFAULT NULL,
  `city` varchar(255) COLLATE utf8_unicode_ci DEFAULT NULL,
  `province` varchar(255) COLLATE utf8_unicode_ci DEFAULT NULL,
  `location_type_id` int(11) DEFAULT NULL,
  `radius_meter` int(11) DEFAULT NULL,
  `thickness` float DEFAULT NULL,
  `fore_color` varchar(50) COLLATE utf8_unicode_ci DEFAULT NULL,
  `back_color` varchar(50) COLLATE utf8_unicode_ci DEFAULT NULL,
  `geo_location` linestring DEFAULT NULL,
  PRIMARY KEY (`id`),
  KEY `location_type_id` (`location_type_id`)
) ENGINE=MyISAM DEFAULT CHARSET=utf8 COLLATE=utf8_unicode_ci AUTO_INCREMENT=1 ;

--
-- Dumping data for table `locations`
--


-- --------------------------------------------------------

--
-- Table structure for table `location_type`
--

CREATE TABLE IF NOT EXISTS `location_type` (
  `id` int(10) NOT NULL AUTO_INCREMENT,
  `name` varchar(50) DEFAULT NULL,
  `radius_meter` int(10) DEFAULT NULL,
  `thickness` double DEFAULT NULL,
  `fore_color` varchar(50) DEFAULT NULL,
  `back_color` varchar(50) DEFAULT NULL,
  PRIMARY KEY (`id`)
) ENGINE=InnoDB  DEFAULT CHARSET=latin1 AUTO_INCREMENT=6 ;

--
-- Dumping data for table `location_type`
--

INSERT INTO `location_type` (`id`, `name`, `radius_meter`, `thickness`, `fore_color`, `back_color`) VALUES
(1, 'Jalan Tol', 100, 6, '#000080', '#000080'),
(2, 'Jalan Protocol', 60, 3, '#3366FF', '#3366FF'),
(3, 'Jalan Raya Besar', 40, 2, '#99CCFF', '#99CCFF'),
(4, 'Jalan Raya Kecil', 20, 1, '#00FFFF', '#00FFFF'),
(5, 'Jalan Kampung', 15, 1, '#CCFFCC', '#CCFFCC');

-- --------------------------------------------------------

--
-- Table structure for table `mdt_messages`
--

CREATE TABLE IF NOT EXISTS `mdt_messages` (
  `id` bigint(19) NOT NULL AUTO_INCREMENT,
  `unit_id` varchar(10) DEFAULT NULL,
  `type` varchar(3) DEFAULT NULL,
  `status` varchar(15) DEFAULT NULL,
  `user_id` int(10) DEFAULT NULL,
  `gps_time` datetime DEFAULT NULL,
  `local_time` datetime DEFAULT NULL,
  `timezone` decimal(18,0) DEFAULT NULL,
  `message` varchar(255) DEFAULT NULL,
  `read_by` int(10) DEFAULT NULL,
  `read_date` datetime DEFAULT NULL,
  `tag` varchar(5) DEFAULT NULL,
  PRIMARY KEY (`id`)
) ENGINE=InnoDB DEFAULT CHARSET=latin1 AUTO_INCREMENT=1 ;

--
-- Dumping data for table `mdt_messages`
--


-- --------------------------------------------------------

--
-- Table structure for table `menus`
--

CREATE TABLE IF NOT EXISTS `menus` (
  `id` int(10) NOT NULL AUTO_INCREMENT,
  `parent_id` int(10) DEFAULT NULL,
  `name` varchar(50) DEFAULT NULL,
  `sequence_no` smallint(5) DEFAULT NULL,
  `page_name` varchar(50) DEFAULT NULL,
  `menu_level` smallint(5) DEFAULT '0',
  `note` varchar(255) DEFAULT NULL,
  `is_visible` tinyint(4) DEFAULT '1',
  `file_name` varchar(255) DEFAULT NULL,
  `icon_file` varchar(255) DEFAULT NULL,
  `module_id` int(10) DEFAULT NULL,
  `target_type` int(10) DEFAULT '0',
  PRIMARY KEY (`id`),
  KEY `fk_adm_menu` (`module_id`)
) ENGINE=InnoDB  DEFAULT CHARSET=latin1 AUTO_INCREMENT=159 ;

--
-- Dumping data for table `menus`
--

INSERT INTO `menus` (`id`, `parent_id`, `name`, `sequence_no`, `page_name`, `menu_level`, `note`, `is_visible`, `file_name`, `icon_file`, `module_id`, `target_type`) VALUES
(111, 0, 'Home', 1, 'Home', 0, 'Homepage', 1, 'administrator', '', 1, 0),
(112, 0, 'Application management', 2, 'Application management', 0, 'Manage application', 1, '', '', 1, 0),
(113, 112, 'Manage module', 3, 'Manage module', 1, 'Manage modul', 1, 'modules/index', '', 1, 0),
(114, 112, 'Manage menu', 4, 'Manage menu', 1, '', 1, 'menu/index', '', 1, 0),
(115, 112, 'ACL Management', 5, 'ACL Management', 1, 'Setting group, user, and privileges of group user', 1, '', '', 1, 0),
(117, 115, 'Manage Users', 6, 'Manage Users', 2, 'Maintain user data. Add, edit, or delete user data.', 1, 'users/index', '', 1, 0),
(118, 115, 'Manage Groups & Permission', 7, 'Manage Groups & Permission', 2, 'Maintain group data. Add, edit, or delete group data. Setting privileges of each group', 1, 'groups/index', '', 1, 0),
(119, 0, 'Device Management', 8, 'Device Management', 0, 'Device Management', 1, '', '', 1, 0),
(120, 119, 'Device list', 9, 'Device list', 1, 'list of the device', 1, 'device/device_list', '', 1, 0),
(121, 119, 'Device type', 10, 'Device type', 1, 'Device type', 1, 'device/device_type', '', 1, 0),
(122, 119, 'Device Group', 11, 'Device Group', 1, 'Group of device', 1, 'device/device_group_index', '', 1, 0),
(123, 0, 'Fuel', 12, 'Fuel', 0, 'Fuel', 1, '', '', 1, 0),
(124, 123, 'Fuel type', 13, 'Fuel type', 1, 'Fuel type', 1, 'fuel/fuel_type', '', 1, 0),
(125, 0, 'Protokol', 14, 'Protokol', 0, 'Protokol', 1, '', '', 1, 0),
(126, 125, 'Protocol list', 15, 'Protocol list', 1, 'protocol list', 1, 'protocol/index', '', 1, 0),
(127, 125, 'Protocol reports', 16, 'Protocol reports', 1, '', 1, 'protocol/reports', '', 1, 0),
(128, 0, 'Timezone', 17, 'Timezone', 0, 'Timezone', 1, 'timezone/index', '', 1, 0),
(129, 0, 'Packages', 18, 'Packages', 0, 'Packages', 1, '', '', 1, 0),
(130, 129, 'Config package', 19, 'Config package', 1, 'Config package', 1, 'package/config_package', '', 1, 0),
(131, 129, 'Package list', 20, 'Package list', 1, 'List of packages', 1, 'package/pack', '', 1, 0),
(132, 0, 'Gsm Card', 21, 'Gsm Card', 0, '', 1, 'card/index', '', 1, 0),
(133, 0, 'Customers', 4, 'Customers', 0, 'customer management', 1, 'customers/index', '', 1, 0),
(134, 0, 'Word', 22, 'Word', 0, 'Word', 1, 'words/index', '', 1, 0),
(135, 0, 'Dashboard', 1, 'Dashboard', 0, 'Dashboard', 1, '', 'icon-dashboard', 2, 0),
(136, 135, 'Logout', 3, 'Logout', 1, 'Logout front end', 1, 'main/logout', 'icon-keluar', 2, 0),
(137, 0, 'Mapping', 4, 'Mapping', 0, 'Map area', 1, '', 'icon-map', 2, 0),
(138, 135, 'Dashboard', 2, 'Dashboard', 1, 'Dashboard', 1, 'main/dashboard', 'icon-home', 2, 0),
(139, 137, 'Current map', 5, 'Current map', 1, '', 1, 'map', 'icon-map', 2, 0),
(141, 137, 'History', 5, 'History', 1, 'Map history', 1, 'history', 'icon-history', 2, 0),
(142, 0, 'Administration', 7, 'Administration', 0, 'Menu administratsi', 1, '', 'icon-admin', 2, 0),
(143, 142, 'Profile', 8, 'Profile', 1, 'Edit profile', 1, 'main/profile', 'icon-administrator', 2, 0),
(144, 142, 'Usermanagement', 9, 'Usermanagement', 1, 'Manage user', 1, 'main/usermanagement', 'icon-usermanagement', 2, 0),
(145, 142, 'Manage device', 10, 'Manage device', 1, 'Device management', 1, 'customer/device', 'icon-car', 2, 0),
(146, 142, 'Geofence', 11, 'Geofence', 1, 'Geofence', 1, 'landmark', 'icon-marker', 2, 0),
(147, 142, 'POI', 12, 'POI', 1, 'Point of Interest', 1, 'poi', 'icon-poi', 2, 0),
(148, 0, 'Reports', 14, 'Reports', 0, 'Report management', 1, '', 'icon-report', 2, 0),
(149, 148, 'Detail report', 15, 'Detail report', 1, 'Detail report', 1, 'report/detail', 'icon-reports', 2, 0),
(150, 148, 'Event report', 16, 'Event report', 1, 'Event report', 1, 'report/event', 'icon-reports', 2, 0),
(151, 148, 'Speeding Report', 17, 'Speeding Report', 1, 'Speed report', 1, 'report/speed', 'icon-reports', 2, 0),
(153, 158, 'Hourly', 19, 'Hourly', 2, 'Hourly milleage', 1, 'report/milieage_hourly', 'icon-hourly', 2, 0),
(154, 158, 'Daily', 20, 'Daily', 2, 'Daily milleage', 1, 'report/milieage_daily', 'icon-daily', 2, 0),
(155, 148, 'Fuel consumption', 21, 'Fuel consumption', 1, 'Fuel consumption', 1, '', '', 2, 0),
(156, 155, 'Hourly', 22, 'Hourly', 2, 'Hourly fuel consumption', 1, 'report/fuel_hourly', 'icon-hourly', 2, 0),
(157, 155, 'Daily', 23, 'Daily', 2, 'Daily fuel report', 1, 'report/fuel_daily', 'icon-daily', 2, 0),
(158, 148, 'Milliage', 26, 'Milliage', 1, 'Milliage', 1, '', 'icon-reports  ', 2, 0);

-- --------------------------------------------------------

--
-- Table structure for table `modules`
--

CREATE TABLE IF NOT EXISTS `modules` (
  `id` int(10) NOT NULL AUTO_INCREMENT,
  `name` varchar(40) DEFAULT NULL,
  `is_visible` tinyint(4) DEFAULT '1',
  `folder_name` varchar(255) DEFAULT NULL,
  `sequence_no` smallint(5) DEFAULT NULL,
  PRIMARY KEY (`id`)
) ENGINE=InnoDB  DEFAULT CHARSET=latin1 AUTO_INCREMENT=3 ;

--
-- Dumping data for table `modules`
--

INSERT INTO `modules` (`id`, `name`, `is_visible`, `folder_name`, `sequence_no`) VALUES
(1, 'ADMIN', 1, 'administrator', 0),
(2, 'PRIMARY', 1, '/', 2);

-- --------------------------------------------------------

--
-- Table structure for table `packages`
--

CREATE TABLE IF NOT EXISTS `packages` (
  `id` int(11) NOT NULL AUTO_INCREMENT,
  `config_package_id` int(11) NOT NULL,
  `command_function` varchar(20) NOT NULL,
  `parameters` varchar(255) DEFAULT NULL,
  PRIMARY KEY (`id`)
) ENGINE=InnoDB  DEFAULT CHARSET=latin1 AUTO_INCREMENT=166 ;

--
-- Dumping data for table `packages`
--

INSERT INTO `packages` (`id`, `config_package_id`, `command_function`, `parameters`) VALUES
(1, 1, 'UNPM', '<unit_id>,<pin_new>,<gsm_pin>,5,30,30,30,0,0'),
(3, 2, 'COMM', '3,08119301500,,EXELAN1,,,1,202.43.164.221,7701,180,0.0.0.0'),
(4, 2, 'RMSK', '255,255'),
(5, 2, 'TRACKING', '5,300,100,0,0,3'),
(6, 2, 'STARTLOG', '5,300,100,0,0'),
(7, 2, 'SMSTRACK', '0,7,300,100,0,0'),
(8, 2, 'TIMER', '1,010000'),
(9, 2, 'PMGR', '1,10.00,1,0,180,180,300,1'),
(10, 2, 'MILE', '1,0.0,1'),
(11, 2, 'TOW', '1,3,10,100,30'),
(12, 2, 'SPEED', '0,3,110,160,30,1,0'),
(13, 2, 'IDLE', '1,3,10,10'),
(14, 2, 'VOICE', '1,0,,,,,,'),
(15, 1, 'COMM', '3,08119301500,,EXELAN1,,,1,202.43.164.221,7701,180,0.0.0.0'),
(16, 1, 'RMSK', '255,255'),
(17, 1, 'TRACKING', '5,300,100,0,0,3'),
(18, 1, 'STARTLOG', '5,300,100,0,0'),
(19, 1, 'SMSTRACK', '0,7,300,100,0,0'),
(20, 1, 'TIMER', '0,010000'),
(21, 1, 'PMGR', '1,10.00,1,1,30,180,300,1'),
(22, 1, 'MILE', '1,0.0,1'),
(23, 1, 'TOW', '1,3,10,100,30'),
(24, 1, 'SPEED', '0,3,110,160,30,1,0'),
(25, 1, 'IDLE', '1,3,10,10'),
(26, 1, 'VOICE', '1,0,,,,,,'),
(27, 3, 'UNPM', '<unit_id>,<pin_new>,<gsm_pin>,5,30,30,30,0,0'),
(28, 3, 'COMM', '3,08119301500,,EXELAN1,,,1,202.43.164.221,7701,180,0.0.0.0'),
(29, 3, 'RMSK', '255,255'),
(30, 3, 'TRACKING', '5,600,100,0,0,3'),
(31, 3, 'STARTLOG', '5,600,100,0,0'),
(32, 3, 'SMSTRACK', '0,7,600,100,0,0'),
(33, 3, 'TIMER', '1010000'),
(34, 3, 'PMGR', '1,10.00,1,0,180,180,300,1'),
(35, 3, 'MILE', '1,0.0,1'),
(36, 3, 'TOW', '1,3,10,100,30'),
(37, 3, 'SPEED', '0,3,110,160,30,1,0'),
(38, 3, 'IDLE', '1,3,10,10'),
(39, 3, 'VOICE', '1,0,,,,,,'),
(40, 4, 'UNPM', '<unit_id>,<pin_new>,<gsm_pin>,5,30,30,30,0,0'),
(41, 4, 'COMM', '3,08119301500,,EXELAN1,,,1,202.43.164.221,7701,180,0.0.0.0'),
(42, 4, 'RMSK', '255,255'),
(43, 4, 'TRACKING', '5,900,100,0,0,3'),
(44, 4, 'STARTLOG', '5,900,100,0,0'),
(45, 4, 'SMSTRACK', '0,7,900,100,0,0'),
(46, 4, 'TIMER', '1010000'),
(47, 4, 'PMGR', '1,10.00,1,0,180,180,300,1'),
(48, 4, 'MILE', '1,0.0,1'),
(49, 4, 'TOW', '1,3,10,100,30'),
(50, 4, 'SPEED', '0,3,110,160,30,1,0'),
(51, 4, 'IDLE', '1,3,10,10'),
(52, 4, 'VOICE', '1,0,,,,,,'),
(53, 5, 'UNPM', '<unit_id>,<pin_new>,<gsm_pin>,5,30,30,30,0,0'),
(54, 5, 'COMM', '3,08119301500,,EXELAN1,,,1,202.43.164.221,7701,180,0.0.0.0'),
(55, 5, 'RMSK', '255,255'),
(56, 5, 'TRACKING', '5,5,100,0,0,3'),
(57, 5, 'STARTLOG', '5,5,100,0,0'),
(58, 5, 'SMSTRACK', '0,5,15,300,0,0'),
(59, 5, 'TIMER', '1010000'),
(60, 5, 'PMGR', '1,10.00,1,0,180,180,300,1'),
(61, 5, 'MILE', '1,0.0,1'),
(62, 5, 'TOW', '1,3,10,100,30'),
(63, 5, 'SPEED', '0,3,110,160,30,1,0'),
(64, 5, 'IDLE', '1,3,10,10'),
(65, 5, 'VOICE', '1,1,,,,,,'),
(66, 6, 'UNPM', '<unit_id>,<pin_new>,<gsm_pin>,5,30,30,30,0,0'),
(67, 6, 'COMM', '3,08119301500,,EXELAN1,,,1,202.43.164.221,7701,0,0.0.0.0'),
(68, 6, 'RMSK', '255,255'),
(69, 6, 'TRACKING', '5,180,100,0,1,3'),
(70, 6, 'STARTLOG', '5,180,100,0,1'),
(71, 6, 'SMSTRACK', '0,7,300,100,0,0'),
(72, 6, 'TIMER', '1,010000'),
(73, 6, 'PMGR', '1,10.0,1,0,360,360,1800,0'),
(74, 6, 'MILE', '1,0.0,1'),
(75, 6, 'TOW', '1,3,15,160,30'),
(76, 6, 'SPEED', '1,3,60,160,15,2,1'),
(77, 6, 'IDLE', '1,3,10,10'),
(78, 6, 'VOICE', '1,1,0,,,,,,'),
(79, 7, 'UNPM', '<unit_id>,<pin_new>,<gsm_pin>,7,30,30,30,0,0'),
(80, 7, 'COMM', '3,08119301500,,EXELAN1,,,1,202.43.164.221,7701,180,0.0.0.0'),
(81, 7, 'TRACKING', '1,5,0,0,1,3'),
(82, 7, 'STARTLOG', '1,5,0,0,1'),
(83, 7, 'BBCTRL', '1'),
(84, 7, 'RMSK', '255,255'),
(85, 7, 'TOW', '1,3,15,160,30'),
(86, 7, 'MILE', '1,0.0,1'),
(87, 8, 'TRACKING', '1,900,0,0,1,3'),
(88, 8, 'STARTLOG', '1,900,0,0,1'),
(89, 8, 'BBCTRL', '1'),
(90, 8, 'RMSK', '255,255'),
(91, 8, 'TOW', '1,3,15,160,30'),
(92, 8, 'MILE', '1,0.0,1'),
(93, 8, 'SPEED', '1,3,100,180,15,,'),
(94, 8, 'TIMER', '1,010000'),
(95, 8, 'CONT', '1'),
(96, 8, 'IDLE', '1,3,5,5'),
(97, 8, 'VOICE', '1,2,,,,,,,60'),
(98, 8, 'GPRSPACKET', '0,0,0'),
(99, 8, 'SMSTRACK', '0,0,0,0,0,0,0'),
(100, 8, 'PMGR', '1,10.00,1,0,30,2700,7200,0'),
(101, 9, 'SMSTRACK', '0,0,0,0,0,0,0'),
(102, 9, 'PMGR', '1,10.00,1,0,30,1800,7200,0'),
(103, 8, 'UNPM', '<unit_id>,<pin_new>,<gsm_pin>,7,30,30,30,0,0'),
(104, 8, 'COMM', '3,08119301500,,EXELAN1,,,1,202.43.164.221,7701,180,0.0.0.0'),
(105, 7, 'SPEED', '1,3,100,180,15,,'),
(106, 7, 'TIMER', '1,010000'),
(107, 7, 'CONT', '1'),
(108, 7, 'IDLE', '1,3,5,5'),
(109, 7, 'VOICE', '1,2,,,,,,,60'),
(110, 7, 'GPRSPACKET', '0,0,0'),
(111, 7, 'SMSTRACK', '0,0,0,0,0,0,0'),
(112, 7, 'PMGR', '1,10.00,1,0,30,15,7200,0'),
(113, 10, 'UNPM', '<unit_id>,<pin_new>,<gsm_pin>,7,30,30,30,0,0'),
(114, 10, 'COMM', '3,08119301500,,EXELAN1,,,1,202.43.164.221,7701,180,0.0.0.0'),
(115, 10, 'TRACKING', '1,180,0,0,1,3'),
(116, 10, 'STARTLOG', '1,180,0,0,1'),
(117, 10, 'BBCTRL', '1'),
(118, 10, 'RMSK', '255,255'),
(119, 10, 'TOW', '1,3,15,160,30'),
(120, 10, 'MILE', '1,0.0,1'),
(121, 10, 'SPEED', '1,3,100,180,15,,'),
(122, 10, 'TIMER', '1,010000'),
(123, 10, 'CONT', '1'),
(124, 10, 'IDLE', '1,3,5,5'),
(125, 10, 'VOICE', '1,2,,,,,,,60'),
(126, 10, 'GPRSPACKET', '0,0,0'),
(127, 10, 'SMSTRACK', '0,0,0,0,0,0,0'),
(128, 10, 'PMGR', '1,10.00,1,0,30,540,7200,0'),
(129, 11, 'UNPM', '<unit_id>,<pin_new>,<gsm_pin>,7,30,30,30,0,0'),
(130, 11, 'COMM', '3,08119301500,,EXELAN1,,,1,202.43.164.221,7701,180,0.0.0.0'),
(131, 11, 'TRACKING', '1,300,0,0,1,3'),
(132, 11, 'STARTLOG', '1,300,0,0,1'),
(133, 11, 'BBCTRL', '1'),
(134, 11, 'RMSK', '255,255'),
(135, 11, 'TOW', '1,3,15,160,30'),
(136, 11, 'MILE', '1,0.0,1'),
(137, 11, 'SPEED', '1,3,100,180,15,,'),
(138, 11, 'TIMER', '1,010000'),
(139, 11, 'CONT', '1'),
(140, 11, 'IDLE', '1,3,5,5'),
(141, 11, 'VOICE', '1,2,,,,,,,60'),
(142, 11, 'GPRSPACKET', '0,0,0'),
(143, 11, 'SMSTRACK', '0,0,0,0,0,0,0'),
(144, 11, 'PMGR', '1,10.00,1,0,30,900,7200,0'),
(145, 9, 'UNPM', '<unit_id>,<pin_new>,<gsm_pin>,7,30,30,30,0,0'),
(146, 9, 'COMM', '3,08119301500,,EXELAN1,,,1,202.43.164.221,7701,180,0.0.0.0'),
(147, 9, 'TRACKING', '1,600,0,0,1,3'),
(148, 9, 'STARTLOG', '1,600,0,0,1'),
(149, 9, 'BBCTRL', '1'),
(150, 9, 'RMSK', '255,255'),
(151, 9, 'TOW', '1,3,15,160,30'),
(152, 9, 'MILE', '1,0.0,1'),
(153, 9, 'SPEED', '1,3,100,180,15,,'),
(154, 9, 'TIMER', '1,010000'),
(155, 9, 'CONT', '1'),
(156, 9, 'IDLE', '1,3,5,5'),
(157, 9, 'VOICE', '1,2,,,,,,,60'),
(158, 9, 'GPRSPACKET', '0,0,0'),
(165, 6, 'zsdg', 'ohoiodffg');

-- --------------------------------------------------------

--
-- Table structure for table `poi`
--

CREATE TABLE IF NOT EXISTS `poi` (
  `id` int(10) NOT NULL AUTO_INCREMENT,
  `name` varchar(255) DEFAULT NULL,
  `longitude` double DEFAULT NULL,
  `latitude` double DEFAULT NULL,
  `min_zoom_level` int(10) DEFAULT NULL,
  `icon_name` varchar(50) DEFAULT NULL,
  `icon_shadow_name` varchar(50) DEFAULT NULL,
  PRIMARY KEY (`id`)
) ENGINE=InnoDB  DEFAULT CHARSET=latin1 AUTO_INCREMENT=307 ;

--
-- Dumping data for table `poi`
--

INSERT INTO `poi` (`id`, `name`, `longitude`, `latitude`, `min_zoom_level`, `icon_name`, `icon_shadow_name`) VALUES
(1, 'Rawamangun Golf Range', 106.875514984131, -6.200970813156, 1, 'golfer.png', ''),
(2, 'Bandara Soekarno Hatta', 106.654072, -6.126644, 17, 'plane.png', 'plane.shadow.png'),
(7, 'Club House Senayan Golf', 106.797451972961, -6.22453695226719, 17, 'golfer.png', 'golfer.shadow.png'),
(23, 'Bandara Halim Perdana Kusuma', 106.885643, -6.270253, 17, 'plane.png', 'plane.shadow.png'),
(24, 'Pom Bensin Pajajaran', 106.812687, -6.61274, 14, 'gas.png', 'gas.shadow.png'),
(25, 'Pom Bensi Batutulis', 106.807516, -6.620936, 14, 'gas.png', 'gas.shadow.png'),
(26, 'RS Azra Bogor', 106.807923, -6.579371, 14, 'hospitals.png', 'hospitals.shadow.png'),
(27, 'RS PMI Bogor', 106.806207, -6.598662, 14, 'hospitals.png', 'hospitals.shadow.png'),
(28, 'RS BMC Bogor', 106.810949, -6.608035, 14, 'hospitals.png', 'hospitals.shadow.png'),
(29, 'Pom Bensin Bantarjati', 106.806625, -6.579008, 14, 'gas.png', 'gas.shadow.png'),
(30, 'Kantor Polisi Bantarjati', 106.806507, -6.579541, 14, 'police.png', 'police.shadow.png'),
(31, 'ATM BNI', 106.806722, -6.578071, 14, 'dollar.png', 'dollar.shadow.png'),
(35, 'ATM BCA', 106.804994, -6.588212, 17, 'dollar.png', 'dollar.shadow.png'),
(36, 'Baranang Siang Bus Station', 106.806464, -6.605099, 14, 'bus.png', 'bus.shadow.png'),
(37, 'Botanical Square Mall', 106.806808, -6.60203, 14, 'convienancestore.png', 'convienancestore.shadow.png'),
(38, 'Bogor Trade Mall', 106.79617, -6.60455, 14, 'convienancestore.png', 'convienancestore.shadow.png'),
(39, 'Ekalokasari Mall', 106.817236, -6.621895, 14, 'convienancestore.png', 'convienancestore.shadow.png'),
(40, 'Pom Bensin Semplak', 106.766725, -6.56899, 14, 'gas.png', 'gas.shadow.png'),
(41, 'Giant Yasmin', 106.771574, -6.558267, 14, 'convienancestore.png', 'convienancestore.shadow.png'),
(42, 'Rumah Sakit Hermina', 106.77424, -6.55734, 14, 'hospitals.png', 'hospitals.shadow.png'),
(43, 'Bogor Indah Plaza', 106.790489, -6.561848, 14, 'convienancestore.png', 'convienancestore.shadow.png'),
(44, 'Pom Bensin Cimanggu', 106.786251, -6.560068, 14, 'gas.png', 'gas.shadow.png'),
(45, 'Pom Bensin Cimanggu Vila', 106.781777, -6.556871, 14, 'gas.png', 'gas.shadow.png'),
(46, 'RS Marzuki Mahdi ', 106.781917, -6.582931, 14, 'hospitals.png', 'hospitals.shadow.png'),
(47, 'RS Karya Bhankti', 106.77902, -6.581353, 14, 'hospitals.png', 'hospitals.shadow.png'),
(48, 'Pom Bensi Semeru', 106.78167, -6.585553, 14, 'gas.png', 'gas.shadow.png'),
(49, 'RS Kebruderan', 106.79271, -6.59734, 14, 'hospitals.png', 'hospitals.shadow.png'),
(50, 'Rumah Sakit Salak Bogor', 106.797366, -6.59216, 14, 'hospitals.png', 'hospitals.shadow.png'),
(51, 'Jambu Dua Mall Bogor', 106.807902, -6.56948, 14, 'convienancestore.png', 'convienancestore.shadow.png'),
(52, 'Jembatan Merah Plaza Bogor', 106.787152, -6.596829, 14, 'convienancestore.png', 'convienancestore.shadow.png'),
(53, 'Pom Bensin Jambu Dua Bogor', 106.810348, -6.565856, 14, 'gas.png', 'gas.shadow.png'),
(54, 'Rumah Sakit Islam Bogor', 106.791959, -6.55944, 14, 'hospitals.png', 'hospitals.shadow.png'),
(55, 'Pom Bensin Tajur', 106.825143, -6.631817, 14, 'gas.png', 'gas.shadow.png'),
(56, 'ATM BCA Tajur', 106.824971, -6.631375, 14, 'dollar.png', 'dollar.shadow.png'),
(57, 'Stasiun KRL Bogor', 106.7908, -6.594569, 14, 'rail.png', 'rail.shadow.png'),
(58, 'Stasiun KRL Bogor', 106.7908, -6.594569, 14, 'rail.png', 'rail.shadow.png'),
(59, 'BANDARA INTERNASIONAL SEPINGAN', 116.894617, -1.267487, 14, 'plane.png', 'plane.shadow.png'),
(60, 'LAPANGAN GOLF PERTAMINA', 116.868696, -1.270887, 14, 'golfer.png', 'golfer.shadow.png'),
(61, 'PELABUHAN SEMAYANG', 116.805418, -1.271949, 14, 'marina.png', 'marina.shadow.png'),
(62, 'RSU BALIKPAPAN', 116.868669, -1.225102, 17, 'hospitals.png', 'hospitals.shadow.png'),
(63, 'RSU BALIKPAPAN', 116.868669, -1.225102, 17, 'hospitals.png', 'hospitals.shadow.png'),
(64, 'Padang Golf Pondok Indah', 106.788526, -6.272514, 17, 'golfer.png', 'golfer.shadow.png'),
(65, 'Golf Driving Range Semanggi', 106.808567, -6.228915, 17, 'golfer.png', 'golfer.shadow.png'),
(66, 'Padang Golf HAlim 1', 106.889119, -6.285525, 17, 'golfer.png', 'golfer.shadow.png'),
(67, 'Padang Golf Halim 2', 106.896651, -6.282624, 17, 'golfer.png', 'golfer.shadow.png'),
(68, 'Lapangan Golf Cilandak', 106.813803, -6.296594, 17, 'golfer.png', 'golfer.shadow.png'),
(69, 'Rumah Sakit Umum Fatmawati', 106.796014, -6.294717, 17, 'hospitals.png', 'hospitals.shadow.png'),
(70, 'Club House Fatmawati Golf', 106.797709, -6.297426, 17, 'golfer.png', 'golfer.shadow.png'),
(71, 'Cengkareng Golf Club', 106.672654, -6.125108, 17, 'golfer.png', 'golfer.shadow.png'),
(72, 'Damai Indah Golf & Country Club', 106.746404, -6.116702, 17, 'golfer.png', 'golfer.shadow.png'),
(73, 'Rumah Sakit Umum Pantai Indah Kapuk', 106.753131, -6.111784, 17, 'hospitals.png', 'hospitals.shadow.png'),
(74, 'Mega Pluit Mall', 106.789727, -6.116478, 17, 'convienancestore.png', 'convienancestore.shadow.png'),
(75, 'Padang Golf Jaya Ancol', 106.835475, -6.12562, 17, 'golfer.png', 'golfer.shadow.png'),
(76, 'WTC Mangga Dua', 106.830567, -6.133173, 17, 'convienancestore.png', 'convienancestore.shadow.png'),
(77, 'Rumah Sakit Umum Daerah Koja', 106.900374, -6.108904, 17, 'hospitals.png', 'hospitals.shadow.png'),
(78, 'Rumah Sakit Umum Mitra Keluarga', 106.897155, -6.152011, 17, 'hospitals.png', 'hospitals.shadow.png'),
(79, 'Rumah Sakit Umum Persahabatan', 106.88442, -6.204085, 17, 'hospitals.png', 'hospitals.shadow.png'),
(80, 'Golf Driving Range (Kelapa Gading Mall)', 106.890063, -6.155585, 14, 'golfer.png', 'golfer.shadow.png'),
(81, 'Rumah Sakit UMum Setia Mitra', 106.904247, -6.219188, 17, 'hospitals.png', 'hospitals.shadow.png'),
(82, 'Rumah Sakit Mata Aini', 106.909558, -6.232045, 17, 'hospitals.png', 'hospitals.shadow.png'),
(83, 'Rumah Sakit Umum Duren Sawit', 106.90878, -6.231662, 17, 'hospitals.png', 'hospitals.shadow.png'),
(84, 'Rumah Sakit Umum Harum', 106.909971, -6.248006, 17, 'hospitals.png', 'hospitals.shadow.png'),
(85, 'Spring Hill Golf residences', 106.936712, -6.25705, 17, 'golfer.png', 'golfer.shadow.png'),
(86, 'Rumah Sakit Umum Sumber Waras', 106.798096, -6.168033, 17, 'hospitals.png', 'hospitals.shadow.png'),
(87, 'Rumah Sakit Umum Husada', 106.828802, -6.146763, 17, 'hospitals.png', 'hospitals.shadow.png'),
(88, 'Rumah Sakit Bersalin Tugu Ibu', 106.860645, -6.356693, 17, 'hospitals.png', 'hospitals.shadow.png'),
(89, 'Rumah Sakit Bersalin Hermina', 106.713145, -6.152801, 17, 'hospitals.png', 'hospitals.shadow.png'),
(90, 'Rumah Sakit Pelni Petamburan', 106.803621, -6.193067, 17, 'hospitals.png', 'hospitals.shadow.png'),
(91, 'Rumah Sakit Bhakti Mulia', 106.800821, -6.199392, 17, 'hospitals.png', 'hospitals.shadow.png'),
(92, 'Rumah Sakit Umum Harapan Kita', 106.798568, -6.184747, 17, 'hospitals.png', 'hospitals.shadow.png'),
(93, 'Rumah Sakit Umum KIA', 106.712673, -6.294141, 17, 'hospitals.png', 'hospitals.shadow.png'),
(94, 'Rumah Sakit Internasional Bintaro', 106.724077, -6.276342, 17, 'hospitals.png', 'hospitals.shadow.png'),
(95, 'Rumah Sakit Umum AEA-SOS Medika', 106.808234, -6.2747, 17, 'hospitals.png', 'hospitals.shadow.png'),
(96, 'Rumah Sakit Umum Marinir Cilandak', 106.810412, -6.305019, 17, 'hospitals.png', 'hospitals.shadow.png'),
(97, 'Rumah Sakit Umum Honoris', 106.641701, -6.205291, 17, 'hospitals.png', 'hospitals.shadow.png'),
(98, 'Rumah Sakit Militer', 106.632142, -6.172204, 17, 'hospitals.png', 'hospitals.shadow.png'),
(99, 'Rumah Sakit Kusta Sitanala', 106.634417, -6.162529, 17, 'hospitals.png', 'hospitals.shadow.png'),
(100, 'Padang Golf Modern', 106.646948, -6.196192, 17, 'golfer.png', 'golfer.shadow.png'),
(101, 'Rumah Sakit Usada Insani', 106.647227, -6.184203, 17, 'hospitals.png', 'hospitals.shadow.png'),
(102, 'Rumah Sakit Pondok Indah', 106.781605, -6.283754, 17, 'hospitals.png', 'hospitals.shadow.png'),
(103, 'Rumah Sakit Umum Dharma Nugraha', 106.88722, -6.196224, 17, 'hospitals.png', 'hospitals.shadow.png'),
(104, 'Rumah Sakit Umum Harapan Jayakarta', 106.906103, -6.19543, 17, 'hospitals.png', 'hospitals.shadow.png'),
(105, 'Rumah Sakit Umum Mitra Internasional', 106.868799, -6.222452, 17, 'hospitals.png', 'hospitals.shadow.png'),
(106, 'Statsiun Teluk Betung Selatan', 105.291681, -5.435543, 17, 'rail.png', 'rail.shadow.png'),
(107, 'Pelabuhan Bakaheuni', 105.755127, -5.869861, 17, 'ferry.png', 'ferry.shadow.png'),
(108, 'Rumah Sakit UmumCibinong', 106.83121, -6.473391, 17, 'hospitals.png', 'hospitals.shadow.png'),
(109, 'Rumah Sakit Mata Cicendo', 107.60469, -6.910067, 17, 'hospitals.png', 'hospitals.shadow.png'),
(110, 'Pelabuhan Merak', 105.995466, -5.930894, 17, 'ferry.png', 'ferry.shadow.png'),
(111, 'RS Santo Boromeus', 107.613659, -6.894282, 17, 'hospitals.png', 'hospitals.shadow.png'),
(112, 'Setasiun Bandung', 107.602742, -6.912381, 17, 'rail.png', 'rail.shadow.png'),
(113, 'Rumah Sakit Kebon Jati', 107.596335, -6.916176, 17, 'hospitals.png', 'hospitals.shadow.png'),
(114, 'Rumah Sakit Bungsu', 107.613072, -6.918492, 17, 'hospitals.png', 'hospitals.shadow.png'),
(115, 'Siliwangi Golf Driving Range', 107.619383, -6.912837, 17, 'golfer.png', 'golfer.shadow.png'),
(116, 'Rumah Sakit Palang Merah Indonesia Citarum', 107.619686, -6.908856, 17, 'hospitals.png', 'hospitals.shadow.png'),
(117, 'PArahiangan Plasa', 107.606066, -6.922678, 17, 'convienancestore.png', 'convienancestore.shadow.png'),
(118, 'Bandung Giri Gahana Golf', 107.768522, -6.92279, 17, 'golfer.png', 'golfer.shadow.png'),
(119, 'Polres Bogor', 106.815739, -6.55629, 17, 'police.png', 'police.shadow.png'),
(120, 'Hambalang Golf', 106.873949, -6.56009, 17, 'golfer.png', 'golfer.shadow.png'),
(121, 'Jagorawi Golf', 106.877258, -6.454244, 17, 'golfer.png', 'golfer.shadow.png'),
(122, 'Carrrefour', 106.720043, -6.277654, 17, 'convienancestore.png', 'convienancestore.shadow.png'),
(123, 'Bandung Indah Padang Golf', 107.580957, -6.983766, 17, 'golfer.png', 'golfer.shadow.png'),
(124, 'Gading Raya Golf', 106.636477, -6.251142, 17, 'golfer.png', 'golfer.shadow.png'),
(125, 'Rumah Sakit Hasan Sadikin', 107.598757, -6.898021, 17, 'hospitals.png', 'hospitals.shadow.png'),
(126, 'Bogor Golf Club', 106.779492, -6.585489, 17, 'golfer.png', 'golfer.shadow.png'),
(127, 'Padang Golf Satelindo', 106.875215, -6.586831, 17, 'golfer.png', 'golfer.shadow.png'),
(128, 'PAdang Golf Bogor Raya', 106.835743, -6.601038, 17, 'golfer.png', 'golfer.shadow.png'),
(129, 'Padang Golf bukit pelangi', 106.879356, -6.620083, 14, 'golfer.png', 'golfer.shadow.png'),
(130, 'Rumsh Sakit Daerah Ciawi', 106.852942, -6.660894, 17, 'hospitals.png', 'hospitals.shadow.png'),
(131, 'Mal Merdeka', 106.78723, -6.592843, 17, 'convienancestore.png', 'convienancestore.shadow.png'),
(132, 'Pemadam Kebakaran Kota Bogor', 106.815857, -6.620153, 17, 'firedept.png', 'firedept.shadow.png'),
(135, 'Call Center', 106.814854, -6.619497, 17, 'info.png', 'info.shadow.png'),
(136, 'Bandar Udara Syamsudin Noor banjarmasin selatan', 114.751747, -3.44046, 17, 'plane.png', 'plane.shadow.png'),
(137, 'Banjarmasin kel. kertak baru ulu', 114.591224, -3.319017, 17, 'rangerstation.png', 'rangerstation.shadow.png'),
(138, 'Pelabuhan Samudra Trisakti', 114.558692, -3.324512, 17, 'marina.png', 'marina.shadow.png'),
(139, 'Padang Golf Pangkalan Jati', 106.789041, -6.3203, 17, 'golfer.png', 'golfer.shadow.png'),
(140, 'Cikarang Golf', 107.176566, -6.300646, 17, 'golfer.png', 'golfer.shadow.png'),
(141, 'Rumah Sakit Assyifa', 106.917261, -6.918998, 17, 'hospitals.png', 'hospitals.shadow.png'),
(142, 'Takara Golf', 106.468978, -6.2938, 17, 'golfer.png', 'golfer.shadow.png'),
(143, 'Sawangan Golf And Country', 106.751908, -6.398234, 17, 'golfer.png', 'golfer.shadow.png'),
(144, 'Pondok Cabe Golf Country Club', 106.762514, -6.351031, 17, 'golfer.png', 'golfer.shadow.png'),
(145, 'Matoa Nasional Golf Club', 106.796465, -6.359338, 17, 'golfer.png', 'golfer.shadow.png'),
(146, 'Kedaton Golf And Country Club', 106.5198, -6.190027, 17, 'golfer.png', 'golfer.shadow.png'),
(147, 'Lapangan Golf Karang Turi', 110.421739, -7.018284, 17, 'golfer.png', 'golfer.shadow.png'),
(148, 'Rumah Sakit Umum Al Irsyad Surabaya', 112.741069, -7.228242, 17, 'hospitals.png', 'hospitals.shadow.png'),
(149, 'Permata Krakatau Golf', 106.044288, -6.000454, 17, 'golfer.png', 'golfer.shadow.png'),
(150, 'Riverside Golf Club', 106.90062, -6.426296, 17, 'golfer.png', 'golfer.shadow.png'),
(151, 'Sedana Golf', 107.2857, -6.347075, 17, 'golfer.png', 'golfer.shadow.png'),
(152, 'Padang Golf Arcamanik', 107.672346, -6.9129, 17, 'golfer.png', 'golfer.shadow.png'),
(153, 'Rumah Sakit Umum Swadarma', 106.761288, -6.232912, 17, 'hospitals.png', 'hospitals.shadow.png'),
(154, 'Rumah Sakit Siloam Gleneagles Karawaci', 106.597547, -6.225326, 17, 'hospitals.png', 'hospitals.shadow.png'),
(155, 'Stasiun Ciroyom', 107.591246, -6.91371, 17, 'rail.png', 'rail.shadow.png'),
(156, 'Stasiun Andir', 107.579367, -6.908329, 17, 'rail.png', 'rail.shadow.png'),
(157, 'Hero Cilandak Raya', 106.814538, -6.302406, 17, 'convienancestore.png', 'convienancestore.shadow.png'),
(158, 'Pelabuhan Gilimanuk', 114.43806, -8.160676, 17, 'ferry.png', 'ferry.shadow.png'),
(159, 'Pelabuhan Ketapang', 114.400611, -8.142876, 17, 'ferry.png', 'ferry.shadow.png'),
(160, 'Rumah Sakit Umum Daerah Yogyakarta', 110.37793, -7.82505, 17, 'hospitals.png', 'hospitals.shadow.png'),
(161, 'Rumah Sakit Ibu dan Anak Simpangan Depok', 106.861873, -6.408302, 17, 'hospitals.png', 'hospitals.shadow.png'),
(162, 'Rumah Sakit Bhakti Yudha', 106.806502, -6.397725, 17, 'hospitals.png', 'hospitals.shadow.png'),
(163, 'Dago Indah Golf', 107.625407, -6.87184, 17, 'golfer.png', 'golfer.shadow.png'),
(164, 'Rumah Sakit Advent', 107.603389, -6.892, 17, 'hospitals.png', 'hospitals.shadow.png'),
(165, 'Rumah Sakit Dustira', 107.534574, -6.885684, 17, 'hospitals.png', 'hospitals.shadow.png'),
(166, 'Rumah Sakit Majalaya', 107.772357, -7.04862, 17, 'hospitals.png', 'hospitals.shadow.png'),
(167, 'Golf Cikampek', 107.431505, -6.414366, 17, 'golfer.png', 'golfer.shadow.png'),
(168, 'Golf Indah', 107.905553, -7.252426, 17, 'golfer.png', 'golfer.shadow.png'),
(169, 'Rumah Sakit Gunung Putri', 107.446796, -6.555464, 17, 'hospitals.png', 'hospitals.shadow.png'),
(170, 'Rumah Sakit Bhayangkara Polda DIY', 110.47152, -7.766029, 17, 'hospitals.png', 'hospitals.shadow.png'),
(171, 'Rumah Sakit Umum Cakra Husada', 110.594054, -7.70894, 17, 'hospitals.png', 'hospitals.shadow.png'),
(172, 'Rumah Sakit Umum Sragen', 111.03921, -7.418559, 17, 'hospitals.png', 'hospitals.shadow.png'),
(174, 'Rumah Sakit Umum Profesor Dokter Margono Soekarjo', 109.267788, -7.438058, 17, 'hospitals.png', 'hospitals.shadow.png'),
(175, 'Rumah Sakit Cibadak', 107.596764, -6.921003, 17, 'hospitals.png', 'hospitals.shadow.png'),
(176, 'Rumah Sakit Arie Santi', 115.27335, -8.552324, 17, 'hospitals.png', 'hospitals.shadow.png'),
(177, 'Rumah Sakit Umum Mitra Keluarga Pengasinan', 107.018608, -6.262668, 17, 'hospitals.png', 'hospitals.shadow.png'),
(178, 'Rumah Sakit Umum Bekasi', 107.000699, -6.24197, 17, 'hospitals.png', 'hospitals.shadow.png'),
(179, 'Rumah Sakit Ibu Sudibyo', 107.007131, -6.23629, 17, 'hospitals.png', 'hospitals.shadow.png'),
(180, 'Rumah Sakit Mekar Sari', 107.01079, -6.232875, 17, 'hospitals.png', 'hospitals.shadow.png'),
(181, 'Rumah Sakit Harapan Ibu', 98.655596, 3.603983, 17, 'hospitals.png', 'hospitals.shadow.png'),
(182, 'Rumah Sakit Islam Malahayati', 98.672596, 3.586197, 14, 'hospitals.png', 'hospitals.shadow.png'),
(183, 'Rumah Sakit Binong', 106.59987, -6.217858, 17, 'hospitals.png', 'hospitals.shadow.png'),
(184, 'Rumah Sakit Umum Krian Husada', 112.568834, -7.41053, 17, 'hospitals.png', 'hospitals.shadow.png'),
(185, 'Rumah Sakit Umum Anwar Medika', 112.559159, -7.408404, 17, 'hospitals.png', 'hospitals.shadow.png'),
(186, 'Citra Land Golf', 112.640129, -7.293278, 17, 'golfer.png', 'golfer.shadow.png'),
(187, 'Graha Famili Golf', 112.687819, -7.295438, 17, 'golfer.png', 'golfer.shadow.png'),
(188, 'Bukit Darmo Golf', 112.688983, -7.289907, 17, 'golfer.png', 'golfer.shadow.png'),
(189, 'Rumah Sakit Marinir Gunungsari', 112.70844, -7.304665, 17, 'hospitals.png', 'hospitals.shadow.png'),
(190, 'Yani Golf', 112.712959, -7.302185, 17, 'golfer.png', 'golfer.shadow.png'),
(191, 'Rumah Sakit Angkatan Laut Doktor Ramelan', 112.73877, -7.308621, 17, 'hospitals.png', 'hospitals.shadow.png'),
(192, 'Rumah Sakit Angkatan Darat', 112.723538, -7.29758, 17, 'hospitals.png', 'hospitals.shadow.png'),
(193, 'Rumah Sakit Islam Wonokromo', 112.734911, -7.306551, 17, 'hospitals.png', 'hospitals.shadow.png'),
(194, 'Brawijaya Golf', 112.724737, -7.300509, 17, 'golfer.png', 'golfer.shadow.png'),
(195, 'Rumah Sakit Umum Wiliam Booth Wonokromo', 112.737158, -7.29033, 17, 'hospitals.png', 'hospitals.shadow.png'),
(196, 'Rumah Sakit Umum St. Vincent', 112.736123, -7.2912, 17, 'hospitals.png', 'hospitals.shadow.png'),
(197, 'Rumah Sakit Umum Soemitro', 112.741037, -7.291394, 17, 'hospitals.png', 'hospitals.shadow.png'),
(198, 'Rumah Sakit Umum Bunda', 112.767068, -7.309209, 17, 'hospitals.png', 'hospitals.shadow.png'),
(199, 'Rumah Sakit Umum Budi Mulia', 112.746634, -7.274023, 17, 'hospitals.png', 'hospitals.shadow.png'),
(200, 'Rumah Sakit Umum Adi Husada Simokerto', 112.751902, -7.242651, 17, 'hospitals.png', 'hospitals.shadow.png'),
(201, 'Rumah Sakit Katolik St. Vincentius A Paulo', 112.735511, -7.293004, 17, 'hospitals.png', 'hospitals.shadow.png'),
(202, 'Rumah Sakit Umum Doktor Sutomo', 112.758771, -7.266081, 17, 'hospitals.png', 'hospitals.shadow.png'),
(203, 'Rumah Sakit Umum Adi Husada Paneleh', 112.745701, -7.251812, 17, 'hospitals.png', 'hospitals.shadow.png'),
(204, 'Rumah Sakit Mata Undaan', 112.743137, -7.254473, 17, 'hospitals.png', 'hospitals.shadow.png'),
(205, 'Rumah Sakti Umum PHC Surabaya', 112.73512, -7.209573, 17, 'hospitals.png', 'hospitals.shadow.png'),
(206, 'Pelabuhan Tanjung Perak', 112.735597, -7.199722, 17, 'ferry.png', 'ferry.shadow.png'),
(207, 'Pelabuhan Kamal Madura', 112.722049, -7.174854, 17, 'ferry.png', 'ferry.shadow.png'),
(208, 'Pelabuhan Tanjung Emas', 110.423399, -6.946444, 17, 'marina.png', 'marina.shadow.png'),
(209, 'Pelabuhan Tanjung Priok', 106.882727, -6.09671, 17, 'marina.png', 'marina.shadow.png'),
(210, 'Pelabuhan Belawan', 98.701934, 3.788228, 17, 'marina.png', 'marina.shadow.png'),
(211, 'Rumah Sakit Umum Provinsi Doktor Soedono', 111.524333, -7.62667, 17, 'hospitals.png', 'hospitals.shadow.png'),
(212, 'Rumah Sakit Tentara Madiun', 111.519948, -7.630004, 17, 'hospitals.png', 'hospitals.shadow.png'),
(213, 'Rumah Sakit PKU Muhammadiyah Grobogan', 110.667107, -7.06057, 17, 'hospitals.png', 'hospitals.shadow.png'),
(214, 'Rumah Sakit Umum Telogorejo', 110.426722, -6.98797, 17, 'hospitals.png', 'hospitals.shadow.png'),
(215, 'Rumah Sakit Umum Gajahmungkur William Booth', 110.405653, -6.996949, 17, 'hospitals.png', 'hospitals.shadow.png'),
(216, 'Rumah Sakit Umum Bhakti Wira Tamtama', 110.408577, -6.986205, 17, 'hospitals.png', 'hospitals.shadow.png'),
(217, 'Rumah Sakit Umum Bunda', 110.407531, -6.986101, 17, 'hospitals.png', 'hospitals.shadow.png'),
(218, 'Rumah Sakit Ibu dan Anak Hermina Semarang', 110.412654, -6.98584, 17, 'hospitals.png', 'hospitals.shadow.png'),
(219, 'Rumah Sakit Panti Wilasa Citarum', 110.439771, -6.969951, 17, 'hospitals.png', 'hospitals.shadow.png'),
(220, 'Rumah Sakit Umum Elizabeth', 110.419722, -7.008421, 17, 'hospitals.png', 'hospitals.shadow.png'),
(221, 'Rumah Sakit Umum Patrajasa', 110.421234, -7.011754, 17, 'hospitals.png', 'hospitals.shadow.png'),
(222, 'Rumah Sakit Ibu dan Anak Hermina Malang', 112.624409, -7.978052, 17, 'hospitals.png', 'hospitals.shadow.png'),
(223, 'Rumah Sakit Bersalin Melati Husada', 112.621281, -7.976187, 17, 'hospitals.png', 'hospitals.shadow.png'),
(224, 'Rumah Sakit Umum Saiful Anwar', 112.632485, -7.971411, 17, 'hospitals.png', 'hospitals.shadow.png'),
(225, 'Rumah Sakit Umum Syaiful Anwar', 112.631485, -7.972158, 17, 'hospitals.png', 'hospitals.shadow.png'),
(226, 'Rumah Sakit Umum Lavallete ', 112.637463, -7.965706, 17, 'hospitals.png', 'hospitals.shadow.png'),
(227, 'Lapangan Golf Karangtempel', 110.434578, -7.019668, 17, 'golfer.png', 'golfer.shadow.png'),
(228, 'Rumah Sakit Bersalin Padurungan', 110.461535, -7.008967, 17, 'hospitals.png', 'hospitals.shadow.png'),
(229, 'Rumah Sakit Umum Aminah', 112.168852, -8.101849, 17, 'hospitals.png', 'hospitals.shadow.png'),
(230, 'Rumah Sakit Umum Bunda', 112.758667, -7.267132, 17, 'hospitals.png', 'hospitals.shadow.png'),
(231, 'Rumah Sakit Mardi Santosa', 112.720703, -7.233215, 17, 'hospitals.png', 'hospitals.shadow.png'),
(232, 'Rumah Sakit Umum DKT Kediri', 112.008912, -7.809131, 17, 'hospitals.png', 'hospitals.shadow.png'),
(233, 'Rumah Sakit Umum Assifa', 112.327716, -8.089695, 17, 'hospitals.png', 'hospitals.shadow.png'),
(234, 'Unit Gawat Darurat 24 Jam Al Islam', 112.58321, -7.416979, 17, 'hospitals.png', 'hospitals.shadow.png'),
(235, 'Rumah Sakit Umum Dharma Husada', 113.209667, -7.753121, 17, 'hospitals.png', 'hospitals.shadow.png'),
(236, 'Rumah Sakit Islam Al Karomah Pekalongan', 109.652524, -6.889521, 17, 'hospitals.png', 'hospitals.shadow.png'),
(237, 'Rumah Sakit Umum Pusat Doktor Kariadi', 110.406903, -6.994319, 17, 'hospitals.png', 'hospitals.shadow.png'),
(238, 'Rumah Sakit Umum Iswahjudi', 111.443998, -7.601847, 17, 'hospitals.png', 'hospitals.shadow.png'),
(239, 'Rumah Sakit Islam Kustati', 110.830877, -7.580926, 17, 'hospitals.png', 'hospitals.shadow.png'),
(240, 'Damai indah Golf and Country Club', 106.65066, -6.278209, 17, 'golfer.png', 'golfer.shadow.png'),
(241, 'Rumah Sakit Kartika', 105.286403, -5.437231, 17, 'hospitals.png', 'hospitals.shadow.png'),
(242, 'Stasiun Cakring', 108.490977, -6.694948, 17, 'rail.png', 'rail.shadow.png'),
(243, 'Stasiun Cirebon', 108.556812, -6.70489, 17, 'rail.png', 'rail.shadow.png'),
(244, 'Rumah Sakit Orthopedi Purwokerto', 109.272594, -7.44297, 17, 'hospitals.png', 'hospitals.shadow.png'),
(245, 'Lapangan Golf jambi Luar Kota', 103.556099, -1.598389, 17, 'golfer.png', 'golfer.shadow.png'),
(246, 'Rumah Sakit Jiwa Talang Kelapa', 104.713966, -2.930167, 17, 'hospitals.png', 'hospitals.shadow.png'),
(247, 'Rumah Sakit UDP', 104.713778, -2.931056, 17, 'hospitals.png', 'hospitals.shadow.png'),
(248, 'Stasiun Kertapati', 104.751369, -3.017436, 17, 'rail.png', 'rail.shadow.png'),
(249, 'Rumah Sakit bersalin Kalidoni 3', 104.768621, -2.971668, 17, 'hospitals.png', 'hospitals.shadow.png'),
(250, 'Rumah Sakit Bersalin Talang Kelapa 2', 104.756387, -2.945259, 17, 'hospitals.png', 'hospitals.shadow.png'),
(251, 'Rumah Sakit Umum Dokter Akbani', 104.687471, -2.914014, 17, 'hospitals.png', 'hospitals.shadow.png'),
(252, 'Rumah Sakit Bersalin Sukarami 2', 104.735874, -2.970567, 17, 'hospitals.png', 'hospitals.shadow.png'),
(253, 'Rumah Sakit Pupuk Wijaya', 104.801368, -2.968753, 17, 'hospitals.png', 'hospitals.shadow.png'),
(254, 'Rumah Sakit Rambutan', 104.820154, -2.997813, 17, 'hospitals.png', 'hospitals.shadow.png'),
(255, 'Rumah Sakit AK Gani', 104.760118, -2.990088, 17, 'hospitals.png', 'hospitals.shadow.png'),
(256, 'Rumah Sakit Umum Advent', 105.262091, -5.392082, 17, 'hospitals.png', 'hospitals.shadow.png'),
(257, 'Rumah Sakit Imanuel', 105.287905, -5.38593, 17, 'hospitals.png', 'hospitals.shadow.png'),
(258, 'RSUD Riau', 101.451005, 0.524853, 17, 'hospitals.png', 'hospitals.shadow.png'),
(259, 'Rumah Sakit Umum Asih Trisna', 106.790323, -6.11515, 17, 'hospitals.png', 'hospitals.shadow.png'),
(260, 'Rumah Sakit Nusa lima', 101.461342, 0.512703, 17, 'hospitals.png', 'hospitals.shadow.png'),
(261, 'Mal Cilegon', 106.063688, -6.021767, 17, 'shopping.png', 'shopping.shadow.png'),
(262, 'kebun raya', 106.805928, -6.604087, 17, 'tree.png', 'tree.shadow.png'),
(263, 'Stasiun Bojong Gede', 106.794963, -6.496086, 17, 'rail.png', 'rail.shadow.png'),
(264, 'Mal Pekan Baru', 101.447963, 0.531156, 17, 'convienancestore.png', 'convienancestore.shadow.png'),
(265, 'Rumah Sakit Umum bunda', 97.145684, 5.183365, 17, 'hospitals.png', 'hospitals.shadow.png'),
(266, 'Rumah Sakit Umum Bunga Melati', 97.146167, 5.175277, 17, 'hospitals.png', 'hospitals.shadow.png'),
(267, 'Rumah Sakit Umum Loksemawe', 97.150115, 5.183216, 17, 'hospitals.png', 'hospitals.shadow.png'),
(268, 'Stasiun Medan', 98.681168, 3.591548, 17, 'rail.png', 'rail.shadow.png'),
(269, 'Rumah Sakit Bersalin 1', 104.743508, -2.95727, 17, 'hospitals.png', 'hospitals.shadow.png'),
(270, 'Polonia Internasional Airport', 98.676753, 3.567702, 17, 'plane.png', 'plane.shadow.png'),
(271, 'Rumah Sakit  PMC', 101.461798, 0.50898, 17, 'hospitals.png', 'hospitals.shadow.png'),
(272, 'Rumah Sakit Dokter Mohammad Housin', 104.748909, -2.96665, 17, 'hospitals.png', 'hospitals.shadow.png'),
(273, 'Rumah Sakit Bumi Waras', 105.251207, -5.425164, 17, 'hospitals.png', 'hospitals.shadow.png'),
(275, 'Rumah Sakit Umum Methodis Sussana Weshley', 98.638757, 3.55543, 17, 'hospitals.png', 'hospitals.shadow.png'),
(276, 'Rumah Sakit Umum Graha Asih', 115.179074, -8.732083, 17, 'hospitals.png', 'hospitals.shadow.png'),
(277, 'Rumah Sakit Umum Medika Galaxi - Jati Rasa', 106.972217, -6.268805, 17, 'hospitals.png', 'hospitals.shadow.png'),
(278, 'Rumah Sakit Myria', 104.726049, -2.941214, 17, 'hospitals.png', 'hospitals.shadow.png'),
(279, 'Rumah Sakit Bersalin Mitra Sejahtera', 102.292577, -3.807332, 17, 'hospitals.png', 'hospitals.shadow.png'),
(280, 'Rumah Sakit Umum Daerah Raden Achmad Basoeni', 112.39409, -7.456273, 17, 'hospitals.png', 'hospitals.shadow.png'),
(281, 'Rumah Sakit Bersalin Xaverius', 105.257808, -5.404937, 17, 'hospitals.png', 'hospitals.shadow.png'),
(282, 'Rumah Sakit Umum Sukanto', 106.870947, -6.269912, 17, 'hospitals.png', 'hospitals.shadow.png'),
(283, 'Rumah Sakit SAtya Negara', 106.861581, -6.13884, 17, 'hospitals.png', 'hospitals.shadow.png'),
(284, 'Rumah Sakit Ibu dan Anak Hermina', 106.864593, -6.221151, 17, 'hospitals.png', 'hospitals.shadow.png'),
(285, 'Rumah Sakit Umum MMC', 106.832366, -6.2199, 17, 'hospitals.png', 'hospitals.shadow.png'),
(286, 'Rumah Sakit Mata Aini', 106.828381, -6.214503, 17, 'hospitals.png', 'hospitals.shadow.png'),
(287, 'Rumah Sakit Dr. Suyito', 106.766242, -6.267512, 17, 'hospitals.png', 'hospitals.shadow.png'),
(288, 'Rumah Sakit Umum Indah Medika', 106.848301, -6.229579, 17, 'hospitals.png', 'hospitals.shadow.png'),
(289, 'Rumah Sakit Immanuel', 107.596144, -6.934838, 14, 'hospitals.png', 'hospitals.shadow.png'),
(290, 'Rumah Sakit Muhammadiyah, Bandung', 107.623366, -6.933342, 14, 'hospitals.png', 'hospitals.shadow.png'),
(291, 'Rumah Sakit Bhayangkara Polda Lampung', 105.224095, -5.374143, 17, 'hospitals.png', 'hospitals.shadow.png'),
(292, 'Rumah Sakit bintang Amin Husada', 105.220504, -5.377929, 17, 'hospitals.png', 'hospitals.shadow.png'),
(293, 'Rumah Sakit Urip Sumoharjo', 105.276739, -5.391329, 17, 'hospitals.png', 'hospitals.shadow.png'),
(294, 'Rumah Sakit Umum Zahirah', 106.823671, -6.33582, 17, 'hospitals.png', 'hospitals.shadow.png'),
(295, 'Rumah Sakit Umum Setia Mitra', 106.827731, -6.339694, 17, 'hospitals.png', 'hospitals.shadow.png'),
(296, 'Rumah Sakit Ibu dan Anak Hermina Depok', 106.825132, -6.399927, 17, 'hospitals.png', 'hospitals.shadow.png'),
(297, 'Rumah Sakit Bunda Margonda', 106.834295, -6.365469, 17, 'hospitals.png', 'hospitals.shadow.png'),
(298, 'Rumah Sakit Umum pendidikan', 106.829724, -6.374298, 17, 'hospitals.png', 'hospitals.shadow.png'),
(299, 'Rumah Sakit Umun Mulya', 106.688393, -6.222372, 17, 'hospitals.png', 'hospitals.shadow.png'),
(300, 'Rumah Sakit Bersalin Budi Tenteram', 106.836441, -6.284261, 17, 'hospitals.png', 'hospitals.shadow.png'),
(301, 'Rumah Sakit Umum Medistra', 106.833662, -6.239655, 17, 'hospitals.png', 'hospitals.shadow.png'),
(302, 'Rumah Sakit Bersalin Seruni', 106.841352, -6.245572, 17, 'hospitals.png', 'hospitals.shadow.png'),
(303, 'Palm Hill Country Club, Bogor', 106.866117, -6.551083, 14, 'golfer.png', 'golfer.shadow.png'),
(304, 'Pom Bensin Ciawi', 106.845464, -6.659841, 14, 'gas.png', 'gas.shadow.png'),
(305, 'Pom Bensin Cikereteg', 106.845533, -6.690552, 14, 'gas.png', 'gas.shadow.png'),
(306, 'Pom Bensin Seuseupan', 106.855069, -6.663467, 17, 'gas.png', 'gas.shadow.png');

-- --------------------------------------------------------

--
-- Table structure for table `protocol`
--

CREATE TABLE IF NOT EXISTS `protocol` (
  `protocol` varchar(50) DEFAULT NULL,
  `reboot_cmd` varchar(255) DEFAULT NULL,
  `test_cmd` varchar(255) DEFAULT NULL,
  `quality_cmd` varchar(255) DEFAULT NULL,
  `getpos_cmd` varchar(255) DEFAULT NULL
) ENGINE=InnoDB DEFAULT CHARSET=latin1;

--
-- Dumping data for table `protocol`
--

INSERT INTO `protocol` (`protocol`, `reboot_cmd`, `test_cmd`, `quality_cmd`, `getpos_cmd`) VALUES
('X1', '$ST+REBOOT+{tag}={pwd}', '$ST+TEST+{tag}={pwd}', '$ST+QUST+{tag}={pwd}', '$ST+GETPOSITION+{tag}={pwd}'),
('jkgjk', 'gjgj', 'zdgzdsrg', 'gjgjg', 'jhgj');

-- --------------------------------------------------------

--
-- Table structure for table `reports`
--

CREATE TABLE IF NOT EXISTS `reports` (
  `report_id` int(10) NOT NULL,
  `report_description` varchar(255) DEFAULT NULL,
  `is_event` tinyint(4) DEFAULT '0',
  `is_alert` tinyint(4) DEFAULT NULL,
  `record_id_protocol` int(10) DEFAULT NULL,
  `protocol` varchar(50) DEFAULT NULL,
  `additional_data` varchar(50) DEFAULT NULL,
  PRIMARY KEY (`report_id`)
) ENGINE=InnoDB DEFAULT CHARSET=latin1;

--
-- Dumping data for table `reports`
--

INSERT INTO `reports` (`report_id`, `report_description`, `is_event`, `is_alert`, `record_id_protocol`, `protocol`, `additional_data`) VALUES
(0, 'Get Position', 0, 0, 0, 'X1', 'mileage'),
(1, 'Log Position', 0, 0, 1, 'X1', 'mileage'),
(2, 'Tracking', 0, 0, 2, 'X1', 'mileage'),
(3, 'Timer', 0, 0, 3, 'X1', 'mileage'),
(8, 'Speeding', 1, 0, 8, 'X1', 'mileage'),
(9, 'Vehicle Towed', 1, 0, 9, 'X1', 'mileage'),
(11, 'Input1 Changed', 0, 0, 11, 'X1', 'mileage'),
(12, 'Input2 Changed', 0, 0, 12, 'X1', 'mileage'),
(13, 'Input3 Changed', 0, 0, 13, 'X1', 'mileage'),
(14, 'Input4 Changed', 0, 0, 14, 'X1', 'mileage'),
(15, 'Input5 Changed', 0, 0, 15, 'X1', 'mileage'),
(16, 'Input6 Changed', 0, 0, 16, 'X1', 'mileage'),
(17, 'Input7 Changed', 0, 0, 17, 'X1', 'mileage'),
(18, 'Input8 Changed', 0, 0, 18, 'X1', 'mileage'),
(21, 'RFID position', 0, 0, 21, 'X1', 'rfid_tag'),
(30, 'SOS position', 1, 0, 30, 'X1', 'mileage'),
(35, 'Barcode Scanner', 0, 0, 35, 'X1', 'barcode'),
(40, 'Power Low', 1, 0, 40, 'X1', 'mileage'),
(41, 'Power Lost', 1, 1, 41, 'X1', 'mileage'),
(42, 'Battery Low', 1, 1, 42, 'X1', 'mileage'),
(43, 'GPS destroyed', 1, 1, 43, 'X1', 'mileage'),
(60, 'Idle Start', 0, 0, 60, 'X1', 'mileage'),
(61, 'Idle End', 0, 0, 61, 'X1', 'mileage'),
(100, 'SOS Position', 1, 0, 100, 'X1', 'mileage'),
(101, 'User defined report', 0, 0, 101, 'X1', 'mileage'),
(102, 'User defined report', 0, 0, 102, 'X1', 'mileage'),
(103, 'User defined report', 0, 0, 103, 'X1', 'mileage'),
(104, 'User defined report', 0, 0, 104, 'X1', 'mileage'),
(105, 'User defined report', 0, 0, 105, 'X1', 'mileage'),
(106, 'User defined report', 0, 0, 106, 'X1', 'mileage'),
(107, 'User defined report', 0, 0, 107, 'X1', 'mileage'),
(108, 'User defined report', 0, 0, 108, 'X1', 'mileage'),
(109, 'User defined report', 1, 0, 109, 'X1', 'mileage'),
(900, 'Get Position', 0, 0, 0, 'X8', NULL),
(901, 'Log Position', 0, 0, 1, 'X8', NULL),
(1001, 'Get Position', 0, 0, 0, 'A1', 'mileage'),
(1002, 'Log Position', 0, 0, 1, 'A1', 'mileage'),
(1003, 'Tracking Position', 0, 0, 2, 'A1', 'mileage'),
(1004, 'Ignition (ACC) status alert', 0, 0, 11, 'A1', 'mileage'),
(1005, 'Status Alert Input 1', 0, 0, 12, 'A1', 'mileage'),
(1006, 'Status Alert Input 2', 0, 0, 13, 'A1', 'mileage'),
(1007, 'Status Alert Input 3', 0, 0, 14, 'A1', 'mileage'),
(1008, 'Status Alert Input 4', 0, 0, 15, 'A1', 'mileage'),
(1009, 'RFID Report', 0, 0, 21, 'A1', 'rfid_tag'),
(1010, 'Barcode Report', 0, 0, 35, 'A1', 'mileage'),
(1011, 'SOS', 1, 1, 100, 'A1', 'mileage'),
(1012, 'Door Open', 0, 0, 101, 'A1', 'mileage'),
(1013, 'Door Close', 0, 0, 102, 'A1', 'mileage'),
(1014, 'User Defined Report', 0, 0, 103, 'A1', 'mileage'),
(1015, 'User Defined Report', 0, 0, 104, 'A1', 'mileage'),
(1016, 'User Defined Report', 0, 0, 105, 'A1', 'mileage'),
(1017, 'User Defined Report', 0, 0, 106, 'A1', 'mileage'),
(1018, 'User Defined Report', 0, 0, 107, 'A1', 'mileage'),
(1019, 'User Defined Report', 0, 0, 108, 'A1', 'mileage'),
(1020, 'User Defined Report', 0, 0, 109, 'A1', 'mileage'),
(1021, 'User Defined Report', 0, 0, 110, 'A1', 'mileage'),
(1022, 'User Defined Report', 0, 0, 111, 'A1', 'mileage'),
(1023, 'User Defined Report', 0, 0, 112, 'A1', 'mileage'),
(1024, 'User Defined Report', 0, 0, 113, 'A1', 'mileage'),
(1025, 'User Defined Report', 0, 0, 114, 'A1', 'mileage'),
(1026, 'User Defined Report', 0, 0, 115, 'A1', 'mileage'),
(1027, 'User Defined Report', 0, 0, 116, 'A1', 'mileage'),
(1028, 'User Defined Report', 0, 0, 117, 'A1', 'mileage'),
(1029, 'User Defined Report', 0, 0, 118, 'A1', 'mileage'),
(1030, 'User Defined Report', 0, 0, 119, 'A1', 'mileage'),
(1031, 'User Defined Report', 0, 0, 120, 'A1', 'mileage'),
(1032, 'User Defined Report', 0, 0, 121, 'A1', 'mileage'),
(1033, 'User Defined Report', 0, 0, 122, 'A1', 'mileage'),
(1034, 'User Defined Report', 0, 0, 123, 'A1', 'mileage'),
(1035, 'User Defined Report', 0, 0, 124, 'A1', 'mileage'),
(1036, 'User Defined Report', 0, 0, 125, 'A1', 'mileage'),
(1037, 'User Defined Report', 0, 0, 126, 'A1', 'mileage'),
(1038, 'User Defined Report', 0, 0, 127, 'A1', 'mileage'),
(1039, 'User Defined Report', 0, 0, 128, 'A1', 'mileage'),
(1040, 'User Defined Report', 0, 0, 129, 'A1', 'mileage'),
(1041, 'User Defined Report', 0, 0, 130, 'A1', 'mileage'),
(1042, 'User Defined Report', 0, 0, 131, 'A1', 'mileage'),
(1043, 'User Defined Report', 0, 0, 132, 'A1', 'mileage'),
(1044, 'User Defined Report', 0, 0, 133, 'A1', 'mileage'),
(1045, 'User Defined Report', 0, 0, 134, 'A1', 'mileage'),
(1046, 'User Defined Report', 0, 0, 135, 'A1', 'mileage'),
(1047, 'User Defined Report', 0, 0, 136, 'A1', 'mileage'),
(1048, 'User Defined Report', 0, 0, 137, 'A1', 'mileage'),
(1049, 'User Defined Report', 0, 0, 138, 'A1', 'mileage'),
(1050, 'User Defined Report', 0, 0, 139, 'A1', 'mileage'),
(1051, 'User Defined Report', 0, 0, 140, 'A1', 'mileage'),
(1052, 'User Defined Report', 0, 0, 141, 'A1', 'mileage'),
(1053, 'User Defined Report', 0, 0, 142, 'A1', 'mileage'),
(1054, 'User Defined Report', 0, 0, 143, 'A1', 'mileage'),
(1055, 'User Defined Report', 0, 0, 144, 'A1', 'mileage'),
(1056, 'User Defined Report', 0, 0, 145, 'A1', 'mileage'),
(1057, 'User Defined Report', 0, 0, 146, 'A1', 'mileage'),
(1058, 'User Defined Report', 0, 0, 147, 'A1', 'mileage'),
(1059, 'User Defined Report', 0, 0, 148, 'A1', 'mileage'),
(1060, 'User Defined Report', 0, 0, 149, 'A1', 'mileage'),
(1061, 'Power-up Alert', 0, 0, 160, 'A1', 'mileage'),
(1062, 'Engine Status Alert', 0, 0, 161, 'A1', 'mileage'),
(1063, 'High Speed Alert', 1, 0, 162, 'A1', 'mileage'),
(1064, 'High Speed Report', 1, 0, 163, 'A1', 'mileage'),
(1065, 'Geofence Entry Alert', 1, 1, 164, 'A1', 'mileage'),
(1066, 'Geofence Exit Alert', 1, 1, 165, 'A1', 'mileage'),
(1067, 'Main Power Low Alert', 1, 0, 166, 'A1', 'mileage'),
(1068, 'Main Power Failure Alert', 1, 0, 167, 'A1', 'mileage'),
(1069, 'Battery Power Low Alert', 1, 0, 168, 'A1', 'mileage'),
(1070, 'Battery Power Failure Alert', 1, 0, 169, 'A1', 'mileage'),
(1071, 'Heartbeat', 0, 0, 171, 'A1', 'mileage'),
(1072, 'GPS Failure Alert', 1, 0, 172, 'A1', 'mileage'),
(1073, 'GPS Antenna Failure Alert', 1, 0, 173, 'A1', 'mileage'),
(1074, 'Home Alert', 0, 0, 174, 'A1', 'mileage'),
(1075, 'Main Power Restored Alert', 0, 0, 175, 'A1', 'mileage'),
(1076, 'Battery Power Restored', 0, 0, 176, 'A1', 'mileage'),
(1077, 'Tow Alert', 1, 1, 177, 'A1', 'mileage'),
(1078, 'GPS Module Failure Alert', 1, 1, 178, 'A1', 'mileage'),
(1079, 'Motion Detection Alert', 1, 1, 179, 'A1', 'mileage'),
(1080, 'Impact Detection Alert', 1, 1, 180, 'A1', 'mileage'),
(1081, 'Pre-impact data alert', 1, 1, 181, 'A1', 'mileage'),
(1082, 'Post-impact data alert', 1, 1, 182, 'A1', 'mileage'),
(1083, 'Idle Alert', 0, 0, 183, 'A1', 'mileage'),
(1084, 'Idle Alert Report', 0, 0, 184, 'A1', 'mileage'),
(1085, 'Analog Report Input 1', 0, 0, 185, 'A1', 'mileage'),
(1086, 'CCD/CMOS Camera Data', 0, 0, 256, 'A1', 'mileage'),
(2000, 'test', 1, 1, 2000, 'jkgjk', 'mileage'),
(2001, 'Get Position', 0, 0, 0, 'A3', 'mileage'),
(2002, 'Log Position', 0, 0, 1, 'A3', 'mileage'),
(2003, 'Tracking Position', 0, 0, 2, 'A3', 'mileage'),
(2004, 'Ignition (ACC) status alert', 0, 0, 11, 'A3', 'mileage'),
(2005, 'Status Alert Input 1', 0, 0, 12, 'A3', 'mileage'),
(2006, 'Status Alert Input 2', 0, 0, 13, 'A3', 'mileage'),
(2007, 'Status Alert Input 3', 0, 0, 14, 'A3', 'mileage'),
(2008, 'Status Alert Input 4', 0, 0, 15, 'A3', 'mileage'),
(2009, 'Status Alert Input 5', 0, 0, 16, 'A3', 'mileage'),
(2010, 'Status Alert Input 6', 0, 0, 17, 'A3', 'mileage'),
(2011, 'Status Alert Input 7', 0, 0, 18, 'A3', 'mileage'),
(2012, 'RFID Report', 0, 0, 21, 'A3', 'mileage'),
(2013, 'Barcode Report', 0, 0, 35, 'A3', 'mileage'),
(2014, 'User Defined Report', 0, 0, 100, 'A3', 'mileage'),
(2015, 'User Defined Report', 0, 0, 101, 'A3', 'mileage'),
(2016, 'User Defined Report', 0, 0, 102, 'A3', 'mileage'),
(2017, 'User Defined Report', 0, 0, 103, 'A3', 'mileage'),
(2018, 'User Defined Report', 0, 0, 104, 'A3', 'mileage'),
(2019, 'User Defined Report', 0, 0, 105, 'A3', 'mileage'),
(2020, 'User Defined Report', 0, 0, 106, 'A3', 'mileage'),
(2021, 'User Defined Report', 0, 0, 107, 'A3', 'mileage'),
(2022, 'User Defined Report', 0, 0, 108, 'A3', 'mileage'),
(2023, 'User Defined Report', 0, 0, 109, 'A3', 'mileage'),
(2024, 'User Defined Report', 0, 0, 110, 'A3', 'mileage'),
(2025, 'User Defined Report', 0, 0, 111, 'A3', 'mileage'),
(2026, 'User Defined Report', 0, 0, 112, 'A3', 'mileage'),
(2027, 'User Defined Report', 0, 0, 113, 'A3', 'mileage'),
(2028, 'User Defined Report', 0, 0, 114, 'A3', 'mileage'),
(2029, 'User Defined Report', 0, 0, 115, 'A3', 'mileage'),
(2030, 'User Defined Report', 0, 0, 116, 'A3', 'mileage'),
(2031, 'User Defined Report', 0, 0, 117, 'A3', 'mileage'),
(2032, 'User Defined Report', 0, 0, 118, 'A3', 'mileage'),
(2033, 'User Defined Report', 0, 0, 119, 'A3', 'mileage'),
(2034, 'User Defined Report', 0, 0, 120, 'A3', 'mileage'),
(2035, 'User Defined Report', 0, 0, 121, 'A3', 'mileage'),
(2036, 'User Defined Report', 0, 0, 122, 'A3', 'mileage'),
(2037, 'User Defined Report', 0, 0, 123, 'A3', 'mileage'),
(2038, 'User Defined Report', 0, 0, 124, 'A3', 'mileage'),
(2039, 'User Defined Report', 0, 0, 125, 'A3', 'mileage'),
(2040, 'User Defined Report', 0, 0, 126, 'A3', 'mileage'),
(2041, 'User Defined Report', 0, 0, 127, 'A3', 'mileage'),
(2042, 'User Defined Report', 0, 0, 128, 'A3', 'mileage'),
(2043, 'User Defined Report', 0, 0, 129, 'A3', 'mileage'),
(2044, 'User Defined Report', 0, 0, 130, 'A3', 'mileage'),
(2045, 'User Defined Report', 0, 0, 131, 'A3', 'mileage'),
(2046, 'User Defined Report', 0, 0, 132, 'A3', 'mileage'),
(2047, 'User Defined Report', 0, 0, 133, 'A3', 'mileage'),
(2048, 'User Defined Report', 0, 0, 134, 'A3', 'mileage'),
(2049, 'User Defined Report', 0, 0, 135, 'A3', 'mileage'),
(2050, 'User Defined Report', 0, 0, 136, 'A3', 'mileage'),
(2051, 'User Defined Report', 0, 0, 137, 'A3', 'mileage'),
(2052, 'User Defined Report', 0, 0, 138, 'A3', 'mileage'),
(2053, 'User Defined Report', 0, 0, 139, 'A3', 'mileage'),
(2054, 'User Defined Report', 0, 0, 140, 'A3', 'mileage'),
(2055, 'User Defined Report', 0, 0, 141, 'A3', 'mileage'),
(2056, 'User Defined Report', 0, 0, 142, 'A3', 'mileage'),
(2057, 'User Defined Report', 0, 0, 143, 'A3', 'mileage'),
(2058, 'User Defined Report', 0, 0, 144, 'A3', 'mileage'),
(2059, 'User Defined Report', 0, 0, 145, 'A3', 'mileage'),
(2060, 'User Defined Report', 0, 0, 146, 'A3', 'mileage'),
(2061, 'User Defined Report', 0, 0, 147, 'A3', 'mileage'),
(2062, 'User Defined Report', 0, 0, 148, 'A3', 'mileage'),
(2063, 'User Defined Report', 0, 0, 149, 'A3', 'mileage'),
(2064, 'Power-up Alert', 0, 0, 160, 'A3', 'mileage'),
(2065, 'Engine Status Alert', 0, 0, 161, 'A3', 'mileage'),
(2066, 'High Speed Alert', 1, 0, 162, 'A3', 'mileage'),
(2067, 'High Speed Report', 1, 0, 163, 'A3', 'mileage'),
(2068, 'Geofence Entry Alert', 1, 1, 164, 'A3', 'mileage'),
(2069, 'Geofence Exit Alert', 1, 1, 165, 'A3', 'mileage'),
(2070, 'Main Power Low Alert', 1, 0, 166, 'A3', 'mileage'),
(2071, 'Main Power Failure Alert', 1, 0, 167, 'A3', 'mileage'),
(2072, 'Battery Power Low Alert', 1, 0, 168, 'A3', 'mileage'),
(2073, 'Battery Power Failure Alert', 1, 0, 169, 'A3', 'mileage'),
(2074, 'Heartbeat', 0, 0, 171, 'A3', 'mileage'),
(2075, 'GPS Failure Alert', 1, 0, 172, 'A3', 'mileage'),
(2076, 'GPS Antenna Failure Alert', 1, 0, 173, 'A3', 'mileage'),
(2077, 'Home Alert', 0, 0, 174, 'A3', 'mileage'),
(2078, 'Main Power Restored Alert', 0, 0, 175, 'A3', 'mileage'),
(2079, 'Battery Power Restored', 0, 0, 176, 'A3', 'mileage'),
(2080, 'Tow Alert', 1, 1, 177, 'A3', 'mileage'),
(2081, 'GPS Module Failure Alert', 1, 1, 178, 'A3', 'mileage'),
(2082, 'Motion Detection Alert', 1, 1, 179, 'A3', 'mileage'),
(2083, 'Impact Detection Alert', 1, 1, 180, 'A3', 'mileage'),
(2084, 'Pre-impact data alert', 1, 1, 181, 'A3', 'mileage'),
(2085, 'Post-impact data alert', 1, 1, 182, 'A3', 'mileage'),
(2086, 'Idle Alert', 0, 0, 183, 'A3', 'mileage'),
(2087, 'Idle Alert Report', 0, 0, 184, 'A3', 'mileage'),
(2088, 'Analog Report Input 1', 0, 0, 185, 'A3', 'mileage'),
(2089, 'Analog Report Input 2', 0, 0, 186, 'A3', 'mileage'),
(2090, 'CCD/CMOS Camera Data', 0, 0, 256, 'A3', 'mileage');

-- --------------------------------------------------------

--
-- Table structure for table `standard_errors`
--

CREATE TABLE IF NOT EXISTS `standard_errors` (
  `error_id` int(10) NOT NULL,
  `error_message` varchar(255) DEFAULT NULL,
  PRIMARY KEY (`error_id`)
) ENGINE=InnoDB DEFAULT CHARSET=latin1;

--
-- Dumping data for table `standard_errors`
--

INSERT INTO `standard_errors` (`error_id`, `error_message`) VALUES
(0, 'Unknown communication error'),
(1, 'Base communication phone number or address not set'),
(3, 'Unsupported SMS DCS format'),
(4, 'No GSM signal'),
(5, 'GPRS connection failed'),
(6, 'Resend Modem Command Fail'),
(7, 'SIM Pincode ERROR'),
(8, 'DOWNLOAD INTERRUPTED'),
(9, 'VOICE CALL BUSY'),
(10, 'I/O Port test failed');

-- --------------------------------------------------------

--
-- Table structure for table `temp_fuel_consumption`
--

CREATE TABLE IF NOT EXISTS `temp_fuel_consumption` (
  `id` int(11) NOT NULL AUTO_INCREMENT,
  `device_id` int(11) NOT NULL,
  `hour` varchar(11) NOT NULL,
  `mileage` varchar(50) NOT NULL,
  PRIMARY KEY (`id`)
) ENGINE=InnoDB  DEFAULT CHARSET=latin1 AUTO_INCREMENT=17402 ;

--
-- Dumping data for table `temp_fuel_consumption`
--


-- --------------------------------------------------------

--
-- Table structure for table `temp_mileage`
--

CREATE TABLE IF NOT EXISTS `temp_mileage` (
  `id` int(11) NOT NULL AUTO_INCREMENT,
  `device_id` int(11) NOT NULL,
  `hour` varchar(50) NOT NULL,
  `mileage` varchar(50) NOT NULL,
  PRIMARY KEY (`id`)
) ENGINE=InnoDB  DEFAULT CHARSET=latin1 AUTO_INCREMENT=56361 ;

--
-- Dumping data for table `temp_mileage`
--

INSERT INTO `temp_mileage` (`id`, `device_id`, `hour`, `mileage`) VALUES
(55336, 277, '7', '2247.5'),
(55337, 277, '7', '2247.5'),
(55338, 277, '7', '2247.6'),
(55339, 277, '8', '2247.7'),
(55340, 87, '7', '1680.2'),
(55341, 87, '7', '1680.3'),
(55342, 87, '7', '1680.4'),
(55343, 87, '7', '1680.4'),
(55344, 87, '7', '1680.4'),
(55345, 87, '7', '1680.4'),
(55346, 87, '7', '1680.4'),
(55347, 87, '7', '1680.4'),
(55348, 87, '7', '1682'),
(55349, 87, '7', '1684.1'),
(55350, 87, '7', '1685.8'),
(55351, 87, '7', '1688.6'),
(55352, 87, '8', '1693.7'),
(55353, 87, '8', '1693.8'),
(55354, 87, '8', '1698.2'),
(55355, 87, '8', '1704.1'),
(55356, 87, '8', '1708'),
(55357, 87, '8', '1714.1'),
(55358, 87, '8', '1720.8'),
(55359, 87, '8', '1728.4'),
(55360, 87, '8', '1741.6'),
(55361, 87, '8', '1748.4'),
(55362, 87, '8', '1754'),
(55363, 87, '8', '1760.9'),
(55364, 87, '9', '1767.8'),
(55365, 87, '9', '1774.9'),
(55366, 87, '9', '1774.9'),
(55367, 87, '9', '1781.9'),
(55368, 87, '9', '1789.1'),
(55369, 87, '9', '1794.4'),
(55370, 87, '9', '1794.4'),
(55371, 87, '9', '1794.4'),
(55372, 87, '9', '1794.4'),
(55373, 87, '9', '1794.4'),
(55374, 87, '9', '1794.4'),
(55375, 87, '9', '1794.5'),
(55376, 87, '9', '1801.2'),
(55377, 87, '9', '1807.9'),
(55378, 87, '9', '1812.2'),
(55379, 87, '10', '1816.8'),
(55380, 87, '10', '1820.8'),
(55381, 87, '10', '1826.2'),
(55382, 87, '10', '1832.9'),
(55383, 87, '10', '1838.3'),
(55384, 87, '10', '1843.6'),
(55385, 87, '10', '1850.3'),
(55386, 87, '10', '1857.4'),
(55387, 87, '10', '1871.8'),
(55388, 87, '10', '1878.8'),
(55389, 87, '10', '1880.9'),
(55390, 87, '11', '1883.1'),
(55391, 529, '7', '284553'),
(55392, 529, '7', '284553'),
(55393, 529, '7', '284553'),
(55394, 529, '7', '284553'),
(55395, 529, '7', '284553'),
(55396, 529, '7', '284553.1'),
(55397, 529, '7', '284553.1'),
(55398, 529, '7', '284553.1'),
(55399, 529, '7', '284553.1'),
(55400, 529, '8', '284553.1'),
(55401, 529, '8', '284553.2'),
(55402, 529, '8', '284553.2'),
(55403, 529, '8', '284553.2'),
(55404, 529, '8', '284553.2'),
(55405, 529, '8', '284553.2'),
(55406, 529, '10', '284553.2'),
(55407, 529, '10', '284553.2'),
(55408, 529, '10', '284553.2'),
(55409, 72, '7', '356195.5'),
(55410, 72, '9', '356195.5'),
(55411, 72, '9', '356195.5'),
(55412, 72, '9', '356195.5'),
(55413, 75, '7', '362944.6'),
(55414, 75, '7', '362944.6'),
(55415, 75, '7', '362944.6'),
(55416, 75, '7', '362944.6'),
(55417, 75, '7', '362944.6'),
(55418, 75, '7', '362944.6'),
(55419, 75, '8', '362944.6'),
(55420, 75, '8', '362944.6'),
(55421, 75, '8', '362944.6'),
(55422, 75, '9', '362944.6'),
(55423, 75, '9', '362944.6'),
(55424, 75, '9', '362944.7'),
(55425, 75, '10', '362944.7'),
(55426, 75, '10', '362944.7'),
(55427, 75, '10', '362944.8'),
(55428, 75, '10', '362944.8'),
(55429, 75, '10', '362944.8'),
(55430, 75, '10', '362944.8'),
(55431, 75, '11', '362944.8'),
(55432, 527, '8', '345113.7'),
(55433, 527, '8', '345113.7'),
(55434, 527, '8', '345113.7'),
(55435, 527, '10', '345113.7'),
(55436, 527, '10', '345113.7'),
(55437, 527, '10', '345113.7'),
(55438, 527, '10', '345113.7'),
(55439, 527, '10', '345113.7'),
(55440, 527, '10', '345113.7'),
(55441, 527, '10', '345113.7'),
(55442, 527, '11', '345113.8'),
(55443, 527, '11', '345113.9'),
(55444, 89, '7', '331817.4'),
(55445, 89, '7', '331820.4'),
(55446, 89, '7', '331822.4'),
(55447, 89, '7', '331822.4'),
(55448, 89, '7', '331822.4'),
(55449, 89, '7', '331822.4'),
(55450, 89, '7', '331822.4'),
(55451, 89, '7', '331822.4'),
(55452, 89, '7', '331822.4'),
(55453, 89, '7', '331822.4'),
(55454, 89, '7', '331822.4'),
(55455, 89, '7', '331822.4'),
(55456, 89, '7', '331822.4'),
(55457, 89, '7', '331822.4'),
(55458, 89, '7', '331822.4'),
(55459, 89, '7', '331822.5'),
(55460, 89, '7', '331822.5'),
(55461, 89, '8', '331822.5'),
(55462, 89, '8', '331822.5'),
(55463, 89, '8', '331822.5'),
(55464, 89, '8', '331822.5'),
(55465, 89, '8', '331822.5'),
(55466, 89, '8', '331822.7'),
(55467, 89, '8', '331822.8'),
(55468, 89, '8', '331822.8'),
(55469, 89, '8', '331822.8'),
(55470, 89, '8', '331822.8'),
(55471, 89, '8', '331822.8'),
(55472, 89, '8', '331822.8'),
(55473, 89, '8', '331822.8'),
(55474, 89, '8', '331822.8'),
(55475, 89, '8', '331822.8'),
(55476, 89, '9', '331822.8'),
(55477, 89, '9', '331822.8'),
(55478, 89, '9', '331822.8'),
(55479, 89, '9', '331822.8'),
(55480, 89, '9', '331822.8'),
(55481, 89, '10', '331822.8'),
(55482, 89, '10', '331822.8'),
(55483, 89, '10', '331822.8'),
(55484, 89, '10', '331822.8'),
(55485, 89, '10', '331822.8'),
(55486, 89, '10', '331822.8'),
(55487, 89, '10', '331822.8'),
(55488, 89, '10', '331822.8'),
(55489, 88, '7', '204222.9'),
(55490, 88, '7', '204222.9'),
(55491, 88, '7', '204222.9'),
(55492, 88, '7', '204222.9'),
(55493, 88, '7', '204222.9'),
(55494, 88, '7', '204222.9'),
(55495, 88, '7', '204222.9'),
(55496, 88, '7', '204222.9'),
(55497, 88, '7', '204222.9'),
(55498, 88, '7', '204222.9'),
(55499, 88, '7', '204222.9'),
(55500, 88, '7', '204223'),
(55501, 88, '7', '204223'),
(55502, 88, '8', '204223'),
(55503, 88, '8', '204223'),
(55504, 88, '8', '204223'),
(55505, 88, '8', '204223'),
(55506, 88, '9', '204223'),
(55507, 88, '9', '204223'),
(55508, 88, '9', '204223.1'),
(55509, 88, '10', '204223.1'),
(55510, 88, '10', '204223.1'),
(55511, 88, '10', '204223.1'),
(55512, 88, '10', '204223.1'),
(55513, 88, '10', '204223.1'),
(55514, 88, '10', '204223.1'),
(55515, 88, '10', '204223.1'),
(55516, 88, '10', '204223.1'),
(55517, 88, '10', '204223.1'),
(55518, 88, '10', '204223.1'),
(55519, 86, '7', '221984.7'),
(55520, 86, '7', '221987.7'),
(55521, 86, '7', '221993'),
(55522, 86, '7', '221998.6'),
(55523, 86, '7', '222002.4'),
(55524, 86, '7', '222008.7'),
(55525, 86, '7', '222015.2'),
(55526, 86, '7', '222020.4'),
(55527, 86, '7', '222025.2'),
(55528, 86, '7', '222028.8'),
(55529, 86, '7', '222032.4'),
(55530, 86, '7', '222035'),
(55531, 86, '8', '222036.8'),
(55532, 86, '8', '222037.1'),
(55533, 86, '8', '222037.1'),
(55534, 86, '8', '222037.1'),
(55535, 86, '8', '222037.1'),
(55536, 86, '8', '222037.1'),
(55537, 86, '8', '222037.1'),
(55538, 86, '8', '222037.4'),
(55539, 86, '8', '222037.8'),
(55540, 86, '8', '222037.9'),
(55541, 86, '8', '222037.9'),
(55542, 86, '8', '222037.9'),
(55543, 86, '8', '222037.9'),
(55544, 86, '8', '222037.9'),
(55545, 86, '8', '222037.9'),
(55546, 86, '8', '222037.9'),
(55547, 86, '8', '222037.9'),
(55548, 86, '8', '222037.9'),
(55549, 86, '8', '222037.9'),
(55550, 86, '10', '222037.9'),
(55551, 86, '11', '222037.9'),
(55552, 79, '7', '239619.5'),
(55553, 79, '7', '239619.5'),
(55554, 79, '7', '239619.5'),
(55555, 79, '7', '239619.5'),
(55556, 79, '7', '239619.5'),
(55557, 79, '7', '239619.5'),
(55558, 79, '7', '239619.5'),
(55559, 79, '7', '239619.5'),
(55560, 79, '7', '239619.5'),
(55561, 79, '8', '239619.5'),
(55562, 79, '8', '239619.5'),
(55563, 79, '8', '239619.6'),
(55564, 79, '10', '239619.6'),
(55565, 79, '10', '239619.6'),
(55566, 79, '10', '239619.6'),
(55567, 525, '7', '807.4'),
(55568, 525, '7', '807.4'),
(55569, 525, '7', '807.4'),
(55570, 525, '7', '807.4'),
(55571, 525, '7', '807.4'),
(55572, 525, '7', '807.4'),
(55573, 525, '7', '807.4'),
(55574, 525, '7', '807.4'),
(55575, 525, '7', '807.4'),
(55576, 525, '8', '807.4'),
(55577, 525, '8', '807.4'),
(55578, 525, '8', '807.5'),
(55579, 525, '8', '807.5'),
(55580, 525, '8', '807.5'),
(55581, 525, '8', '807.5'),
(55582, 525, '8', '807.5'),
(55583, 525, '8', '807.5'),
(55584, 525, '8', '807.5'),
(55585, 525, '8', '807.5'),
(55586, 525, '8', '807.5'),
(55587, 525, '8', '807.5'),
(55588, 525, '9', '807.5'),
(55589, 525, '9', '807.5'),
(55590, 525, '9', '807.5'),
(55591, 525, '9', '807.5'),
(55592, 525, '9', '807.5'),
(55593, 525, '9', '807.5'),
(55594, 525, '9', '807.5'),
(55595, 525, '9', '807.5'),
(55596, 525, '9', '807.5'),
(55597, 525, '9', '807.5'),
(55598, 525, '9', '807.5'),
(55599, 525, '10', '807.5'),
(55600, 525, '10', '807.5'),
(55601, 525, '10', '807.5'),
(55602, 525, '10', '807.5'),
(55603, 525, '10', '807.5'),
(55604, 525, '10', '807.5'),
(55605, 525, '10', '807.5'),
(55606, 525, '10', '807.5'),
(55607, 525, '10', '807.5'),
(55608, 525, '10', '807.5'),
(55609, 525, '10', '807.5'),
(55610, 525, '11', '807.5'),
(55611, 76, '7', '176753.8'),
(55612, 76, '7', '176753.8'),
(55613, 76, '7', '176753.8'),
(55614, 76, '7', '176753.8'),
(55615, 76, '7', '176753.8'),
(55616, 76, '7', '176753.8'),
(55617, 76, '7', '176753.8'),
(55618, 76, '7', '176753.8'),
(55619, 76, '7', '176753.8'),
(55620, 76, '7', '176753.8'),
(55621, 76, '7', '176753.8'),
(55622, 76, '7', '176753.8'),
(55623, 76, '8', '176753.8'),
(55624, 76, '8', '176753.8'),
(55625, 76, '8', '176753.9'),
(55626, 76, '8', '176754.1'),
(55627, 76, '8', '176757.4'),
(55628, 76, '8', '176764.5'),
(55629, 76, '8', '176772.5'),
(55630, 76, '8', '176780.7'),
(55631, 76, '8', '176786'),
(55632, 76, '8', '176790.7'),
(55633, 76, '8', '176793'),
(55634, 76, '8', '176793.9'),
(55635, 76, '8', '176794.5'),
(55636, 76, '9', '176796.1'),
(55637, 76, '9', '176796.6'),
(55638, 76, '9', '176796.6'),
(55639, 76, '9', '176796.6'),
(55640, 76, '9', '176796.6'),
(55641, 76, '9', '176796.6'),
(55642, 76, '9', '176796.6'),
(55643, 76, '9', '176796.6'),
(55644, 76, '9', '176796.6'),
(55645, 76, '9', '176796.6'),
(55646, 76, '9', '176796.6'),
(55647, 76, '9', '176796.7'),
(55648, 76, '9', '176796.7'),
(55649, 76, '10', '176796.7'),
(55650, 76, '10', '176796.7'),
(55651, 76, '10', '176796.7'),
(55652, 80, '7', '185773.7'),
(55653, 80, '7', '185774.8'),
(55654, 80, '7', '185775.6'),
(55655, 80, '7', '185775.9'),
(55656, 80, '7', '185776.2'),
(55657, 80, '7', '185777.9'),
(55658, 80, '7', '185780.9'),
(55659, 80, '7', '185784.3'),
(55660, 80, '7', '185791.5'),
(55661, 80, '7', '185797.2'),
(55662, 80, '7', '185803.3'),
(55663, 80, '8', '185807.2'),
(55664, 80, '8', '185809.9'),
(55665, 80, '8', '185816.8'),
(55666, 80, '8', '185824.1'),
(55667, 80, '8', '185831.9'),
(55668, 80, '8', '185836.8'),
(55669, 80, '8', '185838.7'),
(55670, 80, '8', '185841.3'),
(55671, 80, '8', '185842.1'),
(55672, 80, '8', '185842.8'),
(55673, 80, '8', '185844.6'),
(55674, 80, '8', '185844.6'),
(55675, 80, '8', '185844.6'),
(55676, 80, '8', '185844.6'),
(55677, 80, '9', '185844.6'),
(55678, 80, '9', '185844.6'),
(55679, 80, '9', '185844.6'),
(55680, 80, '9', '185844.6'),
(55681, 80, '9', '185844.6'),
(55682, 80, '9', '185844.6'),
(55683, 80, '9', '185844.6'),
(55684, 80, '9', '185844.6'),
(55685, 80, '9', '185844.6'),
(55686, 71, '7', '182369.7'),
(55687, 71, '7', '182369.8'),
(55688, 71, '7', '182370.4'),
(55689, 71, '7', '182371.9'),
(55690, 71, '7', '182373.9'),
(55691, 71, '7', '182378'),
(55692, 71, '7', '182383.9'),
(55693, 71, '7', '182390.4'),
(55694, 71, '7', '182396.1'),
(55695, 71, '7', '182402.1'),
(55696, 71, '7', '182408.5'),
(55697, 71, '7', '182415.1'),
(55698, 71, '7', '182422.8'),
(55699, 71, '8', '182424'),
(55700, 71, '8', '182424'),
(55701, 71, '8', '182424'),
(55702, 71, '8', '182424'),
(55703, 71, '8', '182424'),
(55704, 71, '8', '182424'),
(55705, 71, '8', '182424'),
(55706, 71, '8', '182424.1'),
(55707, 71, '8', '182426.6'),
(55708, 71, '8', '182433.4'),
(55709, 71, '8', '182435.6'),
(55710, 71, '8', '182438.1'),
(55711, 71, '8', '182440.3'),
(55712, 71, '8', '182441'),
(55713, 71, '9', '182441.7'),
(55714, 71, '9', '182442'),
(55715, 71, '9', '182444.9'),
(55716, 71, '9', '182446.6'),
(55717, 71, '9', '182448.6'),
(55718, 71, '9', '182451'),
(55719, 71, '9', '182451.2'),
(55720, 71, '9', '182451.2'),
(55721, 71, '9', '182451.2'),
(55722, 71, '9', '182451.2'),
(55723, 71, '9', '182451.2'),
(55724, 71, '9', '182451.2'),
(55725, 71, '9', '182451.4'),
(55726, 71, '9', '182451.6'),
(55727, 71, '10', '182451.7'),
(55728, 71, '10', '182451.9'),
(55729, 71, '10', '182452.1'),
(55730, 71, '10', '182452.1'),
(55731, 71, '10', '182452.4'),
(55732, 71, '10', '182452.8'),
(55733, 71, '10', '182453.3'),
(55734, 71, '10', '182453.4'),
(55735, 71, '10', '182453.9'),
(55736, 71, '10', '182454.2'),
(55737, 71, '10', '182454.5'),
(55738, 71, '10', '182455'),
(55739, 71, '10', '182455.6'),
(55740, 71, '11', '182455.9'),
(55741, 20, '7', '165818.3'),
(55742, 20, '7', '165818.3'),
(55743, 20, '7', '165818.4'),
(55744, 20, '7', '165819.1'),
(55745, 20, '7', '165820.7'),
(55746, 20, '7', '165823.7'),
(55747, 20, '7', '165826.8'),
(55748, 20, '7', '165829.1'),
(55749, 20, '7', '165831.5'),
(55750, 20, '7', '165833.9'),
(55751, 20, '7', '165837.3'),
(55752, 20, '7', '165840.6'),
(55753, 20, '7', '165844.7'),
(55754, 20, '8', '165847.9'),
(55755, 20, '8', '165850'),
(55756, 20, '8', '165852.4'),
(55757, 20, '8', '165854.5'),
(55758, 20, '8', '165856.2'),
(55759, 20, '8', '165858'),
(55760, 20, '8', '165858'),
(55761, 20, '8', '165858.1'),
(55762, 20, '8', '165858.1'),
(55763, 20, '8', '165858.1'),
(55764, 20, '8', '165858.1'),
(55765, 20, '8', '165858.1'),
(55766, 20, '8', '165858.1'),
(55767, 20, '8', '165858.1'),
(55768, 20, '8', '165858.1'),
(55769, 20, '8', '165858.1'),
(55770, 20, '8', '165858.1'),
(55771, 20, '8', '165858.1'),
(55772, 81, '7', '155806.9'),
(55773, 81, '7', '155812.8'),
(55774, 81, '7', '155818'),
(55775, 81, '7', '155823.8'),
(55776, 81, '7', '155828.4'),
(55777, 81, '7', '155834.9'),
(55778, 81, '7', '155841.1'),
(55779, 81, '7', '155847.8'),
(55780, 81, '7', '155854'),
(55781, 81, '7', '155854.3'),
(55782, 81, '7', '155854.3'),
(55783, 81, '7', '155854.3'),
(55784, 81, '7', '155854.3'),
(55785, 81, '8', '155857.8'),
(55786, 81, '8', '155857.9'),
(55787, 81, '8', '155864.1'),
(55788, 81, '8', '155870.5'),
(55789, 81, '8', '155876.4'),
(55790, 81, '8', '155876.8'),
(55791, 81, '8', '155877'),
(55792, 81, '8', '155877.3'),
(55793, 81, '8', '155878.6'),
(55794, 81, '8', '155883.9'),
(55795, 81, '8', '155888.8'),
(55796, 81, '8', '155892.3'),
(55797, 81, '8', '155897.1'),
(55798, 81, '9', '155902.2'),
(55799, 81, '9', '155908.7'),
(55800, 81, '9', '155919.1'),
(55801, 81, '9', '155926.1'),
(55802, 81, '9', '155932.3'),
(55803, 81, '9', '155938.5'),
(55804, 81, '9', '155945.4'),
(55805, 81, '9', '155951.2'),
(55806, 81, '9', '155953.7'),
(55807, 81, '9', '155956.5'),
(55808, 81, '9', '155959.1'),
(55809, 81, '10', '155963.4'),
(55810, 81, '10', '155965.5'),
(55811, 81, '10', '155966.8'),
(55812, 81, '10', '155967.3'),
(55813, 81, '10', '155967.4'),
(55814, 81, '10', '155967.4'),
(55815, 81, '10', '155967.4'),
(55816, 81, '10', '155967.4'),
(55817, 81, '10', '155967.4'),
(55818, 81, '10', '155967.4'),
(55819, 84, '7', '153828.9'),
(55820, 84, '7', '153828.9'),
(55821, 84, '7', '153828.9'),
(55822, 84, '7', '153828.9'),
(55823, 84, '7', '153828.9'),
(55824, 84, '7', '153828.9'),
(55825, 84, '7', '153829'),
(55826, 84, '7', '153830.6'),
(55827, 84, '7', '153831.9'),
(55828, 84, '7', '153833.8'),
(55829, 84, '7', '153834.9'),
(55830, 84, '7', '153836.2'),
(55831, 84, '7', '153839.1'),
(55832, 84, '8', '153839.7'),
(55833, 84, '8', '153841.9'),
(55834, 84, '8', '153844.1'),
(55835, 84, '8', '153848.5'),
(55836, 84, '8', '153852.8'),
(55837, 84, '8', '153856.8'),
(55838, 84, '8', '153860.5'),
(55839, 84, '8', '153864.1'),
(55840, 84, '8', '153868.5'),
(55841, 84, '8', '153870.8'),
(55842, 84, '8', '153872.5'),
(55843, 84, '8', '153872.5'),
(55844, 84, '8', '153872.5'),
(55845, 84, '10', '153872.5'),
(55846, 84, '10', '153872.6'),
(55847, 84, '10', '153872.6'),
(55848, 84, '10', '153872.6'),
(55849, 84, '10', '153872.6'),
(55850, 84, '10', '153872.6'),
(55851, 84, '10', '153872.6'),
(55852, 84, '10', '153872.6'),
(55853, 84, '10', '153872.6'),
(55854, 84, '10', '153872.6'),
(55855, 84, '10', '153872.6'),
(55856, 84, '10', '153872.6'),
(55857, 84, '11', '153872.6'),
(55858, 33, '7', '136384.6'),
(55859, 33, '7', '136390.9'),
(55860, 33, '7', '136397.5'),
(55861, 33, '7', '136404.2'),
(55862, 33, '7', '136409.7'),
(55863, 33, '7', '136416.7'),
(55864, 33, '7', '136423.8'),
(55865, 33, '7', '136431.7'),
(55866, 33, '7', '136439'),
(55867, 33, '7', '136443.1'),
(55868, 33, '7', '136445.2'),
(55869, 33, '7', '136447.4'),
(55870, 33, '8', '136448.2'),
(55871, 33, '8', '136448.9'),
(55872, 33, '8', '136450.5'),
(55873, 33, '8', '136450.8'),
(55874, 33, '8', '136450.8'),
(55875, 33, '8', '136450.8'),
(55876, 33, '8', '136450.8'),
(55877, 33, '8', '136450.8'),
(55878, 33, '8', '136450.8'),
(55879, 33, '8', '136450.8'),
(55880, 33, '8', '136450.8'),
(55881, 33, '10', '136450.8'),
(55882, 33, '10', '136450.8'),
(55883, 33, '11', '136450.8'),
(55884, 58, '7', '137176.8'),
(55885, 58, '7', '137176.8'),
(55886, 58, '7', '137176.9'),
(55887, 58, '7', '137177.1'),
(55888, 58, '7', '137177.7'),
(55889, 58, '7', '137179.3'),
(55890, 58, '7', '137180.2'),
(55891, 58, '7', '137182.4'),
(55892, 58, '7', '137183.7'),
(55893, 58, '7', '137186.8'),
(55894, 58, '7', '137189'),
(55895, 58, '8', '137191.6'),
(55896, 58, '8', '137191.7'),
(55897, 58, '8', '137196.3'),
(55898, 58, '8', '137200.2'),
(55899, 58, '8', '137203.3'),
(55900, 58, '8', '137206.9'),
(55901, 58, '8', '137210.5'),
(55902, 58, '8', '137214.3'),
(55903, 58, '8', '137218.1'),
(55904, 58, '8', '137219.7'),
(55905, 58, '8', '137220.5'),
(55906, 58, '8', '137220.5'),
(55907, 58, '8', '137220.5'),
(55908, 58, '8', '137220.5'),
(55909, 58, '10', '137220.5'),
(55910, 58, '10', '137220.5'),
(55911, 58, '10', '137220.6'),
(55912, 58, '10', '137220.6'),
(55913, 58, '10', '137220.6'),
(55914, 58, '10', '137220.6'),
(55915, 58, '10', '137220.6'),
(55916, 58, '10', '137220.6'),
(55917, 58, '10', '137220.6'),
(55918, 58, '10', '137220.6'),
(55919, 58, '10', '137220.6'),
(55920, 58, '10', '137220.6'),
(55921, 58, '10', '137220.6'),
(55922, 58, '11', '137220.6'),
(55923, 153, '7', '109452.1'),
(55924, 153, '7', '109455.7'),
(55925, 153, '7', '109461.2'),
(55926, 153, '7', '109466.3'),
(55927, 153, '7', '109471.3'),
(55928, 153, '7', '109477.9'),
(55929, 153, '7', '109483.3'),
(55930, 153, '7', '109488.9'),
(55931, 153, '7', '109492.3'),
(55932, 153, '7', '109496.2'),
(55933, 153, '7', '109499.3'),
(55934, 153, '7', '109501.3'),
(55935, 153, '8', '109501.5'),
(55936, 153, '8', '109501.5'),
(55937, 153, '8', '109501.5'),
(55938, 153, '8', '109501.5'),
(55939, 153, '8', '109501.5'),
(55940, 153, '8', '109501.6'),
(55941, 153, '8', '109501.7'),
(55942, 153, '8', '109502.2'),
(55943, 153, '8', '109502.3'),
(55944, 153, '8', '109502.3'),
(55945, 153, '8', '109502.3'),
(55946, 151, '7', '101541.2'),
(55947, 151, '7', '101541.3'),
(55948, 151, '7', '101541.9'),
(55949, 151, '7', '101543.4'),
(55950, 151, '7', '101545.2'),
(55951, 151, '7', '101548.8'),
(55952, 151, '7', '101554.9'),
(55953, 151, '7', '101561.4'),
(55954, 151, '7', '101567.4'),
(55955, 151, '7', '101573.1'),
(55956, 151, '7', '101579.3'),
(55957, 151, '7', '101586.1'),
(55958, 151, '7', '101593.8'),
(55959, 151, '8', '101595.5'),
(55960, 151, '8', '101595.5'),
(55961, 151, '8', '101595.5'),
(55962, 151, '8', '101595.5'),
(55963, 151, '8', '101595.5'),
(55964, 151, '8', '101595.5'),
(55965, 151, '8', '101595.5'),
(55966, 151, '8', '101595.6'),
(55967, 151, '8', '101597.9'),
(55968, 151, '8', '101604.8'),
(55969, 151, '8', '101607.4'),
(55970, 151, '8', '101609.1'),
(55971, 151, '8', '101611.3'),
(55972, 151, '8', '101612.9'),
(55973, 151, '8', '101613.2'),
(55974, 151, '9', '101613.9'),
(55975, 151, '9', '101616.3'),
(55976, 151, '9', '101617.9'),
(55977, 151, '9', '101619.3'),
(55978, 151, '9', '101621.6'),
(55979, 151, '9', '101622.6'),
(55980, 151, '9', '101622.7'),
(55981, 151, '9', '101622.7'),
(55982, 151, '9', '101622.7'),
(55983, 151, '9', '101622.7'),
(55984, 151, '9', '101622.7'),
(55985, 151, '9', '101622.8'),
(55986, 151, '9', '101622.9'),
(55987, 151, '9', '101623.1'),
(55988, 151, '10', '101623.2'),
(55989, 151, '10', '101623.3'),
(55990, 151, '10', '101623.6'),
(55991, 151, '10', '101623.8'),
(55992, 151, '10', '101624.1'),
(55993, 151, '10', '101624.1'),
(55994, 151, '10', '101624.2'),
(55995, 151, '10', '101624.7'),
(55996, 151, '10', '101624.8'),
(55997, 151, '10', '101625.2'),
(55998, 151, '10', '101625.7'),
(55999, 151, '10', '101626'),
(56000, 151, '10', '101626'),
(56001, 151, '10', '101626.2'),
(56002, 151, '10', '101626.2'),
(56003, 151, '10', '101626.7'),
(56004, 151, '11', '101627.2'),
(56005, 150, '7', '105457.8'),
(56006, 150, '7', '105457.8'),
(56007, 150, '7', '105458.9'),
(56008, 150, '7', '105461.3'),
(56009, 150, '7', '105463'),
(56010, 150, '7', '105468.6'),
(56011, 150, '7', '105474.5'),
(56012, 150, '7', '105481.2'),
(56013, 150, '7', '105486.3'),
(56014, 150, '7', '105492.3'),
(56015, 150, '7', '105498.9'),
(56016, 150, '7', '105506.2'),
(56017, 150, '7', '105512.1'),
(56018, 150, '8', '105512.1'),
(56019, 150, '8', '105512.1'),
(56020, 150, '8', '105512.1'),
(56021, 150, '8', '105512.1'),
(56022, 150, '8', '105512.1'),
(56023, 150, '8', '105512.1'),
(56024, 150, '8', '105512.1'),
(56025, 150, '8', '105512.2'),
(56026, 150, '8', '105517.9'),
(56027, 150, '8', '105521.8'),
(56028, 150, '8', '105525.4'),
(56029, 150, '8', '105526.8'),
(56030, 150, '8', '105528.9'),
(56031, 150, '8', '105529.6'),
(56032, 150, '8', '105530.3'),
(56033, 150, '9', '105532'),
(56034, 150, '9', '105534.4'),
(56035, 150, '9', '105535.1'),
(56036, 150, '9', '105537.1'),
(56037, 150, '9', '105539.1'),
(56038, 150, '9', '105539.2'),
(56039, 150, '9', '105539.2'),
(56040, 150, '9', '105539.2'),
(56041, 150, '9', '105539.2'),
(56042, 150, '9', '105539.2'),
(56043, 150, '9', '105539.3'),
(56044, 150, '9', '105539.4'),
(56045, 150, '9', '105539.6'),
(56046, 150, '9', '105539.7'),
(56047, 150, '10', '105539.9'),
(56048, 150, '10', '105540'),
(56049, 150, '10', '105540.1'),
(56050, 150, '10', '105540.3'),
(56051, 150, '10', '105540.6'),
(56052, 150, '10', '105540.8'),
(56053, 150, '10', '105540.9'),
(56054, 150, '10', '105541'),
(56055, 150, '10', '105541.2'),
(56056, 150, '10', '105541.4'),
(56057, 150, '10', '105541.6'),
(56058, 150, '10', '105542.2'),
(56059, 150, '10', '105542.5'),
(56060, 150, '10', '105542.9'),
(56061, 150, '10', '105543.5'),
(56062, 150, '10', '105544.1'),
(56063, 150, '11', '105544.2'),
(56064, 272, '7', '93755.8'),
(56065, 272, '7', '93755.8'),
(56066, 272, '7', '93755.8'),
(56067, 272, '8', '93755.8'),
(56068, 272, '8', '93755.8'),
(56069, 272, '8', '93755.8'),
(56070, 272, '10', '93755.8'),
(56071, 272, '10', '93755.8'),
(56072, 272, '10', '93755.9'),
(56073, 272, '10', '93755.9'),
(56074, 272, '10', '93755.9'),
(56075, 272, '10', '93755.9'),
(56076, 272, '10', '93756'),
(56077, 272, '11', '93758.4'),
(56078, 271, '7', '77543.1'),
(56079, 271, '7', '77543.1'),
(56080, 271, '7', '77543.1'),
(56081, 271, '7', '77543.1'),
(56082, 271, '7', '77543.1'),
(56083, 271, '7', '77543.1'),
(56084, 271, '7', '77543.1'),
(56085, 271, '7', '77543.1'),
(56086, 271, '7', '77543.1'),
(56087, 271, '7', '77543.1'),
(56088, 271, '7', '77543.1'),
(56089, 271, '7', '77543.1'),
(56090, 271, '7', '77543.1'),
(56091, 271, '8', '77543.1'),
(56092, 271, '8', '77543.1'),
(56093, 271, '8', '77543.1'),
(56094, 271, '8', '77543.1'),
(56095, 271, '8', '77543.1'),
(56096, 271, '8', '77543.1'),
(56097, 271, '8', '77543.1'),
(56098, 271, '8', '77543.1'),
(56099, 271, '8', '77543.1'),
(56100, 271, '8', '77543.1'),
(56101, 271, '8', '77543.1'),
(56102, 271, '8', '77543.1'),
(56103, 271, '9', '77543.1'),
(56104, 271, '9', '77543.1'),
(56105, 271, '9', '77543.1'),
(56106, 271, '9', '77543.1'),
(56107, 271, '9', '77543.1'),
(56108, 271, '9', '77543.1'),
(56109, 271, '9', '77543.1'),
(56110, 271, '9', '77543.1'),
(56111, 271, '9', '77543.1'),
(56112, 271, '9', '77543.1'),
(56113, 271, '10', '77543.1'),
(56114, 271, '10', '77543.1'),
(56115, 271, '10', '77543.1'),
(56116, 271, '10', '77543.1'),
(56117, 271, '10', '77543.1'),
(56118, 271, '10', '77543.1'),
(56119, 271, '10', '77543.1'),
(56120, 271, '10', '77543.1'),
(56121, 271, '10', '77543.1'),
(56122, 271, '10', '77543.1'),
(56123, 271, '10', '77543.1'),
(56124, 271, '11', '77543.1'),
(56125, 296, '7', '75936.5'),
(56126, 296, '7', '75939.6'),
(56127, 296, '7', '75943'),
(56128, 296, '7', '75945.4'),
(56129, 296, '7', '75946.3'),
(56130, 296, '7', '75952.6'),
(56131, 296, '7', '75959.1'),
(56132, 296, '7', '75964.9'),
(56133, 296, '7', '75971.3'),
(56134, 296, '7', '75977.7'),
(56135, 296, '7', '75983.6'),
(56136, 296, '7', '75990.6'),
(56137, 296, '8', '75996.6'),
(56138, 296, '8', '75997.6'),
(56139, 296, '8', '76004.2'),
(56140, 296, '8', '76011.7'),
(56141, 296, '8', '76019.3'),
(56142, 296, '8', '76025.9'),
(56143, 296, '8', '76033'),
(56144, 296, '8', '76033.9'),
(56145, 296, '8', '76034.4'),
(56146, 296, '8', '76035.1'),
(56147, 296, '8', '76038.6'),
(56148, 296, '8', '76043.2'),
(56149, 296, '8', '76043.7'),
(56150, 296, '9', '76043.7'),
(56151, 296, '9', '76043.7'),
(56152, 296, '9', '76043.7'),
(56153, 296, '9', '76043.7'),
(56154, 296, '9', '76048.2'),
(56155, 296, '9', '76048.2'),
(56156, 296, '9', '76053.1'),
(56157, 296, '9', '76058.6'),
(56158, 296, '9', '76065.5'),
(56159, 296, '9', '76072'),
(56160, 296, '9', '76077.2'),
(56161, 296, '9', '76083.7'),
(56162, 296, '9', '76087.5'),
(56163, 296, '9', '76087.7'),
(56164, 296, '9', '76088.5'),
(56165, 296, '10', '76089'),
(56166, 296, '10', '76090.7'),
(56167, 296, '10', '76091'),
(56168, 296, '10', '76092.3'),
(56169, 296, '10', '76093.1'),
(56170, 296, '10', '76093.7'),
(56171, 296, '10', '76095.2'),
(56172, 296, '10', '76095.7'),
(56173, 296, '10', '76095.7'),
(56174, 296, '10', '76095.7'),
(56175, 296, '10', '76095.7'),
(56176, 296, '10', '76095.7'),
(56177, 296, '10', '76095.7'),
(56178, 296, '11', '76095.7'),
(56179, 82, '7', '26684.4'),
(56180, 82, '7', '26684.4'),
(56181, 82, '7', '26684.4'),
(56182, 82, '7', '26684.4'),
(56183, 82, '7', '26684.4'),
(56184, 82, '7', '26684.4'),
(56185, 82, '7', '26684.4'),
(56186, 82, '7', '26684.4'),
(56187, 82, '7', '26684.4'),
(56188, 82, '7', '26684.4'),
(56189, 82, '7', '26684.7'),
(56190, 82, '7', '26684.8'),
(56191, 82, '7', '26684.8'),
(56192, 82, '7', '26684.8'),
(56193, 82, '7', '26684.8'),
(56194, 82, '8', '26684.8'),
(56195, 82, '8', '26684.8'),
(56196, 82, '8', '26684.8'),
(56197, 82, '8', '26684.8'),
(56198, 82, '8', '26684.8'),
(56199, 82, '8', '26684.8'),
(56200, 82, '8', '26684.8'),
(56201, 82, '8', '26684.8'),
(56202, 82, '8', '26684.8'),
(56203, 82, '8', '26684.9'),
(56204, 82, '8', '26685'),
(56205, 82, '8', '26685'),
(56206, 82, '8', '26685'),
(56207, 82, '9', '26685'),
(56208, 82, '9', '26685'),
(56209, 82, '9', '26685.2'),
(56210, 82, '9', '26685.6'),
(56211, 82, '9', '26685.8'),
(56212, 82, '9', '26686.1'),
(56213, 82, '9', '26686.4'),
(56214, 82, '9', '26687.3'),
(56215, 82, '9', '26687.4'),
(56216, 82, '9', '26687.4'),
(56217, 82, '9', '26687.5'),
(56218, 82, '9', '26688'),
(56219, 82, '9', '26688.4'),
(56220, 82, '10', '26688.7'),
(56221, 82, '10', '26689.3'),
(56222, 82, '10', '26689.3'),
(56223, 82, '10', '26689.3'),
(56224, 82, '10', '26689.3'),
(56225, 82, '10', '26689.3'),
(56226, 82, '10', '26689.4'),
(56227, 68, '7', '323915.1'),
(56228, 68, '7', '323915.1'),
(56229, 68, '7', '323915.1'),
(56230, 68, '7', '323915.1'),
(56231, 68, '7', '323915.1'),
(56232, 68, '7', '323915.1'),
(56233, 68, '7', '323915.1'),
(56234, 68, '7', '323915.1'),
(56235, 68, '7', '323915.2'),
(56236, 68, '7', '323915.9'),
(56237, 68, '7', '323918'),
(56238, 68, '7', '323921.6'),
(56239, 68, '7', '323927.5'),
(56240, 68, '7', '323933.6'),
(56241, 68, '8', '323937.4'),
(56242, 68, '8', '323939.2'),
(56243, 68, '8', '323945.3'),
(56244, 68, '8', '323950.2'),
(56245, 68, '8', '323952.5'),
(56246, 68, '8', '323954.8'),
(56247, 68, '8', '323957.8'),
(56248, 68, '8', '323957.9'),
(56249, 68, '8', '323958'),
(56250, 68, '8', '323958.2'),
(56251, 68, '8', '323958.2'),
(56252, 68, '8', '323958.2'),
(56253, 68, '8', '323958.2'),
(56254, 68, '8', '323958.2'),
(56255, 73, '7', '309108.1'),
(56256, 73, '7', '309111.1'),
(56257, 73, '7', '309113.7'),
(56258, 73, '7', '309117.8'),
(56259, 73, '7', '309122.2'),
(56260, 73, '7', '309127.6'),
(56261, 73, '7', '309131'),
(56262, 73, '7', '309133.3'),
(56263, 73, '7', '309134.6'),
(56264, 73, '7', '309137'),
(56265, 73, '7', '309139.2'),
(56266, 73, '7', '309139.3'),
(56267, 73, '8', '309139.3'),
(56268, 73, '8', '309139.4'),
(56269, 73, '8', '309141'),
(56270, 73, '8', '309143.4'),
(56271, 73, '8', '309144.1'),
(56272, 73, '8', '309144.1'),
(56273, 73, '8', '309144.1'),
(56274, 73, '8', '309144.1'),
(56275, 73, '8', '309144.1'),
(56276, 73, '8', '309144.1'),
(56277, 73, '8', '309144.2'),
(56278, 73, '8', '309144.3'),
(56279, 73, '8', '309144.4'),
(56280, 73, '8', '309144.4'),
(56281, 73, '9', '309144.4'),
(56282, 73, '9', '309144.4'),
(56283, 73, '9', '309144.5'),
(56284, 73, '9', '309144.6'),
(56285, 73, '9', '309145'),
(56286, 73, '9', '309145.2'),
(56287, 73, '9', '309145.2'),
(56288, 73, '9', '309145.3'),
(56289, 73, '9', '309146.1'),
(56290, 73, '9', '309146.5'),
(56291, 73, '9', '309146.8'),
(56292, 73, '9', '309147'),
(56293, 73, '9', '309147'),
(56294, 73, '9', '309147.1'),
(56295, 73, '9', '309147.8'),
(56296, 73, '9', '309147.9'),
(56297, 73, '10', '309148.2'),
(56298, 73, '10', '309148.8'),
(56299, 73, '10', '309148.8'),
(56300, 73, '10', '309148.8'),
(56301, 73, '10', '309148.8'),
(56302, 73, '10', '309148.8'),
(56303, 73, '10', '309148.8'),
(56304, 73, '10', '309148.8'),
(56305, 73, '10', '309148.8'),
(56306, 73, '10', '309148.8'),
(56307, 73, '10', '309148.8'),
(56308, 73, '10', '309148.8'),
(56309, 73, '10', '309148.8'),
(56310, 73, '11', '309148.8'),
(56311, 77, '7', '291903.5'),
(56312, 77, '7', '291903.5'),
(56313, 77, '7', '291903.5'),
(56314, 77, '7', '291903.5'),
(56315, 77, '7', '291903.5'),
(56316, 77, '7', '291903.5'),
(56317, 77, '7', '291903.5'),
(56318, 77, '7', '291903.5'),
(56319, 77, '7', '291903.5'),
(56320, 77, '7', '291903.5'),
(56321, 77, '7', '291903.5'),
(56322, 77, '8', '291903.6'),
(56323, 77, '8', '291903.6'),
(56324, 77, '8', '291904.6'),
(56325, 77, '8', '291906.8'),
(56326, 77, '8', '291908.6'),
(56327, 77, '8', '291911.2'),
(56328, 77, '8', '291913.8'),
(56329, 77, '8', '291916.8'),
(56330, 77, '8', '291923.2'),
(56331, 77, '8', '291930.4'),
(56332, 77, '8', '291934.7'),
(56333, 77, '8', '291938.2'),
(56334, 77, '8', '291938.3'),
(56335, 77, '9', '291938.3'),
(56336, 77, '9', '291938.3'),
(56337, 77, '9', '291938.3'),
(56338, 77, '9', '291938.4'),
(56339, 77, '9', '291939.8'),
(56340, 77, '9', '291941.1'),
(56341, 77, '9', '291941.8'),
(56342, 77, '9', '291941.8'),
(56343, 77, '9', '291941.8'),
(56344, 77, '9', '291941.8'),
(56345, 77, '9', '291941.8'),
(56346, 77, '9', '291941.8'),
(56347, 77, '9', '291941.8'),
(56348, 77, '10', '291941.8'),
(56349, 77, '10', '291941.8'),
(56350, 77, '10', '291941.8'),
(56351, 77, '10', '291941.8'),
(56352, 77, '10', '291941.8'),
(56353, 77, '10', '291941.8'),
(56354, 77, '10', '291941.8'),
(56355, 77, '10', '291941.8'),
(56356, 77, '10', '291941.8'),
(56357, 77, '10', '291941.8'),
(56358, 77, '10', '291941.8'),
(56359, 77, '10', '291941.8'),
(56360, 77, '11', '291941.8');

-- --------------------------------------------------------

--
-- Table structure for table `timezones`
--

CREATE TABLE IF NOT EXISTS `timezones` (
  `id` int(10) NOT NULL AUTO_INCREMENT,
  `name` varchar(50) DEFAULT NULL,
  `timezone` int(10) DEFAULT NULL,
  PRIMARY KEY (`id`)
) ENGINE=InnoDB  DEFAULT CHARSET=latin1 AUTO_INCREMENT=4 ;

--
-- Dumping data for table `timezones`
--

INSERT INTO `timezones` (`id`, `name`, `timezone`) VALUES
(1, 'GMT+7', 7),
(2, 'GMT+8', 8),
(3, 'GMT+9', 9);

-- --------------------------------------------------------

--
-- Table structure for table `users`
--

CREATE TABLE IF NOT EXISTS `users` (
  `id` int(10) NOT NULL AUTO_INCREMENT,
  `login_name` varchar(50) NOT NULL,
  `pwd` varchar(255) DEFAULT NULL,
  `name` varchar(100) DEFAULT NULL,
  `is_active` tinyint(4) DEFAULT '1',
  `user_type` int(10) DEFAULT NULL,
  `device_group_id` varchar(255) DEFAULT NULL,
  `created` timestamp NULL DEFAULT CURRENT_TIMESTAMP,
  `created_by` int(10) DEFAULT NULL,
  `modified` datetime DEFAULT NULL,
  `modified_by` int(10) DEFAULT NULL,
  `default_module_id` int(10) DEFAULT NULL,
  `forget_password_code` varchar(255) DEFAULT NULL,
  PRIMARY KEY (`id`),
  UNIQUE KEY `IX_users` (`login_name`)
) ENGINE=InnoDB  DEFAULT CHARSET=latin1 AUTO_INCREMENT=96 ;

--
-- Dumping data for table `users`
--

INSERT INTO `users` (`id`, `login_name`, `pwd`, `name`, `is_active`, `user_type`, `device_group_id`, `created`, `created_by`, `modified`, `modified_by`, `default_module_id`, `forget_password_code`) VALUES
(67, 'putri@gmail.com', '4093fed663717c843bea100d17fb67c8', 'putri', 1, 2, '22,55', '2012-08-08 09:50:29', NULL, NULL, NULL, 0, 'hg694smylv3ghwvh6yvrhfb1scewfrbb'),
(79, 'andrey.derma@gmail.com', 'baf22ddb7b1a317d860f48638254e2e9', 'andrey derma putra', 1, 2, NULL, '2012-07-23 10:57:01', NULL, NULL, NULL, 0, 'PHQ1PLPYUPS28P9U3Q52ZCNWZIVA5SPR'),
(84, 'budiono@gmail.com', '00dfc53ee86af02e742515cdcf075ed3', 'budinono', 1, 2, NULL, '2012-07-24 08:48:28', NULL, NULL, NULL, 0, 'fh5ef2lvhqe0itrh6yep6v9nrzdz9v2i'),
(87, 'afgan@gmail.com', '544b5cbdcf97eaec7d14816370855aad', 'afgan sadis', 1, 2, NULL, '2012-07-24 08:51:30', NULL, NULL, NULL, 0, 'oqn2fibfdnqpw828wgvpvk4n22v8iu9y'),
(93, 'demo@demo.com', 'fe01ce2a7fbac8fafaed7c982a04e229', 'demo', 1, 2, NULL, '2012-07-26 08:45:18', NULL, '2012-08-08 09:44:32', NULL, 1, 'qtcwl68t8kqppz2su660al5jguq08wku'),
(94, 'dev@developer.com', '5e8edd851d2fdfbd7415232c67367cc3', 'Web developer', 1, 0, NULL, '2012-08-13 08:35:39', NULL, '2012-09-05 10:04:31', NULL, 1, 'qkctq8ehg2bupcclf5bg5rf8sw5yf3ie'),
(95, 'back.end@demo.com', 'fe01ce2a7fbac8fafaed7c982a04e229', 'Admin demo', 1, 0, NULL, '2012-08-27 08:49:23', NULL, '2012-09-07 17:50:39', NULL, 1, '80qluopqphv62sk6r7z2rp8cu5qb0kj3');

-- --------------------------------------------------------

--
-- Table structure for table `user_customers`
--

CREATE TABLE IF NOT EXISTS `user_customers` (
  `user_id` int(11) NOT NULL,
  `customer_id` int(11) NOT NULL,
  PRIMARY KEY (`user_id`,`customer_id`)
) ENGINE=InnoDB DEFAULT CHARSET=latin1;

--
-- Dumping data for table `user_customers`
--

INSERT INTO `user_customers` (`user_id`, `customer_id`) VALUES
(0, 2),
(0, 7),
(67, 7),
(93, 7),
(95, 7);

-- --------------------------------------------------------

--
-- Table structure for table `user_device_groups`
--

CREATE TABLE IF NOT EXISTS `user_device_groups` (
  `user_id` int(11) NOT NULL,
  `device_group_id` int(11) NOT NULL
) ENGINE=InnoDB DEFAULT CHARSET=latin1;

--
-- Dumping data for table `user_device_groups`
--

INSERT INTO `user_device_groups` (`user_id`, `device_group_id`) VALUES
(79, 22),
(79, 55),
(84, 22),
(84, 55),
(93, 22),
(93, 61),
(67, 22),
(95, 22),
(95, 61);

-- --------------------------------------------------------

--
-- Table structure for table `user_groups`
--

CREATE TABLE IF NOT EXISTS `user_groups` (
  `user_id` int(10) DEFAULT NULL,
  `group_id` int(10) DEFAULT NULL,
  KEY `FK_user_groups_users` (`user_id`),
  KEY `FK_user_groups_groups` (`group_id`)
) ENGINE=InnoDB DEFAULT CHARSET=latin1;

--
-- Dumping data for table `user_groups`
--

INSERT INTO `user_groups` (`user_id`, `group_id`) VALUES
(84, 11),
(94, 5),
(93, 13),
(95, 1);

-- --------------------------------------------------------

--
-- Table structure for table `utility_commands`
--

CREATE TABLE IF NOT EXISTS `utility_commands` (
  `protocol` varchar(10) NOT NULL,
  `cmd_reboot` varchar(50) DEFAULT NULL,
  `cmd_hwdiag` varchar(50) DEFAULT NULL,
  `cmd_gprstest` varchar(50) DEFAULT NULL,
  `cmd_getpos` varchar(50) DEFAULT NULL,
  PRIMARY KEY (`protocol`)
) ENGINE=InnoDB DEFAULT CHARSET=latin1;

--
-- Dumping data for table `utility_commands`
--

INSERT INTO `utility_commands` (`protocol`, `cmd_reboot`, `cmd_hwdiag`, `cmd_gprstest`, `cmd_getpos`) VALUES
('A1', 'AT$REBOOT', NULL, 'AT$QUST', 'AT$GETPDS'),
('X1', '$ST+REBOOT+{tag}={pwd}', '$ST+TEST+{tag}={pwd}', '$ST+QUST+{tag}={pwd}', '$ST+GETPOSITION+{tag}={pwd}');

-- --------------------------------------------------------

--
-- Table structure for table `vehicle_maintenance`
--

CREATE TABLE IF NOT EXISTS `vehicle_maintenance` (
  `id` bigint(19) NOT NULL AUTO_INCREMENT,
  `device_id` int(10) DEFAULT NULL,
  `stnk_no` varchar(50) DEFAULT NULL,
  `stnk_exp_dt` datetime DEFAULT NULL,
  `last_stnk_tax_dt` datetime DEFAULT NULL,
  `kir_due` datetime DEFAULT NULL,
  `maint_std_mileage` double DEFAULT NULL,
  `maint_last_mileage` double DEFAULT NULL,
  `maint_last_dt` datetime DEFAULT NULL,
  `oli_mesin_std_mileage` double DEFAULT NULL,
  `oli_mesin_last_mileage` double DEFAULT NULL,
  `oli_mesin_last_dt` datetime DEFAULT NULL,
  `oli_gardan_std_mileage` double DEFAULT NULL,
  `oli_gardan_last_mileage` double DEFAULT NULL,
  `oli_gardan_last_dt` datetime DEFAULT NULL,
  `oli_rem_std_mileage` double DEFAULT NULL,
  `oli_rem_last_mileage` double DEFAULT NULL,
  `oli_rem_last_dt` datetime DEFAULT NULL,
  `tuneup_std_mileage` double DEFAULT NULL,
  `tuneup_last_mileage` double DEFAULT NULL,
  `tuneup_last_dt` datetime DEFAULT NULL,
  `overhaul_std_mileage` double DEFAULT NULL,
  `overhaul_last_mileage` double DEFAULT NULL,
  `overhaul_last_dt` datetime DEFAULT NULL,
  `ac_std_mileage` double DEFAULT NULL,
  `ac_last_mileage` double DEFAULT NULL,
  `ac_last_dt` datetime DEFAULT NULL,
  `created_date` datetime DEFAULT NULL,
  `created_by` int(10) DEFAULT NULL,
  PRIMARY KEY (`id`),
  UNIQUE KEY `vehicle_maintenance_idx` (`device_id`)
) ENGINE=InnoDB  DEFAULT CHARSET=latin1 AUTO_INCREMENT=13 ;

--
-- Dumping data for table `vehicle_maintenance`
--

INSERT INTO `vehicle_maintenance` (`id`, `device_id`, `stnk_no`, `stnk_exp_dt`, `last_stnk_tax_dt`, `kir_due`, `maint_std_mileage`, `maint_last_mileage`, `maint_last_dt`, `oli_mesin_std_mileage`, `oli_mesin_last_mileage`, `oli_mesin_last_dt`, `oli_gardan_std_mileage`, `oli_gardan_last_mileage`, `oli_gardan_last_dt`, `oli_rem_std_mileage`, `oli_rem_last_mileage`, `oli_rem_last_dt`, `tuneup_std_mileage`, `tuneup_last_mileage`, `tuneup_last_dt`, `overhaul_std_mileage`, `overhaul_last_mileage`, `overhaul_last_dt`, `ac_std_mileage`, `ac_last_mileage`, `ac_last_dt`, `created_date`, `created_by`) VALUES
(1, 90, '0043288/JB/2006', '2011-06-11 00:00:00', '2010-06-11 00:00:00', NULL, 10000, 109862, '2009-11-09 00:00:00', 10000, 100335, '2009-07-31 00:00:00', 40000, NULL, NULL, 40000, NULL, NULL, 10000, NULL, NULL, 0, NULL, NULL, 40000, NULL, NULL, '2009-11-10 16:35:35', 7),
(2, 91, '123', NULL, NULL, NULL, 5000, 2100, '2010-05-18 00:00:00', 5000, 2100, '2010-05-18 00:00:00', 40000, 2100, '2010-05-18 00:00:00', 5000, 2100, '2010-05-18 00:00:00', 5000, 0, '2009-11-09 00:00:00', 0, 2100, '2010-05-18 00:00:00', 80000, 0, '2009-11-09 00:00:00', '2009-11-09 09:21:16', 7),
(3, 85, '123', '2009-11-12 00:00:00', NULL, NULL, 500, 14267.7, '2009-11-11 00:00:00', 500, 14267.7, '2009-11-11 00:00:00', 500, NULL, NULL, 500, NULL, NULL, 500, NULL, NULL, 500, NULL, NULL, 500, NULL, NULL, '2009-11-11 05:12:46', 9),
(4, 96, '07878', NULL, NULL, NULL, 5000, NULL, NULL, 10000, NULL, NULL, 20000, NULL, NULL, 20000, NULL, NULL, 5000, NULL, NULL, 100000, NULL, NULL, 20000, NULL, NULL, '2010-01-29 11:14:29', 29),
(5, 82, '123456', '2010-04-24 00:00:00', '2010-04-24 00:00:00', '2010-04-05 00:00:00', 10000, 16497.3, '2010-03-30 00:00:00', 10000, NULL, NULL, 40000, NULL, NULL, 100000, NULL, NULL, 20000, NULL, NULL, 40000, NULL, NULL, 200000, NULL, NULL, '2010-02-23 18:42:14', 12),
(6, 87, '12345', NULL, '2010-11-10 00:00:00', '2010-03-08 00:00:00', 100000, 39471.6, '2010-03-01 00:00:00', 10000, NULL, NULL, 25000, NULL, NULL, 25000, NULL, NULL, 100000, NULL, NULL, 100000, NULL, NULL, 25000, NULL, NULL, '2010-03-01 13:51:05', 12),
(7, 72, '12345', NULL, '2010-08-14 00:00:00', '2010-07-29 00:00:00', 10000, 25860.5, '2010-03-01 00:00:00', 10000, NULL, NULL, 25000, NULL, NULL, 10000, NULL, NULL, 100000, NULL, NULL, 100000, NULL, NULL, 25000, NULL, NULL, '2010-03-01 13:53:29', 12),
(8, 75, '12345', NULL, '2010-08-23 00:00:00', '2010-07-25 00:00:00', 10000, 34870.6, '2010-03-01 00:00:00', 10000, NULL, NULL, 10000, NULL, NULL, 10000, NULL, NULL, 10000, NULL, NULL, 100000, NULL, NULL, 25000, NULL, NULL, '2010-03-01 13:56:37', 12),
(9, 112, '1232', '2011-05-19 00:00:00', NULL, NULL, 5000, 60000, '2010-05-19 00:00:00', 3000, 60000, '2010-05-19 00:00:00', 10000, 60000, '2010-05-19 00:00:00', 40000, 60000, '2010-05-19 00:00:00', 10000, 60000, '2010-05-19 00:00:00', 40000, 60000, '2010-05-19 00:00:00', 20000, 60000, '2010-05-19 00:00:00', '2010-03-10 08:49:13', 9),
(10, 106, NULL, NULL, NULL, NULL, NULL, 0, '2010-03-12 00:00:00', NULL, 0, '2010-03-12 00:00:00', NULL, 0, '2010-03-12 00:00:00', NULL, 0, '2010-03-12 00:00:00', NULL, 0, '2010-03-12 00:00:00', NULL, 0, '2010-03-12 00:00:00', NULL, 0, '2010-03-12 00:00:00', '2010-03-12 16:15:28', 28),
(11, 70, '123', NULL, NULL, NULL, 10001, NULL, NULL, 10000, NULL, NULL, 10000, NULL, NULL, 10000, NULL, NULL, 10000, NULL, NULL, 10000, NULL, NULL, 10000, NULL, NULL, '2010-09-20 20:57:12', 17),
(12, 277, '123', '2011-10-17 00:00:00', '2011-09-21 00:00:00', NULL, 0, 2247.9, '2011-09-17 00:00:00', 0, 2247.9, '2011-09-17 00:00:00', 0, NULL, NULL, 0, NULL, NULL, 0, 2247.9, '2011-09-17 00:00:00', 0, NULL, NULL, 0, NULL, NULL, '2011-09-17 14:16:38', 17);

-- --------------------------------------------------------

--
-- Table structure for table `vehicle_maintenance_records`
--

CREATE TABLE IF NOT EXISTS `vehicle_maintenance_records` (
  `id` bigint(19) NOT NULL AUTO_INCREMENT,
  `device_id` int(10) DEFAULT NULL,
  `maintenance_id` int(10) DEFAULT NULL,
  `maint_date` datetime DEFAULT NULL,
  `maint_by` varchar(255) DEFAULT NULL,
  `last_mileage` double DEFAULT NULL,
  `stnk_no_new` varchar(50) DEFAULT NULL,
  `stnk_exp_date_new` datetime DEFAULT NULL,
  `stnk_tax_next_date` datetime DEFAULT NULL,
  `kir_exp_date_new` datetime DEFAULT NULL,
  `oli_mesin` tinyint(4) DEFAULT NULL,
  `oli_gardan` tinyint(4) DEFAULT NULL,
  `oli_rem` tinyint(4) DEFAULT NULL,
  `tuneup` tinyint(4) DEFAULT NULL,
  `overhaul` tinyint(4) DEFAULT NULL,
  `ac` tinyint(4) DEFAULT NULL,
  `remarks` varchar(4000) DEFAULT NULL,
  `created_date` datetime DEFAULT NULL,
  `created_by` int(10) DEFAULT NULL,
  PRIMARY KEY (`id`)
) ENGINE=InnoDB  DEFAULT CHARSET=latin1 AUTO_INCREMENT=40 ;

--
-- Dumping data for table `vehicle_maintenance_records`
--

INSERT INTO `vehicle_maintenance_records` (`id`, `device_id`, `maintenance_id`, `maint_date`, `maint_by`, `last_mileage`, `stnk_no_new`, `stnk_exp_date_new`, `stnk_tax_next_date`, `kir_exp_date_new`, `oli_mesin`, `oli_gardan`, `oli_rem`, `tuneup`, `overhaul`, `ac`, `remarks`, `created_date`, `created_by`) VALUES
(1, 90, 1, '2006-06-12 00:00:00', 'Toyota Auto2000 Bogor', 1035, NULL, NULL, NULL, NULL, 0, 0, 0, 0, 0, 0, 'Service Berkala 1.000', '2009-11-02 00:00:00', 7),
(2, 90, 1, '2006-10-07 00:00:00', 'Toyota Auto2000 Bogor', 10964, NULL, NULL, NULL, NULL, 1, 0, 0, 1, 0, 0, 'Service Berkala 10.000', '2009-11-02 00:00:00', 7),
(3, 90, 1, '2007-01-02 00:00:00', 'Toyota Auto2000 Bogor', 19887, NULL, NULL, NULL, NULL, 1, 0, 0, 1, 0, 0, 'Service Berkala 20.000', '2009-11-02 00:00:00', 7),
(4, 90, 1, '2007-04-28 00:00:00', 'Toyota Auto2000 Bogor', 29476, NULL, NULL, NULL, NULL, 1, 0, 0, 1, 0, 0, 'Service Berkala 30.000', '2009-11-02 00:00:00', 7),
(5, 90, 1, '2007-05-31 00:00:00', 'Toyota Auto2000 Bogor', NULL, NULL, NULL, '2008-06-11 00:00:00', NULL, 0, 0, 0, 0, 0, 0, 'Perpanjang STNK', '2009-11-02 00:00:00', 7),
(6, 90, 1, '2007-06-07 00:00:00', 'Toyota Auto2000 Bogor', 35178, NULL, NULL, NULL, NULL, 0, 0, 0, 0, 0, 0, 'Service Remote Alarm', '1900-01-01 00:00:00', 0),
(7, 90, 1, '2007-08-14 00:00:00', 'Toyota Auto2000 Bogor', 40111, NULL, NULL, NULL, NULL, 1, 1, 1, 1, 0, 1, 'Service Berkala 40.000', '2009-11-02 00:00:00', 7),
(8, 90, 1, '2007-12-12 00:00:00', 'Toyota Auto2000 Bogor', 49584, NULL, NULL, NULL, NULL, 1, 0, 0, 1, 0, 0, 'Service Berkala 50.000', '2009-11-02 00:00:00', 7),
(9, 90, 1, '2007-12-19 00:00:00', 'Toyota Auto2000 Bogor', 49874, NULL, NULL, NULL, NULL, 0, 0, 0, 0, 0, 0, 'Ganti ACCU', '2009-11-02 00:00:00', 7),
(10, 90, 1, '2008-05-05 00:00:00', 'Toyota Auto2000 Bogor', 60020, NULL, NULL, NULL, NULL, 1, 0, 0, 1, 0, 0, 'Service Berkala 60.000', '2009-11-02 00:00:00', 7),
(11, 90, 1, '2008-06-03 00:00:00', 'Toyota Auto2000 Bogor', NULL, NULL, NULL, '2009-06-11 00:00:00', NULL, 0, 0, 0, 0, 0, 0, 'Perpanjang STNK', '2009-11-02 00:00:00', 7),
(12, 90, 1, '2008-06-30 00:00:00', 'Toyota Auto2000 Bogor', 64718, NULL, NULL, NULL, NULL, 0, 0, 0, 0, 0, 0, 'Perbaikan power window kanan depan', '2009-11-02 00:00:00', 7),
(13, 90, 1, '2008-08-21 00:00:00', 'Toyota Auto2000 Bogor', 69844, NULL, NULL, NULL, NULL, 1, 0, 0, 1, 0, 0, 'Service Berkala 70.000', '2009-11-02 00:00:00', 7),
(14, 90, 1, '2008-12-21 00:00:00', 'Toyota Auto2000 Bogor', 80169, NULL, NULL, NULL, NULL, 1, 1, 1, 1, 0, 1, 'Service Berkala 80.000', '2009-11-02 00:00:00', 7),
(15, 90, 1, '2009-05-04 00:00:00', 'Toyota Auto2000 Bogor', 90940, NULL, NULL, NULL, NULL, 1, 0, 0, 1, 0, 0, 'Service Berkala 90.000', '2009-11-02 00:00:00', 7),
(16, 90, 1, '2009-06-10 00:00:00', 'Toyota Auto2000 Bogor', NULL, NULL, NULL, '2010-06-11 00:00:00', NULL, 0, 0, 0, 0, 0, 0, 'Perpanjang STNK', '2009-11-02 00:00:00', 7),
(17, 90, 1, '2009-07-31 00:00:00', 'Toyota Auto2000 Bogor', 100335, NULL, NULL, NULL, NULL, 1, 0, 0, 1, 0, 0, 'Service Berkala 100.000', '2009-11-02 00:00:00', 7),
(18, 90, 1, '2009-09-18 00:00:00', 'Toyota Auto2000 Bogor', 105115, NULL, NULL, NULL, NULL, 0, 0, 0, 0, 0, 0, 'Pengecekan ECU', '2009-11-02 00:00:00', 7),
(19, 90, 1, '2009-10-06 00:00:00', 'Toyota Auto2000 Bogor', 106331, NULL, NULL, NULL, NULL, 0, 0, 0, 0, 0, 0, 'Pergantian ECU', '2009-11-02 00:00:00', 7),
(20, 91, 2, '2009-11-09 00:00:00', 'self', 0, NULL, NULL, NULL, NULL, 1, 1, 1, 1, 1, 1, 'test', '2009-11-09 09:22:38', 7),
(21, 90, 1, '2009-11-09 00:00:00', 'grwenas', 109862, NULL, NULL, NULL, NULL, NULL, NULL, NULL, NULL, NULL, NULL, NULL, '2009-11-09 12:35:30', 7),
(22, 85, 0, '2009-11-11 00:00:00', 'natan', 14267.7, '15466243', '2009-11-12 00:00:00', NULL, NULL, 1, NULL, NULL, NULL, NULL, NULL, 'coba\n', '2009-11-11 05:14:02', 9),
(23, 82, 5, '2010-02-23 00:00:00', 'natan', 11402.5, '', NULL, NULL, NULL, 0, 0, 0, 0, 0, 0, '', '2010-02-23 18:44:32', 12),
(24, 82, 5, '2010-03-01 00:00:00', 'adm', 13145.6, '12345', '2010-04-24 00:00:00', '2010-04-24 00:00:00', '2010-04-05 00:00:00', 0, 0, 0, 0, 0, 0, '', '2010-03-01 13:50:08', 12),
(25, 87, 6, '2010-03-01 00:00:00', 'adm', 39471.6, '', NULL, '2010-11-10 00:00:00', '2010-03-08 00:00:00', 0, 0, 0, 0, 0, 0, '', '2010-03-01 13:52:32', 12),
(26, 72, 7, '2010-03-01 00:00:00', 'adm', 25860.5, '', NULL, '2010-08-14 00:00:00', '2010-07-29 00:00:00', 0, 0, 0, 0, 0, 0, '', '2010-03-01 13:55:23', 12),
(27, 75, 8, '2010-03-01 00:00:00', '12345', 34870.6, '', NULL, '2010-08-23 00:00:00', '2010-07-25 00:00:00', 0, 0, 0, 0, 0, 0, '', '2010-03-01 13:58:01', 12),
(28, 112, 9, '2010-03-10 00:00:00', 'Natan', 30142, '', NULL, NULL, NULL, 0, 0, 0, 0, 0, 0, 'Natan', '2010-03-10 09:07:04', 9),
(29, 112, 9, '2010-03-10 00:00:00', 'natan', 30217, '', NULL, NULL, NULL, 0, 0, 0, 0, 0, 0, '', '2010-03-10 10:54:58', 27),
(30, 112, 9, '2010-03-10 00:00:00', 'natan', 30237, '', NULL, NULL, NULL, 0, 0, 0, 0, 0, 0, '', '2010-03-10 12:09:32', 27),
(31, 112, 9, '2010-03-10 00:00:00', 'natan', 30277, '', NULL, NULL, NULL, 0, 0, 0, 0, 0, 0, '', '2010-03-10 15:16:57', 27),
(32, 106, 0, '2010-03-12 00:00:00', 'TRAC SANGATTA', 0, '', NULL, NULL, NULL, 0, 0, 0, 0, 0, 0, '', '2010-03-12 16:15:28', 28),
(33, 106, 10, '2010-03-12 00:00:00', 'TRAC Sangatta', 0, '', NULL, NULL, NULL, 1, 1, 1, 1, 1, 1, '', '2010-03-12 16:17:57', 28),
(34, 82, 5, '2010-03-30 00:00:00', 'Nugie', 16497.3, '', NULL, NULL, NULL, 0, 0, 0, 0, 0, 0, '', '2010-03-30 11:56:13', 9),
(35, 91, 2, '2010-05-18 00:00:00', 'natan', 2100, '', NULL, NULL, NULL, 1, 1, 1, 0, 1, 0, 'ganti kopling\n', '2010-05-18 19:09:02', 9),
(36, 112, 9, '2010-05-19 00:00:00', 'Natan', 60000, 'e409tr0we', '2011-05-19 00:00:00', NULL, NULL, 1, 1, 1, 1, 1, 1, 'Tire, Other spare part', '2010-05-19 23:11:28', 22),
(37, 277, 12, '2011-09-17 00:00:00', 'dedy', 2247.9, '123', '2011-09-17 00:00:00', '2011-09-21 00:00:00', NULL, 0, 0, 0, 0, 0, 0, 'test', '2011-09-17 14:17:20', 17),
(38, 277, 12, '2011-09-17 00:00:00', 'dedy 2', 2247.9, '123', '2011-09-21 00:00:00', NULL, NULL, 1, 0, 0, 1, 0, 0, '', '2011-09-17 14:20:46', 17),
(39, 277, 12, '2011-09-17 00:00:00', 'dedy', 2247.9, '123', '2011-10-17 00:00:00', NULL, NULL, 0, 0, 0, 0, 0, 0, 'asdsd', '2011-09-17 15:18:00', 17);

-- --------------------------------------------------------

--
-- Table structure for table `vendors`
--

CREATE TABLE IF NOT EXISTS `vendors` (
  `id` bigint(19) NOT NULL AUTO_INCREMENT,
  `secret_code` varchar(50) DEFAULT NULL,
  `vendor_code` varchar(30) DEFAULT NULL,
  `company_name` varchar(255) NOT NULL,
  `address` varchar(60) DEFAULT NULL,
  `city` varchar(50) DEFAULT NULL,
  `region` varchar(50) DEFAULT NULL,
  `postal_code` varchar(10) DEFAULT NULL,
  `country` varchar(50) DEFAULT NULL,
  `phone` varchar(24) DEFAULT NULL,
  `fax` varchar(24) DEFAULT NULL,
  `website` varchar(255) DEFAULT NULL,
  `is_active` tinyint(4) DEFAULT NULL,
  `contact_name` varchar(255) DEFAULT NULL,
  `contact_title` varchar(30) DEFAULT NULL,
  `contact_phone` varchar(50) DEFAULT NULL,
  `contact_fax` varchar(50) DEFAULT NULL,
  `contact_email` varchar(255) DEFAULT NULL,
  PRIMARY KEY (`id`),
  UNIQUE KEY `IX_vendors` (`secret_code`),
  UNIQUE KEY `IX_vendors_1` (`vendor_code`)
) ENGINE=InnoDB DEFAULT CHARSET=latin1 AUTO_INCREMENT=1 ;

--
-- Dumping data for table `vendors`
--


-- --------------------------------------------------------

--
-- Table structure for table `words`
--

CREATE TABLE IF NOT EXISTS `words` (
  `word` varchar(255) NOT NULL,
  `language` varchar(5) NOT NULL DEFAULT '',
  `translation` varchar(255) DEFAULT NULL,
  PRIMARY KEY (`word`)
) ENGINE=InnoDB DEFAULT CHARSET=latin1;

--
-- Dumping data for table `words`
--

INSERT INTO `words` (`word`, `language`, `translation`) VALUES
('Group', 'id', 'grup'),
('Module', 'id', 'modul'),
('Word', 'id', 'Kata');

--
-- Constraints for dumped tables
--

--
-- Constraints for table `devices`
--
ALTER TABLE `devices`
  ADD CONSTRAINT `FK_device_device_type` FOREIGN KEY (`device_type_id`) REFERENCES `device_type` (`id`) ON DELETE NO ACTION ON UPDATE CASCADE;

--
-- Constraints for table `device_groups`
--
ALTER TABLE `device_groups`
  ADD CONSTRAINT `FK_device_groups_customers` FOREIGN KEY (`customer_id`) REFERENCES `customers` (`id`) ON DELETE NO ACTION ON UPDATE CASCADE;

--
-- Constraints for table `device_group_devices`
--
ALTER TABLE `device_group_devices`
  ADD CONSTRAINT `FK_device_group_devices_devices` FOREIGN KEY (`device_id`) REFERENCES `devices` (`id`) ON DELETE CASCADE ON UPDATE CASCADE,
  ADD CONSTRAINT `FK_device_group_devices_device_groups` FOREIGN KEY (`device_group_id`) REFERENCES `device_groups` (`id`) ON DELETE CASCADE ON UPDATE CASCADE;

--
-- Constraints for table `group_menus`
--
ALTER TABLE `group_menus`
  ADD CONSTRAINT `fk_adm_group_menu2` FOREIGN KEY (`menu_id`) REFERENCES `menus` (`id`) ON DELETE CASCADE ON UPDATE CASCADE,
  ADD CONSTRAINT `FK_group_menus_groups` FOREIGN KEY (`group_id`) REFERENCES `groups` (`id`) ON DELETE CASCADE ON UPDATE CASCADE;

--
-- Constraints for table `menus`
--
ALTER TABLE `menus`
  ADD CONSTRAINT `fk_adm_menu` FOREIGN KEY (`module_id`) REFERENCES `modules` (`id`) ON DELETE CASCADE ON UPDATE CASCADE;

--
-- Constraints for table `user_groups`
--
ALTER TABLE `user_groups`
  ADD CONSTRAINT `FK_user_groups_groups` FOREIGN KEY (`group_id`) REFERENCES `groups` (`id`) ON DELETE NO ACTION ON UPDATE CASCADE,
  ADD CONSTRAINT `FK_user_groups_users` FOREIGN KEY (`user_id`) REFERENCES `users` (`id`) ON DELETE NO ACTION ON UPDATE CASCADE;
